0:0:0:0:0:0:0:1 - - [24/Dec/2025:00:18:36 +0700] "OPTIONS /api/v1/movies HTTP/1.1" 200 - 5566
0:0:0:0:0:0:0:1 - - [24/Dec/2025:00:18:36 +0700] "POST /api/v1/movies HTTP/1.1" 500 340 51410
0:0:0:0:0:0:0:1 - - [24/Dec/2025:00:18:36 +0700] "POST /api/v1/movies HTTP/1.1" 500 340 70462
0:0:0:0:0:0:0:1 - - [24/Dec/2025:00:26:24 +0700] "OPTIONS /api/v1/movies HTTP/1.1" 200 - 2605
0:0:0:0:0:0:0:1 - - [24/Dec/2025:00:26:24 +0700] "POST /api/v1/movies HTTP/1.1" 201 1106 157710
0:0:0:0:0:0:0:1 - - [24/Dec/2025:00:27:08 +0700] "OPTIONS /api/v1/movies HTTP/1.1" 200 - 2372
0:0:0:0:0:0:0:1 - - [24/Dec/2025:00:27:08 +0700] "POST /api/v1/movies HTTP/1.1" 201 1334 77142
0:0:0:0:0:0:0:1 - - [24/Dec/2025:00:28:42 +0700] "OPTIONS /api/v1/movies HTTP/1.1" 200 - 2581
0:0:0:0:0:0:0:1 - - [24/Dec/2025:00:28:43 +0700] "POST /api/v1/movies HTTP/1.1" 201 1527 68581
0:0:0:0:0:0:0:1 - - [24/Dec/2025:00:29:38 +0700] "OPTIONS /api/v1/movies HTTP/1.1" 200 - 2263
0:0:0:0:0:0:0:1 - - [24/Dec/2025:00:29:38 +0700] "POST /api/v1/movies HTTP/1.1" 201 754 58029
0:0:0:0:0:0:0:1 - - [24/Dec/2025:00:33:24 +0700] "OPTIONS /api/v1/movies HTTP/1.1" 200 - 2182
0:0:0:0:0:0:0:1 - - [24/Dec/2025:00:33:24 +0700] "POST /api/v1/movies HTTP/1.1" 201 1115 56187
0:0:0:0:0:0:0:1 - - [24/Dec/2025:00:33:35 +0700] "OPTIONS /api/v1/movies HTTP/1.1" 200 - 3236
0:0:0:0:0:0:0:1 - - [24/Dec/2025:00:33:35 +0700] "POST /api/v1/movies HTTP/1.1" 201 1212 62425
0:0:0:0:0:0:0:1 - - [24/Dec/2025:00:34:20 +0700] "OPTIONS /api/v1/movies HTTP/1.1" 200 - 1357
0:0:0:0:0:0:0:1 - - [24/Dec/2025:00:34:20 +0700] "POST /api/v1/movies HTTP/1.1" 201 812 47652
0:0:0:0:0:0:0:1 - - [24/Dec/2025:00:34:24 +0700] "POST /api/v1/movies HTTP/1.1" 201 1666 48168
0:0:0:0:0:0:0:1 - - [24/Dec/2025:00:34:32 +0700] "OPTIONS /api/v1/movies HTTP/1.1" 200 - 1519
0:0:0:0:0:0:0:1 - - [24/Dec/2025:00:34:32 +0700] "POST /api/v1/movies HTTP/1.1" 201 1197 47247
0:0:0:0:0:0:0:1 - - [24/Dec/2025:00:34:37 +0700] "POST /api/v1/movies HTTP/1.1" 201 880 50195
0:0:0:0:0:0:0:1 - - [24/Dec/2025:00:34:48 +0700] "OPTIONS /api/v1/movies HTTP/1.1" 200 - 1452
0:0:0:0:0:0:0:1 - - [24/Dec/2025:00:34:48 +0700] "POST /api/v1/movies HTTP/1.1" 201 1266 49548
0:0:0:0:0:0:0:1 - - [24/Dec/2025:00:34:53 +0700] "POST /api/v1/movies HTTP/1.1" 201 835 38638
0:0:0:0:0:0:0:1 - - [24/Dec/2025:00:34:56 +0700] "OPTIONS /api/v1/movies HTTP/1.1" 200 - 1251
0:0:0:0:0:0:0:1 - - [24/Dec/2025:00:34:56 +0700] "POST /api/v1/movies HTTP/1.1" 201 827 50931
0:0:0:0:0:0:0:1 - - [24/Dec/2025:00:35:00 +0700] "POST /api/v1/movies HTTP/1.1" 201 1112 52203
0:0:0:0:0:0:0:1 - - [24/Dec/2025:00:35:04 +0700] "OPTIONS /api/v1/movies HTTP/1.1" 200 - 1541
0:0:0:0:0:0:0:1 - - [24/Dec/2025:00:35:04 +0700] "POST /api/v1/movies HTTP/1.1" 201 1204 33592
0:0:0:0:0:0:0:1 - - [24/Dec/2025:00:35:28 +0700] "OPTIONS /api/v1/movies HTTP/1.1" 200 - 1697
0:0:0:0:0:0:0:1 - - [24/Dec/2025:00:35:28 +0700] "POST /api/v1/movies HTTP/1.1" 201 1078 64640
0:0:0:0:0:0:0:1 - - [24/Dec/2025:00:35:43 +0700] "OPTIONS /api/v1/movies HTTP/1.1" 200 - 2815
0:0:0:0:0:0:0:1 - - [24/Dec/2025:00:35:43 +0700] "POST /api/v1/movies HTTP/1.1" 201 1240 48745
0:0:0:0:0:0:0:1 - - [24/Dec/2025:00:35:58 +0700] "OPTIONS /api/v1/movies HTTP/1.1" 200 - 1467
0:0:0:0:0:0:0:1 - - [24/Dec/2025:00:35:58 +0700] "POST /api/v1/movies HTTP/1.1" 201 1594 38034
0:0:0:0:0:0:0:1 - - [24/Dec/2025:00:36:03 +0700] "OPTIONS /api/v1/movies HTTP/1.1" 200 - 1687
0:0:0:0:0:0:0:1 - - [24/Dec/2025:00:36:03 +0700] "POST /api/v1/movies HTTP/1.1" 201 1391 69089
0:0:0:0:0:0:0:1 - - [24/Dec/2025:00:36:19 +0700] "OPTIONS /api/v1/movies HTTP/1.1" 200 - 881
0:0:0:0:0:0:0:1 - - [24/Dec/2025:00:36:19 +0700] "POST /api/v1/movies HTTP/1.1" 201 815 30755
0:0:0:0:0:0:0:1 - - [24/Dec/2025:00:36:24 +0700] "OPTIONS /api/v1/movies HTTP/1.1" 200 - 1380
0:0:0:0:0:0:0:1 - - [24/Dec/2025:00:36:24 +0700] "POST /api/v1/movies HTTP/1.1" 500 539 90698
0:0:0:0:0:0:0:1 - - [24/Dec/2025:00:36:29 +0700] "OPTIONS /api/v1/movies HTTP/1.1" 200 - 1001
0:0:0:0:0:0:0:1 - - [24/Dec/2025:00:36:29 +0700] "POST /api/v1/movies HTTP/1.1" 201 1713 47163
0:0:0:0:0:0:0:1 - - [24/Dec/2025:00:36:35 +0700] "OPTIONS /api/v1/movies HTTP/1.1" 200 - 1373
0:0:0:0:0:0:0:1 - - [24/Dec/2025:00:36:35 +0700] "POST /api/v1/movies HTTP/1.1" 201 891 35620
0:0:0:0:0:0:0:1 - - [24/Dec/2025:00:36:36 +0700] "POST /api/v1/movies HTTP/1.1" 409 181 40390
0:0:0:0:0:0:0:1 - - [24/Dec/2025:00:36:41 +0700] "OPTIONS /api/v1/movies HTTP/1.1" 200 - 1861
0:0:0:0:0:0:0:1 - - [24/Dec/2025:00:36:41 +0700] "POST /api/v1/movies HTTP/1.1" 201 1489 38680
0:0:0:0:0:0:0:1 - - [24/Dec/2025:00:36:47 +0700] "OPTIONS /api/v1/movies HTTP/1.1" 200 - 1466
0:0:0:0:0:0:0:1 - - [24/Dec/2025:00:36:47 +0700] "POST /api/v1/movies HTTP/1.1" 409 203 18493
0:0:0:0:0:0:0:1 - - [24/Dec/2025:00:36:55 +0700] "OPTIONS /api/v1/movies HTTP/1.1" 200 - 1003
0:0:0:0:0:0:0:1 - - [24/Dec/2025:00:36:55 +0700] "POST /api/v1/movies HTTP/1.1" 201 1078 38994
0:0:0:0:0:0:0:1 - - [24/Dec/2025:00:37:01 +0700] "OPTIONS /api/v1/movies HTTP/1.1" 200 - 976
0:0:0:0:0:0:0:1 - - [24/Dec/2025:00:37:01 +0700] "POST /api/v1/movies HTTP/1.1" 201 1524 61143
0:0:0:0:0:0:0:1 - - [24/Dec/2025:00:37:05 +0700] "POST /api/v1/movies HTTP/1.1" 201 1095 48209
0:0:0:0:0:0:0:1 - - [24/Dec/2025:00:37:10 +0700] "OPTIONS /api/v1/movies HTTP/1.1" 200 - 893
0:0:0:0:0:0:0:1 - - [24/Dec/2025:00:37:10 +0700] "POST /api/v1/movies HTTP/1.1" 201 1326 33412
0:0:0:0:0:0:0:1 - - [24/Dec/2025:00:37:14 +0700] "POST /api/v1/movies HTTP/1.1" 201 2069 33963
0:0:0:0:0:0:0:1 - - [24/Dec/2025:00:37:50 +0700] "OPTIONS /api/v1/movies HTTP/1.1" 200 - 2745
0:0:0:0:0:0:0:1 - - [24/Dec/2025:00:37:50 +0700] "POST /api/v1/movies HTTP/1.1" 409 171 9142
0:0:0:0:0:0:0:1 - - [24/Dec/2025:00:37:52 +0700] "POST /api/v1/movies HTTP/1.1" 409 185 10747
0:0:0:0:0:0:0:1 - - [24/Dec/2025:00:38:02 +0700] "OPTIONS /api/v1/movies HTTP/1.1" 200 - 1594
0:0:0:0:0:0:0:1 - - [24/Dec/2025:00:38:02 +0700] "POST /api/v1/movies HTTP/1.1" 500 540 12849
0:0:0:0:0:0:0:1 - - [24/Dec/2025:00:38:06 +0700] "POST /api/v1/movies HTTP/1.1" 201 1234 34908
0:0:0:0:0:0:0:1 - - [24/Dec/2025:00:38:09 +0700] "OPTIONS /api/v1/movies HTTP/1.1" 200 - 1041
0:0:0:0:0:0:0:1 - - [24/Dec/2025:00:38:09 +0700] "POST /api/v1/movies HTTP/1.1" 201 1182 30954
0:0:0:0:0:0:0:1 - - [24/Dec/2025:00:38:13 +0700] "POST /api/v1/movies HTTP/1.1" 201 1248 47281
0:0:0:0:0:0:0:1 - - [24/Dec/2025:00:38:19 +0700] "OPTIONS /api/v1/movies HTTP/1.1" 200 - 910
0:0:0:0:0:0:0:1 - - [24/Dec/2025:00:38:19 +0700] "POST /api/v1/movies HTTP/1.1" 201 1635 46012
0:0:0:0:0:0:0:1 - - [24/Dec/2025:00:38:22 +0700] "POST /api/v1/movies HTTP/1.1" 201 939 48943
0:0:0:0:0:0:0:1 - - [24/Dec/2025:00:38:27 +0700] "OPTIONS /api/v1/movies HTTP/1.1" 200 - 1041
0:0:0:0:0:0:0:1 - - [24/Dec/2025:00:38:27 +0700] "POST /api/v1/movies HTTP/1.1" 201 1365 54471
0:0:0:0:0:0:0:1 - - [24/Dec/2025:00:38:42 +0700] "OPTIONS /api/v1/movies HTTP/1.1" 200 - 1102
0:0:0:0:0:0:0:1 - - [24/Dec/2025:00:38:42 +0700] "POST /api/v1/movies HTTP/1.1" 201 1222 45561
0:0:0:0:0:0:0:1 - - [24/Dec/2025:00:38:50 +0700] "OPTIONS /api/v1/movies HTTP/1.1" 200 - 1436
0:0:0:0:0:0:0:1 - - [24/Dec/2025:00:38:51 +0700] "POST /api/v1/movies HTTP/1.1" 201 1016 52601
0:0:0:0:0:0:0:1 - - [24/Dec/2025:00:38:59 +0700] "OPTIONS /api/v1/movies HTTP/1.1" 200 - 1643
0:0:0:0:0:0:0:1 - - [24/Dec/2025:00:38:59 +0700] "POST /api/v1/movies HTTP/1.1" 201 1288 51343
0:0:0:0:0:0:0:1 - - [24/Dec/2025:00:39:04 +0700] "OPTIONS /api/v1/movies HTTP/1.1" 200 - 826
0:0:0:0:0:0:0:1 - - [24/Dec/2025:00:39:04 +0700] "POST /api/v1/movies HTTP/1.1" 201 1734 25582
0:0:0:0:0:0:0:1 - - [24/Dec/2025:00:39:11 +0700] "OPTIONS /api/v1/movies HTTP/1.1" 200 - 1213
0:0:0:0:0:0:0:1 - - [24/Dec/2025:00:39:11 +0700] "POST /api/v1/movies HTTP/1.1" 201 1551 48155
0:0:0:0:0:0:0:1 - - [24/Dec/2025:00:40:08 +0700] "OPTIONS /api/v1/movies HTTP/1.1" 200 - 982
0:0:0:0:0:0:0:1 - - [24/Dec/2025:00:40:08 +0700] "POST /api/v1/movies HTTP/1.1" 201 1239 38758
0:0:0:0:0:0:0:1 - - [24/Dec/2025:00:40:14 +0700] "OPTIONS /api/v1/movies HTTP/1.1" 200 - 912
0:0:0:0:0:0:0:1 - - [24/Dec/2025:00:40:14 +0700] "POST /api/v1/movies HTTP/1.1" 201 871 53662
0:0:0:0:0:0:0:1 - - [24/Dec/2025:00:40:18 +0700] "POST /api/v1/movies HTTP/1.1" 201 824 37572
0:0:0:0:0:0:0:1 - - [24/Dec/2025:00:40:21 +0700] "OPTIONS /api/v1/movies HTTP/1.1" 200 - 868
0:0:0:0:0:0:0:1 - - [24/Dec/2025:00:40:21 +0700] "POST /api/v1/movies HTTP/1.1" 500 540 11164
0:0:0:0:0:0:0:1 - - [24/Dec/2025:00:40:26 +0700] "POST /api/v1/movies HTTP/1.1" 201 946 37616
0:0:0:0:0:0:0:1 - - [24/Dec/2025:00:40:51 +0700] "OPTIONS /api/v1/movies HTTP/1.1" 200 - 1089
0:0:0:0:0:0:0:1 - - [24/Dec/2025:00:40:52 +0700] "POST /api/v1/movies HTTP/1.1" 201 1178 33376
0:0:0:0:0:0:0:1 - - [24/Dec/2025:00:40:54 +0700] "POST /api/v1/movies HTTP/1.1" 201 784 26135
0:0:0:0:0:0:0:1 - - [24/Dec/2025:00:41:00 +0700] "OPTIONS /api/v1/movies HTTP/1.1" 200 - 909
0:0:0:0:0:0:0:1 - - [24/Dec/2025:00:41:00 +0700] "POST /api/v1/movies HTTP/1.1" 201 1104 25608
0:0:0:0:0:0:0:1 - - [24/Dec/2025:00:41:05 +0700] "POST /api/v1/movies HTTP/1.1" 201 1230 47280
0:0:0:0:0:0:0:1 - - [24/Dec/2025:00:41:05 +0700] "POST /api/v1/movies HTTP/1.1" 201 1304 40918
0:0:0:0:0:0:0:1 - - [24/Dec/2025:00:41:12 +0700] "OPTIONS /api/v1/movies HTTP/1.1" 200 - 1669
0:0:0:0:0:0:0:1 - - [24/Dec/2025:00:41:12 +0700] "POST /api/v1/movies HTTP/1.1" 201 1116 58484
0:0:0:0:0:0:0:1 - - [24/Dec/2025:00:41:13 +0700] "POST /api/v1/movies HTTP/1.1" 201 954 37068
0:0:0:0:0:0:0:1 - - [24/Dec/2025:00:41:13 +0700] "POST /api/v1/movies HTTP/1.1" 201 1263 47491
0:0:0:0:0:0:0:1 - - [24/Dec/2025:00:41:13 +0700] "POST /api/v1/movies HTTP/1.1" 201 1472 43106
0:0:0:0:0:0:0:1 - - [24/Dec/2025:00:41:17 +0700] "OPTIONS /api/v1/movies HTTP/1.1" 200 - 944
0:0:0:0:0:0:0:1 - - [24/Dec/2025:00:41:17 +0700] "POST /api/v1/movies HTTP/1.1" 201 905 37286
0:0:0:0:0:0:0:1 - - [24/Dec/2025:00:42:01 +0700] "OPTIONS /api/v1/movies HTTP/1.1" 200 - 863
0:0:0:0:0:0:0:1 - - [24/Dec/2025:00:42:01 +0700] "POST /api/v1/movies HTTP/1.1" 201 1551 36537
0:0:0:0:0:0:0:1 - - [24/Dec/2025:00:42:06 +0700] "POST /api/v1/movies HTTP/1.1" 201 1051 57513
0:0:0:0:0:0:0:1 - - [24/Dec/2025:00:42:07 +0700] "OPTIONS /api/v1/movies HTTP/1.1" 200 - 711
0:0:0:0:0:0:0:1 - - [24/Dec/2025:00:42:07 +0700] "POST /api/v1/movies HTTP/1.1" 201 998 25582
0:0:0:0:0:0:0:1 - - [24/Dec/2025:00:42:08 +0700] "POST /api/v1/movies HTTP/1.1" 201 1591 38096
0:0:0:0:0:0:0:1 - - [24/Dec/2025:00:42:13 +0700] "OPTIONS /api/v1/movies HTTP/1.1" 200 - 2113
0:0:0:0:0:0:0:1 - - [24/Dec/2025:00:42:13 +0700] "POST /api/v1/movies HTTP/1.1" 409 186 12937
0:0:0:0:0:0:0:1 - - [24/Dec/2025:00:42:17 +0700] "POST /api/v1/movies HTTP/1.1" 201 1083 33943
0:0:0:0:0:0:0:1 - - [24/Dec/2025:00:42:19 +0700] "OPTIONS /api/v1/movies HTTP/1.1" 200 - 1570
0:0:0:0:0:0:0:1 - - [24/Dec/2025:00:42:19 +0700] "POST /api/v1/movies HTTP/1.1" 201 850 39290
0:0:0:0:0:0:0:1 - - [24/Dec/2025:00:42:24 +0700] "POST /api/v1/movies HTTP/1.1" 201 1202 35002
0:0:0:0:0:0:0:1 - - [24/Dec/2025:00:42:25 +0700] "OPTIONS /api/v1/movies HTTP/1.1" 200 - 1249
0:0:0:0:0:0:0:1 - - [24/Dec/2025:00:42:25 +0700] "OPTIONS /api/v1/movies HTTP/1.1" 200 - 991
0:0:0:0:0:0:0:1 - - [24/Dec/2025:00:42:26 +0700] "POST /api/v1/movies HTTP/1.1" 201 1738 37660
0:0:0:0:0:0:0:1 - - [24/Dec/2025:00:42:26 +0700] "POST /api/v1/movies HTTP/1.1" 201 907 38258
0:0:0:0:0:0:0:1 - - [24/Dec/2025:00:42:30 +0700] "POST /api/v1/movies HTTP/1.1" 201 923 49884
0:0:0:0:0:0:0:1 - - [24/Dec/2025:00:42:30 +0700] "OPTIONS /api/v1/movies HTTP/1.1" 200 - 1514
0:0:0:0:0:0:0:1 - - [24/Dec/2025:00:42:31 +0700] "POST /api/v1/movies HTTP/1.1" 201 1456 40281
0:0:0:0:0:0:0:1 - - [24/Dec/2025:00:42:34 +0700] "POST /api/v1/movies HTTP/1.1" 409 186 12338
0:0:0:0:0:0:0:1 - - [24/Dec/2025:00:42:39 +0700] "OPTIONS /api/v1/movies HTTP/1.1" 200 - 2609
0:0:0:0:0:0:0:1 - - [24/Dec/2025:00:42:39 +0700] "POST /api/v1/movies HTTP/1.1" 201 891 64027
0:0:0:0:0:0:0:1 - - [24/Dec/2025:00:42:40 +0700] "POST /api/v1/movies HTTP/1.1" 201 1100 47418
0:0:0:0:0:0:0:1 - - [24/Dec/2025:00:42:40 +0700] "POST /api/v1/movies HTTP/1.1" 201 1275 48129
0:0:0:0:0:0:0:1 - - [24/Dec/2025:00:42:42 +0700] "POST /api/v1/movies HTTP/1.1" 500 539 12533
0:0:0:0:0:0:0:1 - - [24/Dec/2025:00:42:43 +0700] "POST /api/v1/movies HTTP/1.1" 201 1710 49683
0:0:0:0:0:0:0:1 - - [24/Dec/2025:00:42:48 +0700] "OPTIONS /api/v1/movies HTTP/1.1" 200 - 1460
0:0:0:0:0:0:0:1 - - [24/Dec/2025:00:42:48 +0700] "POST /api/v1/movies HTTP/1.1" 201 2184 37354
0:0:0:0:0:0:0:1 - - [24/Dec/2025:00:42:49 +0700] "POST /api/v1/movies HTTP/1.1" 201 815 40037
0:0:0:0:0:0:0:1 - - [24/Dec/2025:00:42:51 +0700] "POST /api/v1/movies HTTP/1.1" 409 169 13272
0:0:0:0:0:0:0:1 - - [24/Dec/2025:00:42:53 +0700] "POST /api/v1/movies HTTP/1.1" 500 540 11739
0:0:0:0:0:0:0:1 - - [24/Dec/2025:00:42:56 +0700] "OPTIONS /api/v1/movies HTTP/1.1" 200 - 1380
0:0:0:0:0:0:0:1 - - [24/Dec/2025:00:42:56 +0700] "POST /api/v1/movies HTTP/1.1" 500 540 12640
0:0:0:0:0:0:0:1 - - [24/Dec/2025:00:43:00 +0700] "POST /api/v1/movies HTTP/1.1" 409 169 13861
0:0:0:0:0:0:0:1 - - [24/Dec/2025:00:43:20 +0700] "OPTIONS /api/v1/movies HTTP/1.1" 200 - 1161
0:0:0:0:0:0:0:1 - - [24/Dec/2025:00:43:20 +0700] "POST /api/v1/movies HTTP/1.1" 201 1265 44657
0:0:0:0:0:0:0:1 - - [24/Dec/2025:00:43:21 +0700] "POST /api/v1/movies HTTP/1.1" 201 1196 34767
0:0:0:0:0:0:0:1 - - [24/Dec/2025:00:43:22 +0700] "POST /api/v1/movies HTTP/1.1" 201 1071 31601
0:0:0:0:0:0:0:1 - - [24/Dec/2025:00:43:24 +0700] "POST /api/v1/movies HTTP/1.1" 201 780 27466
0:0:0:0:0:0:0:1 - - [24/Dec/2025:00:43:30 +0700] "OPTIONS /api/v1/movies HTTP/1.1" 200 - 1364
0:0:0:0:0:0:0:1 - - [24/Dec/2025:00:43:30 +0700] "OPTIONS /api/v1/movies HTTP/1.1" 200 - 1687
0:0:0:0:0:0:0:1 - - [24/Dec/2025:00:43:30 +0700] "POST /api/v1/movies HTTP/1.1" 201 1089 41352
0:0:0:0:0:0:0:1 - - [24/Dec/2025:00:43:30 +0700] "POST /api/v1/movies HTTP/1.1" 201 852 56506
0:0:0:0:0:0:0:1 - - [24/Dec/2025:00:43:31 +0700] "POST /api/v1/movies HTTP/1.1" 201 1320 27440
0:0:0:0:0:0:0:1 - - [24/Dec/2025:00:43:32 +0700] "POST /api/v1/movies HTTP/1.1" 500 540 13429
0:0:0:0:0:0:0:1 - - [24/Dec/2025:00:43:32 +0700] "POST /api/v1/movies HTTP/1.1" 201 1215 46067
0:0:0:0:0:0:0:1 - - [24/Dec/2025:00:43:33 +0700] "POST /api/v1/movies HTTP/1.1" 201 1100 45780
0:0:0:0:0:0:0:1 - - [24/Dec/2025:00:43:33 +0700] "POST /api/v1/movies HTTP/1.1" 201 2254 44695
0:0:0:0:0:0:0:1 - - [24/Dec/2025:00:43:33 +0700] "POST /api/v1/movies HTTP/1.1" 201 1272 50188
0:0:0:0:0:0:0:1 - - [24/Dec/2025:00:43:39 +0700] "OPTIONS /api/v1/movies HTTP/1.1" 200 - 1005
0:0:0:0:0:0:0:1 - - [24/Dec/2025:00:43:39 +0700] "POST /api/v1/movies HTTP/1.1" 201 886 44635
0:0:0:0:0:0:0:1 - - [24/Dec/2025:00:43:39 +0700] "POST /api/v1/movies HTTP/1.1" 201 830 33827
0:0:0:0:0:0:0:1 - - [24/Dec/2025:00:43:41 +0700] "POST /api/v1/movies HTTP/1.1" 201 1300 34757
0:0:0:0:0:0:0:1 - - [24/Dec/2025:00:43:44 +0700] "OPTIONS /api/v1/movies HTTP/1.1" 200 - 1029
0:0:0:0:0:0:0:1 - - [24/Dec/2025:00:43:44 +0700] "POST /api/v1/movies HTTP/1.1" 201 1545 50324
0:0:0:0:0:0:0:1 - - [24/Dec/2025:00:43:46 +0700] "POST /api/v1/movies HTTP/1.1" 201 1069 62263
0:0:0:0:0:0:0:1 - - [24/Dec/2025:00:43:47 +0700] "POST /api/v1/movies HTTP/1.1" 201 1578 40148
0:0:0:0:0:0:0:1 - - [24/Dec/2025:00:43:48 +0700] "POST /api/v1/movies HTTP/1.1" 201 1435 42852
0:0:0:0:0:0:0:1 - - [24/Dec/2025:00:44:05 +0700] "OPTIONS /api/v1/movies HTTP/1.1" 200 - 683
0:0:0:0:0:0:0:1 - - [24/Dec/2025:00:44:05 +0700] "POST /api/v1/movies HTTP/1.1" 201 1570 17828
0:0:0:0:0:0:0:1 - - [24/Dec/2025:00:44:24 +0700] "OPTIONS /api/v1/movies HTTP/1.1" 200 - 948
0:0:0:0:0:0:0:1 - - [24/Dec/2025:00:44:24 +0700] "POST /api/v1/movies HTTP/1.1" 201 1710 20588
0:0:0:0:0:0:0:1 - - [24/Dec/2025:00:44:28 +0700] "POST /api/v1/movies HTTP/1.1" 201 1603 31231
0:0:0:0:0:0:0:1 - - [24/Dec/2025:00:44:31 +0700] "OPTIONS /api/v1/movies HTTP/1.1" 200 - 647
0:0:0:0:0:0:0:1 - - [24/Dec/2025:00:44:31 +0700] "POST /api/v1/movies HTTP/1.1" 201 1336 30756
0:0:0:0:0:0:0:1 - - [24/Dec/2025:00:44:38 +0700] "OPTIONS /api/v1/movies HTTP/1.1" 200 - 1181
0:0:0:0:0:0:0:1 - - [24/Dec/2025:00:44:38 +0700] "POST /api/v1/movies HTTP/1.1" 201 1254 38175
0:0:0:0:0:0:0:1 - - [24/Dec/2025:00:44:40 +0700] "POST /api/v1/movies HTTP/1.1" 201 1279 42330
0:0:0:0:0:0:0:1 - - [24/Dec/2025:00:44:40 +0700] "POST /api/v1/movies HTTP/1.1" 201 1342 42708
0:0:0:0:0:0:0:1 - - [24/Dec/2025:00:44:43 +0700] "OPTIONS /api/v1/movies HTTP/1.1" 200 - 815
0:0:0:0:0:0:0:1 - - [24/Dec/2025:00:44:44 +0700] "POST /api/v1/movies HTTP/1.1" 201 1523 54748
0:0:0:0:0:0:0:1 - - [24/Dec/2025:00:44:46 +0700] "POST /api/v1/movies HTTP/1.1" 201 1367 21519
0:0:0:0:0:0:0:1 - - [24/Dec/2025:00:44:47 +0700] "POST /api/v1/movies HTTP/1.1" 201 1862 25144
0:0:0:0:0:0:0:1 - - [24/Dec/2025:00:44:48 +0700] "POST /api/v1/movies HTTP/1.1" 201 1239 21533
0:0:0:0:0:0:0:1 - - [24/Dec/2025:00:44:55 +0700] "OPTIONS /api/v1/movies HTTP/1.1" 200 - 1041
0:0:0:0:0:0:0:1 - - [24/Dec/2025:00:44:55 +0700] "POST /api/v1/movies HTTP/1.1" 409 192 8614
0:0:0:0:0:0:0:1 - - [24/Dec/2025:00:44:58 +0700] "POST /api/v1/movies HTTP/1.1" 201 1345 39203
0:0:0:0:0:0:0:1 - - [24/Dec/2025:00:45:00 +0700] "POST /api/v1/movies HTTP/1.1" 201 2040 43756
0:0:0:0:0:0:0:1 - - [24/Dec/2025:00:45:01 +0700] "OPTIONS /api/v1/movies HTTP/1.1" 200 - 672
0:0:0:0:0:0:0:1 - - [24/Dec/2025:00:45:01 +0700] "OPTIONS /api/v1/movies HTTP/1.1" 200 - 761
0:0:0:0:0:0:0:1 - - [24/Dec/2025:00:45:01 +0700] "POST /api/v1/movies HTTP/1.1" 201 1671 26815
0:0:0:0:0:0:0:1 - - [24/Dec/2025:00:45:01 +0700] "POST /api/v1/movies HTTP/1.1" 201 1912 29517
0:0:0:0:0:0:0:1 - - [24/Dec/2025:00:45:06 +0700] "OPTIONS /api/v1/movies HTTP/1.1" 200 - 1500
0:0:0:0:0:0:0:1 - - [24/Dec/2025:00:45:06 +0700] "POST /api/v1/movies HTTP/1.1" 201 2030 49314
0:0:0:0:0:0:0:1 - - [24/Dec/2025:00:45:10 +0700] "POST /api/v1/movies HTTP/1.1" 409 177 8656
0:0:0:0:0:0:0:1 - - [24/Dec/2025:00:45:10 +0700] "POST /api/v1/movies HTTP/1.1" 201 1088 36975
0:0:0:0:0:0:0:1 - - [24/Dec/2025:00:45:10 +0700] "POST /api/v1/movies HTTP/1.1" 201 1106 36094
0:0:0:0:0:0:0:1 - - [24/Dec/2025:00:45:12 +0700] "OPTIONS /api/v1/movies HTTP/1.1" 200 - 778
0:0:0:0:0:0:0:1 - - [24/Dec/2025:00:45:12 +0700] "POST /api/v1/movies HTTP/1.1" 201 1234 20160
0:0:0:0:0:0:0:1 - - [24/Dec/2025:00:45:14 +0700] "POST /api/v1/movies HTTP/1.1" 409 177 11511
0:0:0:0:0:0:0:1 - - [24/Dec/2025:00:45:15 +0700] "POST /api/v1/movies HTTP/1.1" 409 179 8932
0:0:0:0:0:0:0:1 - - [24/Dec/2025:00:45:17 +0700] "POST /api/v1/movies HTTP/1.1" 409 180 9068
0:0:0:0:0:0:0:1 - - [24/Dec/2025:00:45:20 +0700] "OPTIONS /api/v1/movies HTTP/1.1" 200 - 1073
0:0:0:0:0:0:0:1 - - [24/Dec/2025:00:45:20 +0700] "POST /api/v1/movies HTTP/1.1" 409 235 8331
0:0:0:0:0:0:0:1 - - [24/Dec/2025:00:45:22 +0700] "POST /api/v1/movies HTTP/1.1" 409 187 10130
0:0:0:0:0:0:0:1 - - [24/Dec/2025:00:45:24 +0700] "POST /api/v1/movies HTTP/1.1" 409 188 10084
0:0:0:0:0:0:0:1 - - [24/Dec/2025:00:45:25 +0700] "OPTIONS /api/v1/movies HTTP/1.1" 200 - 1219
0:0:0:0:0:0:0:1 - - [24/Dec/2025:00:45:25 +0700] "POST /api/v1/movies HTTP/1.1" 409 188 11091
0:0:0:0:0:0:0:1 - - [24/Dec/2025:00:45:28 +0700] "POST /api/v1/movies HTTP/1.1" 409 184 8410
0:0:0:0:0:0:0:1 - - [24/Dec/2025:00:45:30 +0700] "OPTIONS /api/v1/movies HTTP/1.1" 200 - 1287
0:0:0:0:0:0:0:1 - - [24/Dec/2025:00:45:30 +0700] "POST /api/v1/movies HTTP/1.1" 409 213 11065
0:0:0:0:0:0:0:1 - - [24/Dec/2025:00:45:32 +0700] "POST /api/v1/movies HTTP/1.1" 409 188 10269
0:0:0:0:0:0:0:1 - - [24/Dec/2025:00:45:55 +0700] "OPTIONS /api/v1/movies HTTP/1.1" 200 - 650
0:0:0:0:0:0:0:1 - - [24/Dec/2025:00:45:55 +0700] "POST /api/v1/movies HTTP/1.1" 201 1556 13854
0:0:0:0:0:0:0:1 - - [24/Dec/2025:00:46:00 +0700] "POST /api/v1/movies HTTP/1.1" 409 207 9314
0:0:0:0:0:0:0:1 - - [24/Dec/2025:00:46:04 +0700] "OPTIONS /api/v1/movies HTTP/1.1" 200 - 646
0:0:0:0:0:0:0:1 - - [24/Dec/2025:00:46:04 +0700] "POST /api/v1/movies HTTP/1.1" 201 1451 61413
0:0:0:0:0:0:0:1 - - [24/Dec/2025:00:46:05 +0700] "POST /api/v1/movies HTTP/1.1" 201 1133 53651
0:0:0:0:0:0:0:1 - - [24/Dec/2025:00:46:05 +0700] "POST /api/v1/movies HTTP/1.1" 201 1607 56576
0:0:0:0:0:0:0:1 - - [24/Dec/2025:00:46:06 +0700] "POST /api/v1/movies HTTP/1.1" 201 1758 48245
0:0:0:0:0:0:0:1 - - [24/Dec/2025:00:46:11 +0700] "OPTIONS /api/v1/movies HTTP/1.1" 200 - 888
0:0:0:0:0:0:0:1 - - [24/Dec/2025:00:46:11 +0700] "POST /api/v1/movies HTTP/1.1" 201 865 48231
0:0:0:0:0:0:0:1 - - [24/Dec/2025:00:46:12 +0700] "POST /api/v1/movies HTTP/1.1" 201 1575 53149
0:0:0:0:0:0:0:1 - - [24/Dec/2025:00:46:13 +0700] "POST /api/v1/movies HTTP/1.1" 201 971 24803
0:0:0:0:0:0:0:1 - - [24/Dec/2025:00:46:13 +0700] "POST /api/v1/movies HTTP/1.1" 201 1224 31020
0:0:0:0:0:0:0:1 - - [24/Dec/2025:00:46:14 +0700] "POST /api/v1/movies HTTP/1.1" 201 1230 38356
0:0:0:0:0:0:0:1 - - [24/Dec/2025:00:46:16 +0700] "OPTIONS /api/v1/movies HTTP/1.1" 200 - 1412
0:0:0:0:0:0:0:1 - - [24/Dec/2025:00:46:16 +0700] "POST /api/v1/movies HTTP/1.1" 409 200 9645
0:0:0:0:0:0:0:1 - - [24/Dec/2025:00:46:18 +0700] "POST /api/v1/movies HTTP/1.1" 409 177 9079
0:0:0:0:0:0:0:1 - - [24/Dec/2025:00:47:34 +0700] "GET /api/v1/movies/top-rated?size=10 HTTP/1.1" 404 165 147481
0:0:0:0:0:0:0:1 - - [24/Dec/2025:00:47:34 +0700] "GET /api/v1/movies/top-rated?size=10 HTTP/1.1" 404 165 22702
0:0:0:0:0:0:0:1 - - [24/Dec/2025:00:47:34 +0700] "GET /api/v1/movies/coming-soon?size=12 HTTP/1.1" 200 6260 369882
0:0:0:0:0:0:0:1 - - [24/Dec/2025:00:47:34 +0700] "GET /api/v1/movies/now-showing?size=12 HTTP/1.1" 200 7055 369883
0:0:0:0:0:0:0:1 - - [24/Dec/2025:00:47:34 +0700] "GET /api/v1/movies?size=20 HTTP/1.1" 200 11162 370079
0:0:0:0:0:0:0:1 - - [24/Dec/2025:00:47:34 +0700] "GET /api/v1/movies/coming-soon?size=12 HTTP/1.1" 500 409 22498
0:0:0:0:0:0:0:1 - - [24/Dec/2025:00:47:34 +0700] "GET /api/v1/movies/now-showing?size=12 HTTP/1.1" 500 409 23356
0:0:0:0:0:0:0:1 - - [24/Dec/2025:00:47:34 +0700] "GET /api/v1/movies?size=20 HTTP/1.1" 500 397 22537
0:0:0:0:0:0:0:1 - - [24/Dec/2025:00:47:58 +0700] "GET /api/v1/movies/coming-soon?size=12 HTTP/1.1" 500 409 8338
0:0:0:0:0:0:0:1 - - [24/Dec/2025:00:47:58 +0700] "GET /api/v1/movies?size=20 HTTP/1.1" 500 397 8352
0:0:0:0:0:0:0:1 - - [24/Dec/2025:00:47:58 +0700] "GET /api/v1/movies/now-showing?size=12 HTTP/1.1" 500 408 9658
0:0:0:0:0:0:0:1 - - [24/Dec/2025:00:47:58 +0700] "GET /api/v1/movies/coming-soon?size=12 HTTP/1.1" 500 409 9736
0:0:0:0:0:0:0:1 - - [24/Dec/2025:00:47:58 +0700] "GET /api/v1/movies/top-rated?size=10 HTTP/1.1" 404 165 19086
0:0:0:0:0:0:0:1 - - [24/Dec/2025:00:47:58 +0700] "GET /api/v1/movies?size=20 HTTP/1.1" 500 397 9668
0:0:0:0:0:0:0:1 - - [24/Dec/2025:00:47:58 +0700] "GET /api/v1/movies/now-showing?size=12 HTTP/1.1" 500 409 10185
0:0:0:0:0:0:0:1 - - [24/Dec/2025:00:47:58 +0700] "GET /api/v1/movies/top-rated?size=10 HTTP/1.1" 404 165 14466
0:0:0:0:0:0:0:1 - - [24/Dec/2025:00:48:29 +0700] "GET /swagger-ui.html HTTP/1.1" 302 - 31689
0:0:0:0:0:0:0:1 - - [24/Dec/2025:00:48:29 +0700] "GET /swagger-ui/index.html HTTP/1.1" 200 734 20313
0:0:0:0:0:0:0:1 - - [24/Dec/2025:00:48:29 +0700] "GET /swagger-ui/index.css HTTP/1.1" 200 202 6537
0:0:0:0:0:0:0:1 - - [24/Dec/2025:00:48:29 +0700] "GET /swagger-ui/swagger-ui.css HTTP/1.1" 200 154986 7704
0:0:0:0:0:0:0:1 - - [24/Dec/2025:00:48:29 +0700] "GET /swagger-ui/swagger-ui-standalone-preset.js HTTP/1.1" 200 229223 10778
0:0:0:0:0:0:0:1 - - [24/Dec/2025:00:48:29 +0700] "GET /swagger-ui/swagger-ui-bundle.js HTTP/1.1" 200 1468326 25201
0:0:0:0:0:0:0:1 - - [24/Dec/2025:00:48:29 +0700] "GET /swagger-ui/swagger-initializer.js HTTP/1.1" 200 612 32711
0:0:0:0:0:0:0:1 - - [24/Dec/2025:00:48:29 +0700] "GET /api-docs/swagger-config HTTP/1.1" 200 163 7446
0:0:0:0:0:0:0:1 - - [24/Dec/2025:00:48:35 +0700] "GET /api-docs HTTP/1.1" 200 108039 5996970
0:0:0:0:0:0:0:1 - - [24/Dec/2025:00:49:11 +0700] "GET /api/v1/movies/coming-soon?page=0&size=10 HTTP/1.1" 200 5598 75649
0:0:0:0:0:0:0:1 - - [24/Dec/2025:00:49:49 +0700] "GET /api/v1/movies/coming-soon?page=0&size=10 HTTP/1.1" 500 409 14072
0:0:0:0:0:0:0:1 - - [24/Dec/2025:00:50:01 +0700] "GET /api/v1/movies/coming-soon?page=0&size=10 HTTP/1.1" 500 409 7103
0:0:0:0:0:0:0:1 - - [24/Dec/2025:00:50:43 +0700] "GET /api/v1/movies/coming-soon?page=0&size=10 HTTP/1.1" 500 409 211374
0:0:0:0:0:0:0:1 - - [24/Dec/2025:00:50:56 +0700] "GET /api/v1/movies/now-showing?page=0&size=10 HTTP/1.1" 200 5971 196467
0:0:0:0:0:0:0:1 - - [24/Dec/2025:00:51:40 +0700] "GET /api/v1/movies/coming-soon?size=12 HTTP/1.1" 500 409 53688
0:0:0:0:0:0:0:1 - - [24/Dec/2025:00:51:40 +0700] "GET /api/v1/movies/now-showing?size=12 HTTP/1.1" 500 409 51289
0:0:0:0:0:0:0:1 - - [24/Dec/2025:00:51:40 +0700] "GET /api/v1/movies?size=20 HTTP/1.1" 500 396 56330
0:0:0:0:0:0:0:1 - - [24/Dec/2025:00:51:40 +0700] "GET /api/v1/movies/now-showing?size=12 HTTP/1.1" 500 409 18174
0:0:0:0:0:0:0:1 - - [24/Dec/2025:00:51:40 +0700] "GET /api/v1/movies/coming-soon?size=12 HTTP/1.1" 500 409 18681
0:0:0:0:0:0:0:1 - - [24/Dec/2025:00:51:40 +0700] "GET /api/v1/movies?size=20 HTTP/1.1" 500 397 18965
0:0:0:0:0:0:0:1 - - [24/Dec/2025:00:51:40 +0700] "GET /api/v1/movies/top-rated?size=10 HTTP/1.1" 404 165 108403
0:0:0:0:0:0:0:1 - - [24/Dec/2025:00:51:40 +0700] "GET /api/v1/movies/top-rated?size=10 HTTP/1.1" 404 165 22827
0:0:0:0:0:0:0:1 - - [24/Dec/2025:00:59:39 +0700] "GET /api/v1/movies/now-showing?size=12 HTTP/1.1" 500 409 15703
0:0:0:0:0:0:0:1 - - [24/Dec/2025:00:59:39 +0700] "GET /api/v1/movies?size=20 HTTP/1.1" 500 397 15884
0:0:0:0:0:0:0:1 - - [24/Dec/2025:00:59:39 +0700] "GET /api/v1/movies/coming-soon?size=12 HTTP/1.1" 500 409 15992
0:0:0:0:0:0:0:1 - - [24/Dec/2025:00:59:39 +0700] "GET /api/v1/movies/top-rated?size=10 HTTP/1.1" 404 165 22142
0:0:0:0:0:0:0:1 - - [24/Dec/2025:00:59:39 +0700] "GET /api/v1/movies/coming-soon?size=12 HTTP/1.1" 500 409 14254
0:0:0:0:0:0:0:1 - - [24/Dec/2025:00:59:39 +0700] "GET /api/v1/movies/now-showing?size=12 HTTP/1.1" 500 409 14335
0:0:0:0:0:0:0:1 - - [24/Dec/2025:00:59:39 +0700] "GET /api/v1/movies?size=20 HTTP/1.1" 500 397 17282
0:0:0:0:0:0:0:1 - - [24/Dec/2025:00:59:39 +0700] "GET /api/v1/movies/top-rated?size=10 HTTP/1.1" 404 165 19056
0:0:0:0:0:0:0:1 - - [24/Dec/2025:01:01:32 +0700] "GET /api/v1/movies/top-rated?page=0&size=10 HTTP/1.1" 404 165 25550
0:0:0:0:0:0:0:1 - - [24/Dec/2025:01:04:00 +0700] "GET /api/v1/movies/search?page=0&size=15&sort=id,desc HTTP/1.1" 500 221 56415
0:0:0:0:0:0:0:1 - - [24/Dec/2025:01:04:00 +0700] "GET /api/v1/genres HTTP/1.1" 200 839 61023
0:0:0:0:0:0:0:1 - - [24/Dec/2025:01:04:00 +0700] "GET /api/v1/movies/search?page=0&size=15&sort=id,desc HTTP/1.1" 500 221 12874
0:0:0:0:0:0:0:1 - - [24/Dec/2025:01:04:00 +0700] "GET /api/v1/genres HTTP/1.1" 200 840 16759
0:0:0:0:0:0:0:1 - - [24/Dec/2025:01:04:02 +0700] "GET /api/v1/cities/all-no-page HTTP/1.1" 500 168 22377
0:0:0:0:0:0:0:1 - - [24/Dec/2025:01:04:02 +0700] "GET /api/v1/cities/all-no-page HTTP/1.1" 500 169 14606
0:0:0:0:0:0:0:1 - - [24/Dec/2025:01:04:03 +0700] "GET /api/v1/cities?page=0&size=20 HTTP/1.1" 500 157 6167
0:0:0:0:0:0:0:1 - - [24/Dec/2025:01:04:03 +0700] "GET /api/v1/cities?page=0&size=20 HTTP/1.1" 500 157 7854
0:0:0:0:0:0:0:1 - - [24/Dec/2025:01:04:03 +0700] "GET /api/v1/cinemas?size=1000 HTTP/1.1" 200 472 48841
0:0:0:0:0:0:0:1 - - [24/Dec/2025:01:04:03 +0700] "GET /api/v1/cinemas?size=1000 HTTP/1.1" 200 470 14037
0:0:0:0:0:0:0:1 - - [24/Dec/2025:01:04:06 +0700] "GET /api/v1/movies/now-showing?size=12 HTTP/1.1" 500 409 7828
0:0:0:0:0:0:0:1 - - [24/Dec/2025:01:04:06 +0700] "GET /api/v1/movies?size=20 HTTP/1.1" 500 397 8818
0:0:0:0:0:0:0:1 - - [24/Dec/2025:01:04:06 +0700] "GET /api/v1/movies/coming-soon?size=12 HTTP/1.1" 500 409 8493
0:0:0:0:0:0:0:1 - - [24/Dec/2025:01:04:06 +0700] "GET /api/v1/movies/top-rated?size=10 HTTP/1.1" 404 165 17430
0:0:0:0:0:0:0:1 - - [24/Dec/2025:01:04:06 +0700] "GET /api/v1/movies/coming-soon?size=12 HTTP/1.1" 500 409 11770
0:0:0:0:0:0:0:1 - - [24/Dec/2025:01:04:06 +0700] "GET /api/v1/movies?size=20 HTTP/1.1" 500 397 9573
0:0:0:0:0:0:0:1 - - [24/Dec/2025:01:04:06 +0700] "GET /api/v1/movies/now-showing?size=12 HTTP/1.1" 500 409 11703
0:0:0:0:0:0:0:1 - - [24/Dec/2025:01:04:06 +0700] "GET /api/v1/movies/top-rated?size=10 HTTP/1.1" 404 165 13629
0:0:0:0:0:0:0:1 - - [24/Dec/2025:10:31:16 +0700] "GET /api/v1/movies/top-rated?size=10 HTTP/1.1" 404 164 490153
0:0:0:0:0:0:0:1 - - [24/Dec/2025:10:31:16 +0700] "GET /api/v1/movies/top-rated?size=10 HTTP/1.1" 404 165 18418
0:0:0:0:0:0:0:1 - - [24/Dec/2025:10:31:16 +0700] "GET /api/v1/movies/now-showing?size=12 HTTP/1.1" 200 7055 549222
0:0:0:0:0:0:0:1 - - [24/Dec/2025:10:31:16 +0700] "GET /api/v1/movies/coming-soon?size=12 HTTP/1.1" 200 5914 549595
0:0:0:0:0:0:0:1 - - [24/Dec/2025:10:31:16 +0700] "GET /api/v1/movies?size=20 HTTP/1.1" 200 11162 599136
0:0:0:0:0:0:0:1 - - [24/Dec/2025:10:31:16 +0700] "GET /api/v1/movies/now-showing?size=12 HTTP/1.1" 500 408 58850
0:0:0:0:0:0:0:1 - - [24/Dec/2025:10:31:16 +0700] "GET /api/v1/movies/coming-soon?size=12 HTTP/1.1" 500 408 59402
0:0:0:0:0:0:0:1 - - [24/Dec/2025:10:31:16 +0700] "GET /api/v1/movies?size=20 HTTP/1.1" 500 396 17889
0:0:0:0:0:0:0:1 - - [24/Dec/2025:10:50:19 +0700] "GET /api/v1/movies/coming-soon?size=12 HTTP/1.1" 500 408 17060
0:0:0:0:0:0:0:1 - - [24/Dec/2025:10:50:19 +0700] "GET /api/v1/movies?size=20 HTTP/1.1" 500 397 17201
0:0:0:0:0:0:0:1 - - [24/Dec/2025:10:50:19 +0700] "GET /api/v1/movies/now-showing?size=12 HTTP/1.1" 500 409 17251
0:0:0:0:0:0:0:1 - - [24/Dec/2025:10:50:19 +0700] "GET /api/v1/movies/top-rated?size=10 HTTP/1.1" 404 165 21227
0:0:0:0:0:0:0:1 - - [24/Dec/2025:10:50:19 +0700] "GET /api/v1/movies?size=20 HTTP/1.1" 500 397 12207
0:0:0:0:0:0:0:1 - - [24/Dec/2025:10:50:19 +0700] "GET /api/v1/movies/now-showing?size=12 HTTP/1.1" 500 409 12358
0:0:0:0:0:0:0:1 - - [24/Dec/2025:10:50:19 +0700] "GET /api/v1/movies/coming-soon?size=12 HTTP/1.1" 500 409 12250
0:0:0:0:0:0:0:1 - - [24/Dec/2025:10:50:19 +0700] "GET /api/v1/movies/top-rated?size=10 HTTP/1.1" 404 165 17089
0:0:0:0:0:0:0:1 - - [24/Dec/2025:10:50:36 +0700] "GET /swagger-ui/index.html HTTP/1.1" 200 734 36643
0:0:0:0:0:0:0:1 - - [24/Dec/2025:10:50:36 +0700] "GET /swagger-ui/index.css HTTP/1.1" 200 202 10321
0:0:0:0:0:0:0:1 - - [24/Dec/2025:10:50:36 +0700] "GET /swagger-ui/swagger-ui.css HTTP/1.1" 200 154986 17150
0:0:0:0:0:0:0:1 - - [24/Dec/2025:10:50:36 +0700] "GET /swagger-ui/swagger-ui-standalone-preset.js HTTP/1.1" 200 229223 17640
0:0:0:0:0:0:0:1 - - [24/Dec/2025:10:50:36 +0700] "GET /swagger-ui/swagger-initializer.js HTTP/1.1" 200 612 32202
0:0:0:0:0:0:0:1 - - [24/Dec/2025:10:50:36 +0700] "GET /swagger-ui/swagger-ui-bundle.js HTTP/1.1" 200 1468326 36230
0:0:0:0:0:0:0:1 - - [24/Dec/2025:10:50:36 +0700] "GET /api-docs/swagger-config HTTP/1.1" 200 163 9364
0:0:0:0:0:0:0:1 - - [24/Dec/2025:10:50:36 +0700] "GET /swagger-ui/favicon-32x32.png HTTP/1.1" 200 628 9825
0:0:0:0:0:0:0:1 - - [24/Dec/2025:10:50:36 +0700] "GET /swagger-ui/favicon-32x32.png HTTP/1.1" 200 628 5868
0:0:0:0:0:0:0:1 - - [24/Dec/2025:10:50:39 +0700] "GET /api-docs HTTP/1.1" 200 108039 3094861
0:0:0:0:0:0:0:1 - - [24/Dec/2025:10:51:02 +0700] "GET /api/v1/movies/coming-soon?page=0&size=10 HTTP/1.1" 200 5914 124848
0:0:0:0:0:0:0:1 - - [24/Dec/2025:10:51:37 +0700] "GET /api/v1/movies/now-showing?page=0&size=10 HTTP/1.1" 200 5971 129098
0:0:0:0:0:0:0:1 - - [24/Dec/2025:10:51:59 +0700] "GET /api/v1/movies?size=20 HTTP/1.1" 500 397 14490
0:0:0:0:0:0:0:1 - - [24/Dec/2025:10:51:59 +0700] "GET /api/v1/movies/now-showing?size=12 HTTP/1.1" 500 409 13472
0:0:0:0:0:0:0:1 - - [24/Dec/2025:10:51:59 +0700] "GET /api/v1/movies/coming-soon?size=12 HTTP/1.1" 500 409 14483
0:0:0:0:0:0:0:1 - - [24/Dec/2025:10:51:59 +0700] "GET /api/v1/movies/top-rated?size=10 HTTP/1.1" 404 165 16993
0:0:0:0:0:0:0:1 - - [24/Dec/2025:10:51:59 +0700] "GET /api/v1/movies/coming-soon?size=12 HTTP/1.1" 500 409 13796
0:0:0:0:0:0:0:1 - - [24/Dec/2025:10:51:59 +0700] "GET /api/v1/movies?size=20 HTTP/1.1" 500 397 12119
0:0:0:0:0:0:0:1 - - [24/Dec/2025:10:51:59 +0700] "GET /api/v1/movies/now-showing?size=12 HTTP/1.1" 500 409 13927
0:0:0:0:0:0:0:1 - - [24/Dec/2025:10:51:59 +0700] "GET /api/v1/movies/top-rated?size=10 HTTP/1.1" 404 165 15316
0:0:0:0:0:0:0:1 - - [24/Dec/2025:10:56:03 +0700] "GET /api/v1/movies/now-showing?size=12 HTTP/1.1" 500 409 13346
0:0:0:0:0:0:0:1 - - [24/Dec/2025:10:56:03 +0700] "GET /favicon.ico HTTP/1.1" 500 155 16421
0:0:0:0:0:0:0:1 - - [24/Dec/2025:10:57:02 +0700] "GET /api/v1/movies?size=20&page=0 HTTP/1.1" 500 397 12641
0:0:0:0:0:0:0:1 - - [24/Dec/2025:10:57:02 +0700] "GET /api/v1/movies/now-showing?size=12&page=0 HTTP/1.1" 500 409 11402
0:0:0:0:0:0:0:1 - - [24/Dec/2025:10:57:02 +0700] "GET /api/v1/movies/coming-soon?size=12&page=0 HTTP/1.1" 500 409 11597
0:0:0:0:0:0:0:1 - - [24/Dec/2025:10:57:02 +0700] "GET /api/v1/movies/top-rated?size=10&page=0 HTTP/1.1" 404 165 18743
0:0:0:0:0:0:0:1 - - [24/Dec/2025:10:57:02 +0700] "GET /api/v1/movies/now-showing?size=12&page=0 HTTP/1.1" 500 409 11855
0:0:0:0:0:0:0:1 - - [24/Dec/2025:10:57:02 +0700] "GET /api/v1/movies?size=20&page=0 HTTP/1.1" 500 396 12061
0:0:0:0:0:0:0:1 - - [24/Dec/2025:10:57:02 +0700] "GET /api/v1/movies/coming-soon?size=12&page=0 HTTP/1.1" 500 409 12361
0:0:0:0:0:0:0:1 - - [24/Dec/2025:10:57:02 +0700] "GET /api/v1/movies/top-rated?size=10&page=0 HTTP/1.1" 404 165 15456
0:0:0:0:0:0:0:1 - - [24/Dec/2025:10:57:39 +0700] "GET /api/v1/movies/coming-soon?page=0&size=12 HTTP/1.1" 500 409 11563
0:0:0:0:0:0:0:1 - - [24/Dec/2025:10:57:39 +0700] "GET /api/v1/movies?page=0&size=20 HTTP/1.1" 500 397 11613
0:0:0:0:0:0:0:1 - - [24/Dec/2025:10:57:39 +0700] "GET /api/v1/movies/now-showing?page=0&size=12 HTTP/1.1" 500 409 10597
0:0:0:0:0:0:0:1 - - [24/Dec/2025:10:57:40 +0700] "GET /api/v1/movies/top-rated?page=0&size=10 HTTP/1.1" 404 165 19559
0:0:0:0:0:0:0:1 - - [24/Dec/2025:10:57:40 +0700] "GET /api/v1/movies/now-showing?page=0&size=12 HTTP/1.1" 500 409 10733
0:0:0:0:0:0:0:1 - - [24/Dec/2025:10:57:40 +0700] "GET /api/v1/movies/coming-soon?page=0&size=12 HTTP/1.1" 500 409 10773
0:0:0:0:0:0:0:1 - - [24/Dec/2025:10:57:40 +0700] "GET /api/v1/movies?page=0&size=20 HTTP/1.1" 500 397 9205
0:0:0:0:0:0:0:1 - - [24/Dec/2025:10:57:40 +0700] "GET /api/v1/movies/top-rated?page=0&size=10 HTTP/1.1" 404 165 21078
0:0:0:0:0:0:0:1 - - [24/Dec/2025:10:57:53 +0700] "GET /api/v1/movies/coming-soon?page=0&size=12 HTTP/1.1" 500 409 8023
0:0:0:0:0:0:0:1 - - [24/Dec/2025:10:57:53 +0700] "GET /favicon.ico HTTP/1.1" 500 155 9061
0:0:0:0:0:0:0:1 - - [24/Dec/2025:10:58:20 +0700] "GET /api/v1/movies/now-showing?page=0&size=10 HTTP/1.1" 500 409 9401
0:0:0:0:0:0:0:1 - - [24/Dec/2025:10:58:20 +0700] "GET /favicon.ico HTTP/1.1" 500 155 6845
0:0:0:0:0:0:0:1 - - [24/Dec/2025:10:58:26 +0700] "GET /api/v1/movies/now-showing?page=0&size=10 HTTP/1.1" 500 408 9389
0:0:0:0:0:0:0:1 - - [24/Dec/2025:12:26:04 +0700] "GET /api/v1/movies/now-showing?page=0&size=10 HTTP/1.1" 200 6506 527239
0:0:0:0:0:0:0:1 - - [24/Dec/2025:12:26:06 +0700] "GET /api/v1/movies/now-showing?page=0&size=10 HTTP/1.1" 500 381 97202
0:0:0:0:0:0:0:1 - - [24/Dec/2025:12:33:57 +0700] "GET /api/v1/movies/now-showing?page=0&size=10 HTTP/1.1" 500 381 25898
0:0:0:0:0:0:0:1 - - [24/Dec/2025:12:34:25 +0700] "GET /api/v1/movies/now-showing?page=0&size=10 HTTP/1.1" 200 5971 452927
0:0:0:0:0:0:0:1 - - [24/Dec/2025:12:34:29 +0700] "GET /api/v1/movies/now-showing?page=0&size=10 HTTP/1.1" 500 409 97601
0:0:0:0:0:0:0:1 - - [24/Dec/2025:12:51:42 +0700] "GET /api/v1/movies/now-showing?page=0&size=10 HTTP/1.1" 500 435 324035
0:0:0:0:0:0:0:1 - - [24/Dec/2025:12:51:50 +0700] "GET /api/v1/movies/now-showing?page=0&size=10 HTTP/1.1" 500 435 23836
0:0:0:0:0:0:0:1 - - [24/Dec/2025:12:51:58 +0700] "GET /api/v1/movies/coming-soon?page=0&size=10 HTTP/1.1" 200 9070 280742
0:0:0:0:0:0:0:1 - - [24/Dec/2025:12:52:04 +0700] "GET /api/v1/movies/coming-soon?page=0&size=10 HTTP/1.1" 200 9053 100532
0:0:0:0:0:0:0:1 - - [24/Dec/2025:12:53:33 +0700] "GET /api/v1/movies?page=0&size=10 HTTP/1.1" 200 9429 166387
0:0:0:0:0:0:0:1 - - [24/Dec/2025:12:53:52 +0700] "GET /api/v1/movies?page=0&size=10 HTTP/1.1" 200 9412 15154
0:0:0:0:0:0:0:1 - - [24/Dec/2025:12:54:42 +0700] "GET /api/v1/movies?page=0&size=10 HTTP/1.1" 200 9412 392828
0:0:0:0:0:0:0:1 - - [24/Dec/2025:12:54:46 +0700] "GET /api/v1/movies?page=0&size=10 HTTP/1.1" 200 9412 20980
0:0:0:0:0:0:0:1 - - [24/Dec/2025:13:09:08 +0700] "GET /swagger-ui/index.html HTTP/1.1" 200 734 139250
0:0:0:0:0:0:0:1 - - [24/Dec/2025:13:09:09 +0700] "GET /swagger-ui/index.css HTTP/1.1" 200 202 25017
0:0:0:0:0:0:0:1 - - [24/Dec/2025:13:09:09 +0700] "GET /swagger-ui/swagger-ui.css HTTP/1.1" 200 154986 28167
0:0:0:0:0:0:0:1 - - [24/Dec/2025:13:09:09 +0700] "GET /swagger-ui/swagger-ui-standalone-preset.js HTTP/1.1" 200 229223 31921
0:0:0:0:0:0:0:1 - - [24/Dec/2025:13:09:09 +0700] "GET /swagger-ui/swagger-ui-bundle.js HTTP/1.1" 200 1468326 48774
0:0:0:0:0:0:0:1 - - [24/Dec/2025:13:09:09 +0700] "GET /swagger-ui/swagger-initializer.js HTTP/1.1" 200 612 84748
0:0:0:0:0:0:0:1 - - [24/Dec/2025:13:09:09 +0700] "GET /swagger-ui/favicon-32x32.png HTTP/1.1" 200 628 9739
0:0:0:0:0:0:0:1 - - [24/Dec/2025:13:09:09 +0700] "GET /api-docs/swagger-config HTTP/1.1" 200 218 89570
0:0:0:0:0:0:0:1 - - [24/Dec/2025:13:09:12 +0700] "GET /api-docs HTTP/1.1" 200 109410 3644357
0:0:0:0:0:0:0:1 - - [24/Dec/2025:13:09:23 +0700] "DELETE /api/v1/cache/clear-all HTTP/1.1" 200 215 39973
0:0:0:0:0:0:0:1 - - [24/Dec/2025:13:23:20 +0700] "GET /api/v1/movies?page=0&size=10 HTTP/1.1" 200 5841 542742
0:0:0:0:0:0:0:1 - - [24/Dec/2025:13:23:25 +0700] "GET /api/v1/movies?page=0&size=10 HTTP/1.1" 500 360 98025
0:0:0:0:0:0:0:1 - - [24/Dec/2025:13:38:09 +0700] "GET /api/v1/movies?page=0&size=10 HTTP/1.1" 500 360 299246
0:0:0:0:0:0:0:1 - - [24/Dec/2025:13:38:16 +0700] "DELETE /api/v1/cache/clear-all HTTP/1.1" 200 154 59675
0:0:0:0:0:0:0:1 - - [24/Dec/2025:13:38:30 +0700] "GET /api/v1/movies/now-showing?page=0&size=10 HTTP/1.1" 200 5971 241724
0:0:0:0:0:0:0:1 - - [24/Dec/2025:13:38:33 +0700] "GET /api/v1/movies/now-showing?page=0&size=10 HTTP/1.1" 500 372 18219
0:0:0:0:0:0:0:1 - - [24/Dec/2025:13:42:27 +0700] "GET /api/v1/movies/now-showing?page=0&size=10 HTTP/1.1" 500 409 275260
0:0:0:0:0:0:0:1 - - [24/Dec/2025:13:42:36 +0700] "DELETE /api/v1/cache/clear-all HTTP/1.1" 200 155 39629
0:0:0:0:0:0:0:1 - - [24/Dec/2025:13:42:41 +0700] "GET /api/v1/movies/now-showing?page=0&size=10 HTTP/1.1" 200 5971 283150
0:0:0:0:0:0:0:1 - - [24/Dec/2025:13:42:45 +0700] "GET /api/v1/movies/now-showing?page=0&size=10 HTTP/1.1" 500 409 18723
0:0:0:0:0:0:0:1 - - [24/Dec/2025:13:58:50 +0700] "GET /api/v1/movies/now-showing?page=0&size=10 HTTP/1.1" 500 409 126332
0:0:0:0:0:0:0:1 - - [24/Dec/2025:13:58:57 +0700] "DELETE /api/v1/cache/clear-all HTTP/1.1" 200 155 36923
0:0:0:0:0:0:0:1 - - [24/Dec/2025:13:59:02 +0700] "GET /api/v1/movies/now-showing?page=0&size=10 HTTP/1.1" 200 5971 161354
0:0:0:0:0:0:0:1 - - [24/Dec/2025:13:59:06 +0700] "GET /api/v1/movies/now-showing?page=0&size=10 HTTP/1.1" 500 408 13761
0:0:0:0:0:0:0:1 - - [24/Dec/2025:14:02:31 +0700] "GET /api/v1/movies/now-showing?page=0&size=10 HTTP/1.1" 500 409 285175
0:0:0:0:0:0:0:1 - - [24/Dec/2025:14:02:36 +0700] "DELETE /api/v1/cache/clear-all HTTP/1.1" 200 155 44840
0:0:0:0:0:0:0:1 - - [24/Dec/2025:14:02:39 +0700] "GET /api/v1/movies/now-showing?page=0&size=10 HTTP/1.1" 200 5971 260824
0:0:0:0:0:0:0:1 - - [24/Dec/2025:14:02:43 +0700] "GET /api/v1/movies/now-showing?page=0&size=10 HTTP/1.1" 500 409 20368
0:0:0:0:0:0:0:1 - - [24/Dec/2025:14:13:35 +0700] "DELETE /api/v1/cache/clear-all HTTP/1.1" 200 155 245717
0:0:0:0:0:0:0:1 - - [24/Dec/2025:14:13:40 +0700] "GET /api/v1/movies/now-showing?page=0&size=10 HTTP/1.1" 200 5971 332219
0:0:0:0:0:0:0:1 - - [24/Dec/2025:14:13:43 +0700] "GET /api/v1/movies/now-showing?page=0&size=10 HTTP/1.1" 500 409 76008
0:0:0:0:0:0:0:1 - - [24/Dec/2025:14:20:58 +0700] "GET /api/v1/movies/now-showing?page=0&size=10 HTTP/1.1" 500 408 15233
0:0:0:0:0:0:0:1 - - [24/Dec/2025:14:21:56 +0700] "DELETE /api/v1/cache/clear-all HTTP/1.1" 200 155 16927
0:0:0:0:0:0:0:1 - - [24/Dec/2025:14:22:03 +0700] "GET /api/v1/movies/now-showing?page=0&size=10 HTTP/1.1" 200 5971 155681
0:0:0:0:0:0:0:1 - - [24/Dec/2025:14:22:07 +0700] "GET /api/v1/movies/now-showing?page=0&size=10 HTTP/1.1" 500 409 14667
0:0:0:0:0:0:0:1 - - [24/Dec/2025:14:25:50 +0700] "DELETE /api/v1/cache/clear-all HTTP/1.1" 200 155 264318
0:0:0:0:0:0:0:1 - - [24/Dec/2025:14:25:58 +0700] "GET /api/v1/movies/now-showing?page=0&size=10 HTTP/1.1" 500 606 352261
0:0:0:0:0:0:0:1 - - [24/Dec/2025:14:28:25 +0700] "GET /api/v1/movies/now-showing?page=0&size=10 HTTP/1.1" 500 606 456629
0:0:0:0:0:0:0:1 - - [24/Dec/2025:14:28:30 +0700] "DELETE /api/v1/cache/clear-all HTTP/1.1" 200 154 44542
0:0:0:0:0:0:0:1 - - [24/Dec/2025:14:28:36 +0700] "GET /api/v1/movies/now-showing?page=0&size=10 HTTP/1.1" 500 606 119719
0:0:0:0:0:0:0:1 - - [24/Dec/2025:14:30:22 +0700] "DELETE /api/v1/cache/clear-all HTTP/1.1" 200 155 249502
0:0:0:0:0:0:0:1 - - [24/Dec/2025:14:30:25 +0700] "GET /api/v1/movies/now-showing?page=0&size=10 HTTP/1.1" 200 5971 306049
0:0:0:0:0:0:0:1 - - [24/Dec/2025:14:30:29 +0700] "GET /api/v1/movies/now-showing?page=0&size=10 HTTP/1.1" 500 409 72132
0:0:0:0:0:0:0:1 - - [24/Dec/2025:14:52:59 +0700] "GET /api/v1/movies/now-showing?page=0&size=10 HTTP/1.1" 200 5971 867678
0:0:0:0:0:0:0:1 - - [24/Dec/2025:14:53:02 +0700] "GET /api/v1/movies/now-showing?page=0&size=10 HTTP/1.1" 500 409 69802
0:0:0:0:0:0:0:1 - - [24/Dec/2025:15:02:10 +0700] "GET /api/v1/movies/now-showing?page=0&size=10 HTTP/1.1" 200 5971 603710
0:0:0:0:0:0:0:1 - - [24/Dec/2025:15:02:30 +0700] "GET /api/v1/movies/now-showing?page=0&size=10 HTTP/1.1" 200 5971 66382
0:0:0:0:0:0:0:1 - - [24/Dec/2025:15:02:31 +0700] "GET /api/v1/movies/now-showing?page=0&size=10 HTTP/1.1" 200 5971 10025
0:0:0:0:0:0:0:1 - - [24/Dec/2025:15:02:32 +0700] "GET /api/v1/movies/now-showing?page=0&size=10 HTTP/1.1" 200 5971 11466
0:0:0:0:0:0:0:1 - - [24/Dec/2025:15:02:35 +0700] "GET /swagger-ui/index.html HTTP/1.1" 200 734 44824
0:0:0:0:0:0:0:1 - - [24/Dec/2025:15:02:35 +0700] "GET /swagger-ui/index.css HTTP/1.1" 200 202 12444
0:0:0:0:0:0:0:1 - - [24/Dec/2025:15:02:35 +0700] "GET /swagger-ui/swagger-ui.css HTTP/1.1" 200 154986 18078
0:0:0:0:0:0:0:1 - - [24/Dec/2025:15:02:35 +0700] "GET /swagger-ui/swagger-ui-standalone-preset.js HTTP/1.1" 200 229223 18783
0:0:0:0:0:0:0:1 - - [24/Dec/2025:15:02:35 +0700] "GET /swagger-ui/swagger-initializer.js HTTP/1.1" 200 612 28640
0:0:0:0:0:0:0:1 - - [24/Dec/2025:15:02:35 +0700] "GET /swagger-ui/swagger-ui-bundle.js HTTP/1.1" 200 1468326 38051
0:0:0:0:0:0:0:1 - - [24/Dec/2025:15:02:35 +0700] "GET /swagger-ui/favicon-32x32.png HTTP/1.1" 200 628 13083
0:0:0:0:0:0:0:1 - - [24/Dec/2025:15:02:35 +0700] "GET /api-docs/swagger-config HTTP/1.1" 200 163 18374
0:0:0:0:0:0:0:1 - - [24/Dec/2025:15:02:39 +0700] "GET /api-docs HTTP/1.1" 200 109410 3823274
0:0:0:0:0:0:0:1 - - [24/Dec/2025:15:03:00 +0700] "GET /api/v1/movies/coming-soon?page=0&size=10 HTTP/1.1" 200 5914 147472
0:0:0:0:0:0:0:1 - - [24/Dec/2025:15:03:20 +0700] "GET /api/v1/movies/top-rated?page=0&size=10 HTTP/1.1" 404 165 101210
0:0:0:0:0:0:0:1 - - [24/Dec/2025:15:03:20 +0700] "GET /api/v1/movies/top-rated?page=0&size=10 HTTP/1.1" 404 165 19914
0:0:0:0:0:0:0:1 - - [24/Dec/2025:15:03:20 +0700] "GET /api/v1/movies/coming-soon?page=0&size=12 HTTP/1.1" 200 5914 184730
0:0:0:0:0:0:0:1 - - [24/Dec/2025:15:03:20 +0700] "GET /api/v1/movies/coming-soon?page=0&size=12 HTTP/1.1" 200 5914 23467
0:0:0:0:0:0:0:1 - - [24/Dec/2025:15:03:20 +0700] "GET /api/v1/movies/now-showing?page=0&size=12 HTTP/1.1" 200 7055 254489
0:0:0:0:0:0:0:1 - - [24/Dec/2025:15:03:20 +0700] "GET /api/v1/movies/now-showing?page=0&size=12 HTTP/1.1" 200 7055 8309
0:0:0:0:0:0:0:1 - - [24/Dec/2025:15:03:20 +0700] "GET /api/v1/movies?page=0&size=20 HTTP/1.1" 200 11162 369084
0:0:0:0:0:0:0:1 - - [24/Dec/2025:15:03:20 +0700] "GET /api/v1/movies?page=0&size=20 HTTP/1.1" 200 11162 13025
0:0:0:0:0:0:0:1 - - [24/Dec/2025:15:04:49 +0700] "GET /api/v1/movies/now-showing?page=0&size=12 HTTP/1.1" 200 7055 7399
0:0:0:0:0:0:0:1 - - [24/Dec/2025:15:04:49 +0700] "GET /api/v1/movies?page=0&size=20 HTTP/1.1" 200 11162 8880
0:0:0:0:0:0:0:1 - - [24/Dec/2025:15:04:49 +0700] "GET /api/v1/movies/coming-soon?page=0&size=12 HTTP/1.1" 200 5914 7754
0:0:0:0:0:0:0:1 - - [24/Dec/2025:15:04:49 +0700] "GET /api/v1/movies/now-showing?page=0&size=12 HTTP/1.1" 200 7055 7145
0:0:0:0:0:0:0:1 - - [24/Dec/2025:15:04:49 +0700] "GET /api/v1/movies?page=0&size=20 HTTP/1.1" 200 11162 6570
0:0:0:0:0:0:0:1 - - [24/Dec/2025:15:04:49 +0700] "GET /api/v1/movies/coming-soon?page=0&size=12 HTTP/1.1" 200 5914 7229
0:0:0:0:0:0:0:1 - - [24/Dec/2025:15:04:49 +0700] "GET /api/v1/movies/top-rated?page=0&size=10 HTTP/1.1" 404 164 17137
0:0:0:0:0:0:0:1 - - [24/Dec/2025:15:04:49 +0700] "GET /api/v1/movies/top-rated?page=0&size=10 HTTP/1.1" 404 165 19574
0:0:0:0:0:0:0:1 - - [24/Dec/2025:15:05:25 +0700] "GET /api/v1/movies?page=0&size=20 HTTP/1.1" 200 11162 11631
0:0:0:0:0:0:0:1 - - [24/Dec/2025:15:05:25 +0700] "GET /api/v1/movies/now-showing?page=0&size=12 HTTP/1.1" 200 7055 11368
0:0:0:0:0:0:0:1 - - [24/Dec/2025:15:05:25 +0700] "GET /api/v1/movies/coming-soon?page=0&size=12 HTTP/1.1" 200 5914 11658
0:0:0:0:0:0:0:1 - - [24/Dec/2025:15:05:25 +0700] "GET /api/v1/movies/now-showing?page=0&size=12 HTTP/1.1" 200 7055 7349
0:0:0:0:0:0:0:1 - - [24/Dec/2025:15:05:25 +0700] "GET /api/v1/movies/coming-soon?page=0&size=12 HTTP/1.1" 200 5914 8216
0:0:0:0:0:0:0:1 - - [24/Dec/2025:15:05:25 +0700] "GET /api/v1/movies?page=0&size=20 HTTP/1.1" 200 11162 8224
0:0:0:0:0:0:0:1 - - [24/Dec/2025:15:05:25 +0700] "GET /api/v1/movies/top-rated?page=0&size=10 HTTP/1.1" 404 165 19413
0:0:0:0:0:0:0:1 - - [24/Dec/2025:15:05:25 +0700] "GET /api/v1/movies/top-rated?page=0&size=10 HTTP/1.1" 404 165 19389
0:0:0:0:0:0:0:1 - - [24/Dec/2025:15:07:57 +0700] "GET /api/v1/movies/now-showing?page=0&size=12 HTTP/1.1" 200 7055 6945
0:0:0:0:0:0:0:1 - - [24/Dec/2025:15:07:57 +0700] "GET /api/v1/movies/coming-soon?page=0&size=12 HTTP/1.1" 200 5914 7149
0:0:0:0:0:0:0:1 - - [24/Dec/2025:15:07:57 +0700] "GET /api/v1/movies?page=0&size=20 HTTP/1.1" 200 11162 9095
0:0:0:0:0:0:0:1 - - [24/Dec/2025:15:07:57 +0700] "GET /api/v1/movies?page=0&size=20 HTTP/1.1" 200 11162 6718
0:0:0:0:0:0:0:1 - - [24/Dec/2025:15:07:57 +0700] "GET /api/v1/movies/now-showing?page=0&size=12 HTTP/1.1" 200 7055 9748
0:0:0:0:0:0:0:1 - - [24/Dec/2025:15:07:57 +0700] "GET /api/v1/movies/coming-soon?page=0&size=12 HTTP/1.1" 200 5914 9750
0:0:0:0:0:0:0:1 - - [24/Dec/2025:15:07:57 +0700] "GET /api/v1/movies/top-rated?page=0&size=10 HTTP/1.1" 404 165 17758
0:0:0:0:0:0:0:1 - - [24/Dec/2025:15:07:57 +0700] "GET /api/v1/movies/top-rated?page=0&size=10 HTTP/1.1" 404 165 13532
0:0:0:0:0:0:0:1 - - [24/Dec/2025:15:08:30 +0700] "GET /api/v1/movies/coming-soon?page=0&size=12 HTTP/1.1" 200 5914 9499
0:0:0:0:0:0:0:1 - - [24/Dec/2025:15:08:30 +0700] "GET /api/v1/movies/now-showing?page=0&size=12 HTTP/1.1" 200 7055 9184
0:0:0:0:0:0:0:1 - - [24/Dec/2025:15:08:30 +0700] "GET /api/v1/movies?page=0&size=20 HTTP/1.1" 200 11162 9942
0:0:0:0:0:0:0:1 - - [24/Dec/2025:15:08:30 +0700] "GET /api/v1/movies/now-showing?page=0&size=12 HTTP/1.1" 200 7055 8053
0:0:0:0:0:0:0:1 - - [24/Dec/2025:15:08:30 +0700] "GET /api/v1/movies?page=0&size=20 HTTP/1.1" 200 11162 9067
0:0:0:0:0:0:0:1 - - [24/Dec/2025:15:08:30 +0700] "GET /api/v1/movies/coming-soon?page=0&size=12 HTTP/1.1" 200 5914 8978
0:0:0:0:0:0:0:1 - - [24/Dec/2025:15:08:30 +0700] "GET /api/v1/movies/top-rated?page=0&size=10 HTTP/1.1" 404 165 20081
0:0:0:0:0:0:0:1 - - [24/Dec/2025:15:08:30 +0700] "GET /api/v1/movies/top-rated?page=0&size=10 HTTP/1.1" 404 165 13621
0:0:0:0:0:0:0:1 - - [24/Dec/2025:15:09:06 +0700] "GET /api/v1/movies/coming-soon?page=0&size=12 HTTP/1.1" 200 5914 10268
0:0:0:0:0:0:0:1 - - [24/Dec/2025:15:09:06 +0700] "GET /api/v1/movies/now-showing?page=0&size=12 HTTP/1.1" 200 7055 9702
0:0:0:0:0:0:0:1 - - [24/Dec/2025:15:09:06 +0700] "GET /api/v1/movies?page=0&size=20 HTTP/1.1" 200 11162 10729
0:0:0:0:0:0:0:1 - - [24/Dec/2025:15:09:06 +0700] "GET /api/v1/movies/coming-soon?page=0&size=12 HTTP/1.1" 200 5914 6115
0:0:0:0:0:0:0:1 - - [24/Dec/2025:15:09:06 +0700] "GET /api/v1/movies?page=0&size=20 HTTP/1.1" 200 11162 6679
0:0:0:0:0:0:0:1 - - [24/Dec/2025:15:09:06 +0700] "GET /api/v1/movies/now-showing?page=0&size=12 HTTP/1.1" 200 7055 6603
0:0:0:0:0:0:0:1 - - [24/Dec/2025:15:09:06 +0700] "GET /api/v1/movies/top-rated?page=0&size=10 HTTP/1.1" 404 165 17096
0:0:0:0:0:0:0:1 - - [24/Dec/2025:15:09:06 +0700] "GET /api/v1/movies/top-rated?page=0&size=10 HTTP/1.1" 404 165 17625
0:0:0:0:0:0:0:1 - - [24/Dec/2025:15:09:39 +0700] "GET /api/v1/movies?page=0&size=20 HTTP/1.1" 200 11162 6518
0:0:0:0:0:0:0:1 - - [24/Dec/2025:15:09:39 +0700] "GET /api/v1/movies/coming-soon?page=0&size=12 HTTP/1.1" 200 5914 6517
0:0:0:0:0:0:0:1 - - [24/Dec/2025:15:09:39 +0700] "GET /api/v1/movies/now-showing?page=0&size=12 HTTP/1.1" 200 7055 5593
0:0:0:0:0:0:0:1 - - [24/Dec/2025:15:09:39 +0700] "GET /api/v1/movies/coming-soon?page=0&size=12 HTTP/1.1" 200 5914 8470
0:0:0:0:0:0:0:1 - - [24/Dec/2025:15:09:39 +0700] "GET /api/v1/movies/now-showing?page=0&size=12 HTTP/1.1" 200 7055 8524
0:0:0:0:0:0:0:1 - - [24/Dec/2025:15:09:39 +0700] "GET /api/v1/movies?page=0&size=20 HTTP/1.1" 200 11162 7631
0:0:0:0:0:0:0:1 - - [24/Dec/2025:15:09:39 +0700] "GET /api/v1/movies/top-rated?page=0&size=10 HTTP/1.1" 404 165 15305
0:0:0:0:0:0:0:1 - - [24/Dec/2025:15:09:39 +0700] "GET /api/v1/movies/top-rated?page=0&size=10 HTTP/1.1" 404 164 11526
0:0:0:0:0:0:0:1 - - [24/Dec/2025:15:10:29 +0700] "GET /api/v1/genres HTTP/1.1" 200 840 45710
0:0:0:0:0:0:0:1 - - [24/Dec/2025:15:10:29 +0700] "GET /api/v1/movies/search?page=0&size=15&sort=id,desc&status=COMING_SOON HTTP/1.1" 500 221 51214
0:0:0:0:0:0:0:1 - - [24/Dec/2025:15:10:29 +0700] "GET /api/v1/genres HTTP/1.1" 200 840 10521
0:0:0:0:0:0:0:1 - - [24/Dec/2025:15:10:29 +0700] "GET /api/v1/movies/search?page=0&size=15&sort=id,desc&status=COMING_SOON HTTP/1.1" 500 221 14613
0:0:0:0:0:0:0:1 - - [24/Dec/2025:15:10:29 +0700] "GET /api/v1/movies/search?page=0&size=15&sort=id,desc&status=COMING_SOON HTTP/1.1" 500 221 9926
0:0:0:0:0:0:0:1 - - [24/Dec/2025:15:10:29 +0700] "GET /api/v1/movies/search?page=0&size=15&sort=id,desc&status=COMING_SOON HTTP/1.1" 500 221 8456
0:0:0:0:0:0:0:1 - - [24/Dec/2025:15:10:31 +0700] "GET /api/v1/movies/now-showing?page=0&size=12 HTTP/1.1" 200 7055 5254
0:0:0:0:0:0:0:1 - - [24/Dec/2025:15:10:31 +0700] "GET /api/v1/movies?page=0&size=20 HTTP/1.1" 200 11162 6307
0:0:0:0:0:0:0:1 - - [24/Dec/2025:15:10:31 +0700] "GET /api/v1/movies/coming-soon?page=0&size=12 HTTP/1.1" 200 5914 6312
0:0:0:0:0:0:0:1 - - [24/Dec/2025:15:10:31 +0700] "GET /api/v1/movies/top-rated?page=0&size=10 HTTP/1.1" 404 165 13074
0:0:0:0:0:0:0:1 - - [24/Dec/2025:15:10:31 +0700] "GET /api/v1/movies?page=0&size=20 HTTP/1.1" 200 11162 7034
0:0:0:0:0:0:0:1 - - [24/Dec/2025:15:10:31 +0700] "GET /api/v1/movies/coming-soon?page=0&size=12 HTTP/1.1" 200 5914 6552
0:0:0:0:0:0:0:1 - - [24/Dec/2025:15:10:31 +0700] "GET /api/v1/movies/now-showing?page=0&size=12 HTTP/1.1" 200 7055 7021
0:0:0:0:0:0:0:1 - - [24/Dec/2025:15:10:31 +0700] "GET /api/v1/movies/top-rated?page=0&size=10 HTTP/1.1" 404 165 11055
0:0:0:0:0:0:0:1 - - [24/Dec/2025:15:10:36 +0700] "GET /api/v1/movies?page=0&size=20 HTTP/1.1" 200 11162 11107
0:0:0:0:0:0:0:1 - - [24/Dec/2025:15:10:36 +0700] "GET /api/v1/movies/now-showing?page=0&size=12 HTTP/1.1" 200 7055 10299
0:0:0:0:0:0:0:1 - - [24/Dec/2025:15:10:36 +0700] "GET /api/v1/movies/coming-soon?page=0&size=12 HTTP/1.1" 200 5914 11207
0:0:0:0:0:0:0:1 - - [24/Dec/2025:15:10:36 +0700] "GET /api/v1/movies/coming-soon?page=0&size=12 HTTP/1.1" 200 5914 10322
0:0:0:0:0:0:0:1 - - [24/Dec/2025:15:10:36 +0700] "GET /api/v1/movies/now-showing?page=0&size=12 HTTP/1.1" 200 7055 10156
0:0:0:0:0:0:0:1 - - [24/Dec/2025:15:10:36 +0700] "GET /api/v1/movies?page=0&size=20 HTTP/1.1" 200 11162 8245
0:0:0:0:0:0:0:1 - - [24/Dec/2025:15:10:36 +0700] "GET /api/v1/movies/top-rated?page=0&size=10 HTTP/1.1" 404 165 21571
0:0:0:0:0:0:0:1 - - [24/Dec/2025:15:10:36 +0700] "GET /api/v1/movies/top-rated?page=0&size=10 HTTP/1.1" 404 165 13004
0:0:0:0:0:0:0:1 - - [24/Dec/2025:15:10:41 +0700] "GET /api/v1/cities/all-no-page HTTP/1.1" 500 169 14626
0:0:0:0:0:0:0:1 - - [24/Dec/2025:15:10:41 +0700] "GET /api/v1/cities/all-no-page HTTP/1.1" 500 169 7791
0:0:0:0:0:0:0:1 - - [24/Dec/2025:15:10:41 +0700] "GET /api/v1/movies/114 HTTP/1.1" 200 1571 61940
0:0:0:0:0:0:0:1 - - [24/Dec/2025:15:10:41 +0700] "GET /api/v1/movies/114 HTTP/1.1" 500 421 10120
0:0:0:0:0:0:0:1 - - [24/Dec/2025:15:10:41 +0700] "GET /api/v1/showtime/movie/114/date/2025-12-23?page=0&size=5 HTTP/1.1" 200 441 41250
0:0:0:0:0:0:0:1 - - [24/Dec/2025:15:10:42 +0700] "GET /api/v1/genres HTTP/1.1" 200 839 13783
0:0:0:0:0:0:0:1 - - [24/Dec/2025:15:10:42 +0700] "GET /api/v1/movies/search?page=0&size=15&sort=id,desc HTTP/1.1" 500 221 17551
0:0:0:0:0:0:0:1 - - [24/Dec/2025:15:10:42 +0700] "GET /api/v1/genres HTTP/1.1" 200 839 16555
0:0:0:0:0:0:0:1 - - [24/Dec/2025:15:10:42 +0700] "GET /api/v1/movies/search?page=0&size=15&sort=id,desc HTTP/1.1" 500 221 20589
0:0:0:0:0:0:0:1 - - [24/Dec/2025:15:10:44 +0700] "GET /api/v1/cities/all-no-page HTTP/1.1" 500 169 5331
0:0:0:0:0:0:0:1 - - [24/Dec/2025:15:10:44 +0700] "GET /api/v1/movies/114 HTTP/1.1" 500 421 9164
0:0:0:0:0:0:0:1 - - [24/Dec/2025:15:10:44 +0700] "GET /api/v1/cities/all-no-page HTTP/1.1" 500 169 7647
0:0:0:0:0:0:0:1 - - [24/Dec/2025:15:10:44 +0700] "GET /api/v1/movies/114 HTTP/1.1" 500 421 6564
0:0:0:0:0:0:0:1 - - [24/Dec/2025:15:10:44 +0700] "GET /api/v1/genres HTTP/1.1" 200 840 7196
0:0:0:0:0:0:0:1 - - [24/Dec/2025:15:10:44 +0700] "GET /api/v1/movies/search?page=0&size=15&sort=id,desc HTTP/1.1" 500 221 10587
0:0:0:0:0:0:0:1 - - [24/Dec/2025:15:10:44 +0700] "GET /api/v1/genres HTTP/1.1" 200 840 4982
0:0:0:0:0:0:0:1 - - [24/Dec/2025:15:10:44 +0700] "GET /api/v1/movies/search?page=0&size=15&sort=id,desc HTTP/1.1" 500 220 9317
0:0:0:0:0:0:0:1 - - [24/Dec/2025:15:10:47 +0700] "GET /api/v1/movies?page=0&size=20 HTTP/1.1" 200 11162 6256
0:0:0:0:0:0:0:1 - - [24/Dec/2025:15:10:47 +0700] "GET /api/v1/movies/coming-soon?page=0&size=12 HTTP/1.1" 200 5914 6181
0:0:0:0:0:0:0:1 - - [24/Dec/2025:15:10:47 +0700] "GET /api/v1/movies/now-showing?page=0&size=12 HTTP/1.1" 200 7055 5926
0:0:0:0:0:0:0:1 - - [24/Dec/2025:15:10:47 +0700] "GET /api/v1/movies/now-showing?page=0&size=12 HTTP/1.1" 200 7055 3946
0:0:0:0:0:0:0:1 - - [24/Dec/2025:15:10:47 +0700] "GET /api/v1/movies/coming-soon?page=0&size=12 HTTP/1.1" 200 5914 4259
0:0:0:0:0:0:0:1 - - [24/Dec/2025:15:10:47 +0700] "GET /api/v1/movies/top-rated?page=0&size=10 HTTP/1.1" 404 165 10409
0:0:0:0:0:0:0:1 - - [24/Dec/2025:15:10:47 +0700] "GET /api/v1/movies?page=0&size=20 HTTP/1.1" 200 11162 4329
0:0:0:0:0:0:0:1 - - [24/Dec/2025:15:10:47 +0700] "GET /api/v1/movies/top-rated?page=0&size=10 HTTP/1.1" 404 164 13269
0:0:0:0:0:0:0:1 - - [24/Dec/2025:15:13:10 +0700] "GET /api/v1/movies/now-showing?page=0&size=12 HTTP/1.1" 200 7055 8578
0:0:0:0:0:0:0:1 - - [24/Dec/2025:15:13:10 +0700] "GET /api/v1/movies?page=0&size=20 HTTP/1.1" 200 11162 8599
0:0:0:0:0:0:0:1 - - [24/Dec/2025:15:13:10 +0700] "GET /api/v1/movies/coming-soon?page=0&size=12 HTTP/1.1" 200 5914 8678
0:0:0:0:0:0:0:1 - - [24/Dec/2025:15:13:10 +0700] "GET /api/v1/movies/now-showing?page=0&size=12 HTTP/1.1" 200 7055 5594
0:0:0:0:0:0:0:1 - - [24/Dec/2025:15:13:10 +0700] "GET /api/v1/movies/top-rated?page=0&size=10 HTTP/1.1" 404 164 17522
0:0:0:0:0:0:0:1 - - [24/Dec/2025:15:13:10 +0700] "GET /api/v1/movies/coming-soon?page=0&size=12 HTTP/1.1" 200 5914 5647
0:0:0:0:0:0:0:1 - - [24/Dec/2025:15:13:10 +0700] "GET /api/v1/movies?page=0&size=20 HTTP/1.1" 200 11162 6095
0:0:0:0:0:0:0:1 - - [24/Dec/2025:15:13:10 +0700] "GET /api/v1/movies/top-rated?page=0&size=10 HTTP/1.1" 404 165 14859
0:0:0:0:0:0:0:1 - - [24/Dec/2025:15:59:54 +0700] "GET /api/v1/cities/all-no-page HTTP/1.1" 500 169 38258
0:0:0:0:0:0:0:1 - - [24/Dec/2025:15:59:54 +0700] "GET /api/v1/cities/all-no-page HTTP/1.1" 500 169 7914
0:0:0:0:0:0:0:1 - - [24/Dec/2025:15:59:54 +0700] "GET /api/v1/movies/107 HTTP/1.1" 200 1994 74546
0:0:0:0:0:0:0:1 - - [24/Dec/2025:15:59:54 +0700] "GET /api/v1/movies/107 HTTP/1.1" 500 421 11485
0:0:0:0:0:0:0:1 - - [24/Dec/2025:15:59:54 +0700] "GET /api/v1/showtime/movie/107/date/2025-12-23?page=0&size=5 HTTP/1.1" 200 441 24613
0:0:0:0:0:0:0:1 - - [24/Dec/2025:15:59:54 +0700] "GET /api/v1/movies/search?page=0&size=15&sort=id,desc HTTP/1.1" 500 221 13699
0:0:0:0:0:0:0:1 - - [24/Dec/2025:15:59:54 +0700] "GET /api/v1/genres HTTP/1.1" 200 840 23743
0:0:0:0:0:0:0:1 - - [24/Dec/2025:15:59:54 +0700] "GET /api/v1/movies/search?page=0&size=15&sort=id,desc HTTP/1.1" 500 221 13717
0:0:0:0:0:0:0:1 - - [24/Dec/2025:15:59:54 +0700] "GET /api/v1/genres HTTP/1.1" 200 840 5908
0:0:0:0:0:0:0:1 - - [24/Dec/2025:15:59:56 +0700] "GET /api/v1/movies/top-rated?page=0&size=10 HTTP/1.1" 404 165 20078
0:0:0:0:0:0:0:1 - - [24/Dec/2025:15:59:56 +0700] "GET /api/v1/movies/top-rated?page=0&size=10 HTTP/1.1" 404 165 13775
0:0:0:0:0:0:0:1 - - [24/Dec/2025:15:59:56 +0700] "GET /api/v1/movies/coming-soon?page=0&size=12 HTTP/1.1" 200 5914 124611
0:0:0:0:0:0:0:1 - - [24/Dec/2025:15:59:56 +0700] "GET /api/v1/movies/coming-soon?page=0&size=12 HTTP/1.1" 200 5914 6264
0:0:0:0:0:0:0:1 - - [24/Dec/2025:15:59:56 +0700] "GET /api/v1/movies/now-showing?page=0&size=12 HTTP/1.1" 200 7055 132905
0:0:0:0:0:0:0:1 - - [24/Dec/2025:15:59:56 +0700] "GET /api/v1/movies/now-showing?page=0&size=12 HTTP/1.1" 200 7055 6856
0:0:0:0:0:0:0:1 - - [24/Dec/2025:15:59:56 +0700] "GET /api/v1/movies?page=0&size=20 HTTP/1.1" 200 11162 189140
0:0:0:0:0:0:0:1 - - [24/Dec/2025:15:59:56 +0700] "GET /api/v1/movies?page=0&size=20 HTTP/1.1" 200 11162 8138
0:0:0:0:0:0:0:1 - - [24/Dec/2025:16:17:18 +0700] "GET /api/v1/cities/all-no-page HTTP/1.1" 500 169 18046
0:0:0:0:0:0:0:1 - - [24/Dec/2025:16:17:18 +0700] "GET /api/v1/cities/all-no-page HTTP/1.1" 500 169 11149
0:0:0:0:0:0:0:1 - - [24/Dec/2025:16:17:18 +0700] "GET /api/v1/movies/113 HTTP/1.1" 200 1097 44477
0:0:0:0:0:0:0:1 - - [24/Dec/2025:16:17:18 +0700] "GET /api/v1/movies/113 HTTP/1.1" 500 421 10571
0:0:0:0:0:0:0:1 - - [24/Dec/2025:16:17:18 +0700] "GET /api/v1/showtime/movie/113/date/2025-12-23?page=0&size=5 HTTP/1.1" 200 441 19155
0:0:0:0:0:0:0:1 - - [24/Dec/2025:16:17:19 +0700] "GET /api/v1/movies/search?page=0&size=15&sort=id,desc HTTP/1.1" 500 221 19312
0:0:0:0:0:0:0:1 - - [24/Dec/2025:16:17:19 +0700] "GET /api/v1/genres HTTP/1.1" 200 840 26335
0:0:0:0:0:0:0:1 - - [24/Dec/2025:16:17:19 +0700] "GET /api/v1/movies/search?page=0&size=15&sort=id,desc HTTP/1.1" 500 220 16699
0:0:0:0:0:0:0:1 - - [24/Dec/2025:16:17:19 +0700] "GET /api/v1/genres HTTP/1.1" 200 840 11150
0:0:0:0:0:0:0:1 - - [24/Dec/2025:16:41:35 +0700] "GET /api/v1/movies/top-rated?page=0&size=10 HTTP/1.1" 404 165 35138
0:0:0:0:0:0:0:1 - - [24/Dec/2025:16:41:35 +0700] "GET /api/v1/movies/top-rated?page=0&size=10 HTTP/1.1" 404 165 12397
0:0:0:0:0:0:0:1 - - [24/Dec/2025:16:41:35 +0700] "GET /api/v1/movies/coming-soon?page=0&size=12 HTTP/1.1" 200 5914 159760
0:0:0:0:0:0:0:1 - - [24/Dec/2025:16:41:35 +0700] "GET /api/v1/movies/coming-soon?page=0&size=12 HTTP/1.1" 200 5914 12856
0:0:0:0:0:0:0:1 - - [24/Dec/2025:16:41:35 +0700] "GET /api/v1/movies/now-showing?page=0&size=12 HTTP/1.1" 200 7055 183970
0:0:0:0:0:0:0:1 - - [24/Dec/2025:16:41:35 +0700] "GET /api/v1/movies/now-showing?page=0&size=12 HTTP/1.1" 200 7055 7500
0:0:0:0:0:0:0:1 - - [24/Dec/2025:16:41:35 +0700] "GET /api/v1/movies?page=0&size=20 HTTP/1.1" 200 11162 243257
0:0:0:0:0:0:0:1 - - [24/Dec/2025:16:41:35 +0700] "GET /api/v1/movies?page=0&size=20 HTTP/1.1" 200 11162 7698
0:0:0:0:0:0:0:1 - - [24/Dec/2025:16:41:59 +0700] "GET /api/v1/movies/coming-soon?page=0&size=12 HTTP/1.1" 200 5914 8986
0:0:0:0:0:0:0:1 - - [24/Dec/2025:16:41:59 +0700] "GET /api/v1/movies?page=0&size=20 HTTP/1.1" 200 11162 9450
0:0:0:0:0:0:0:1 - - [24/Dec/2025:16:41:59 +0700] "GET /api/v1/movies/now-showing?page=0&size=12 HTTP/1.1" 200 7055 9142
0:0:0:0:0:0:0:1 - - [24/Dec/2025:16:41:59 +0700] "GET /api/v1/movies/now-showing?page=0&size=12 HTTP/1.1" 200 7055 7407
0:0:0:0:0:0:0:1 - - [24/Dec/2025:16:41:59 +0700] "GET /api/v1/movies/coming-soon?page=0&size=12 HTTP/1.1" 200 5914 8440
0:0:0:0:0:0:0:1 - - [24/Dec/2025:16:41:59 +0700] "GET /api/v1/movies?page=0&size=20 HTTP/1.1" 200 11162 7436
0:0:0:0:0:0:0:1 - - [24/Dec/2025:16:41:59 +0700] "GET /api/v1/movies/top-rated?page=0&size=10 HTTP/1.1" 404 165 18678
0:0:0:0:0:0:0:1 - - [24/Dec/2025:16:41:59 +0700] "GET /api/v1/movies/top-rated?page=0&size=10 HTTP/1.1" 404 165 13640
0:0:0:0:0:0:0:1 - - [24/Dec/2025:16:45:31 +0700] "GET /api/v1/movies?page=0&size=20 HTTP/1.1" 200 11162 8962
0:0:0:0:0:0:0:1 - - [24/Dec/2025:16:45:31 +0700] "GET /api/v1/movies/coming-soon?page=0&size=12 HTTP/1.1" 200 5914 8918
0:0:0:0:0:0:0:1 - - [24/Dec/2025:16:45:31 +0700] "GET /api/v1/movies/now-showing?page=0&size=12 HTTP/1.1" 200 7055 11405
0:0:0:0:0:0:0:1 - - [24/Dec/2025:16:45:31 +0700] "GET /api/v1/movies/coming-soon?page=0&size=12 HTTP/1.1" 200 5914 7826
0:0:0:0:0:0:0:1 - - [24/Dec/2025:16:45:31 +0700] "GET /api/v1/movies?page=0&size=20 HTTP/1.1" 200 11162 7832
0:0:0:0:0:0:0:1 - - [24/Dec/2025:16:45:31 +0700] "GET /api/v1/movies/now-showing?page=0&size=12 HTTP/1.1" 200 7055 8572
0:0:0:0:0:0:0:1 - - [24/Dec/2025:16:45:31 +0700] "GET /api/v1/movies/top-rated?page=0&size=10 HTTP/1.1" 404 165 21301
0:0:0:0:0:0:0:1 - - [24/Dec/2025:16:45:31 +0700] "GET /api/v1/movies/top-rated?page=0&size=10 HTTP/1.1" 404 164 16277
0:0:0:0:0:0:0:1 - - [24/Dec/2025:16:49:52 +0700] "GET /api/v1/movies/now-showing?page=0&size=12 HTTP/1.1" 200 7055 6717
0:0:0:0:0:0:0:1 - - [24/Dec/2025:16:49:52 +0700] "GET /api/v1/movies/coming-soon?page=0&size=12 HTTP/1.1" 200 5914 7350
0:0:0:0:0:0:0:1 - - [24/Dec/2025:16:49:52 +0700] "GET /api/v1/movies?page=0&size=20 HTTP/1.1" 200 11162 10433
0:0:0:0:0:0:0:1 - - [24/Dec/2025:16:49:52 +0700] "GET /api/v1/movies?page=0&size=20 HTTP/1.1" 200 11162 7690
0:0:0:0:0:0:0:1 - - [24/Dec/2025:16:49:52 +0700] "GET /api/v1/movies/now-showing?page=0&size=12 HTTP/1.1" 200 7055 8853
0:0:0:0:0:0:0:1 - - [24/Dec/2025:16:49:52 +0700] "GET /api/v1/movies/coming-soon?page=0&size=12 HTTP/1.1" 200 5914 8885
0:0:0:0:0:0:0:1 - - [24/Dec/2025:16:49:52 +0700] "GET /api/v1/movies/top-rated?page=0&size=10 HTTP/1.1" 404 165 22900
0:0:0:0:0:0:0:1 - - [24/Dec/2025:16:49:52 +0700] "GET /api/v1/movies/top-rated?page=0&size=10 HTTP/1.1" 404 165 14383
0:0:0:0:0:0:0:1 - - [24/Dec/2025:17:13:03 +0700] "GET /api/v1/cities/all-no-page HTTP/1.1" 500 169 37280
0:0:0:0:0:0:0:1 - - [24/Dec/2025:17:13:03 +0700] "GET /api/v1/cities/all-no-page HTTP/1.1" 500 169 7938
0:0:0:0:0:0:0:1 - - [24/Dec/2025:17:13:04 +0700] "GET /api/v1/movies/92 HTTP/1.1" 200 1533 74285
0:0:0:0:0:0:0:1 - - [24/Dec/2025:17:13:04 +0700] "GET /api/v1/movies/92 HTTP/1.1" 500 420 13159
0:0:0:0:0:0:0:1 - - [24/Dec/2025:17:13:04 +0700] "GET /api/v1/showtime/movie/92/date/2025-12-23?page=0&size=5 HTTP/1.1" 200 441 31461
0:0:0:0:0:0:0:1 - - [24/Dec/2025:17:13:04 +0700] "GET /api/v1/movies/search?page=0&size=15&sort=id,desc HTTP/1.1" 500 221 15161
0:0:0:0:0:0:0:1 - - [24/Dec/2025:17:13:04 +0700] "GET /api/v1/genres HTTP/1.1" 200 840 25166
0:0:0:0:0:0:0:1 - - [24/Dec/2025:17:13:04 +0700] "GET /api/v1/movies/search?page=0&size=15&sort=id,desc HTTP/1.1" 500 221 12262
0:0:0:0:0:0:0:1 - - [24/Dec/2025:17:13:04 +0700] "GET /api/v1/genres HTTP/1.1" 200 839 5185
0:0:0:0:0:0:0:1 - - [24/Dec/2025:17:13:05 +0700] "GET /api/v1/movies/92 HTTP/1.1" 500 420 10238
0:0:0:0:0:0:0:1 - - [24/Dec/2025:17:13:05 +0700] "GET /api/v1/cities/all-no-page HTTP/1.1" 500 169 10252
0:0:0:0:0:0:0:1 - - [24/Dec/2025:17:13:05 +0700] "GET /api/v1/cities/all-no-page HTTP/1.1" 500 169 6985
0:0:0:0:0:0:0:1 - - [24/Dec/2025:17:13:05 +0700] "GET /api/v1/movies/92 HTTP/1.1" 500 420 9117
0:0:0:0:0:0:0:1 - - [24/Dec/2025:17:13:05 +0700] "GET /api/v1/genres HTTP/1.1" 200 840 5451
0:0:0:0:0:0:0:1 - - [24/Dec/2025:17:13:05 +0700] "GET /api/v1/movies/search?page=0&size=15&sort=id,desc HTTP/1.1" 500 220 8438
0:0:0:0:0:0:0:1 - - [24/Dec/2025:17:13:05 +0700] "GET /api/v1/genres HTTP/1.1" 200 840 5742
0:0:0:0:0:0:0:1 - - [24/Dec/2025:17:13:05 +0700] "GET /api/v1/movies/search?page=0&size=15&sort=id,desc HTTP/1.1" 500 221 10150
0:0:0:0:0:0:0:1 - - [24/Dec/2025:17:13:06 +0700] "GET /api/v1/movies/top-rated?page=0&size=10 HTTP/1.1" 404 165 26161
0:0:0:0:0:0:0:1 - - [24/Dec/2025:17:13:06 +0700] "GET /api/v1/movies/top-rated?page=0&size=10 HTTP/1.1" 404 164 11634
0:0:0:0:0:0:0:1 - - [24/Dec/2025:17:13:06 +0700] "GET /api/v1/movies/coming-soon?page=0&size=12 HTTP/1.1" 200 5914 97733
0:0:0:0:0:0:0:1 - - [24/Dec/2025:17:13:06 +0700] "GET /api/v1/movies/coming-soon?page=0&size=12 HTTP/1.1" 200 5914 5904
0:0:0:0:0:0:0:1 - - [24/Dec/2025:17:13:06 +0700] "GET /api/v1/movies/now-showing?page=0&size=12 HTTP/1.1" 200 7055 113983
0:0:0:0:0:0:0:1 - - [24/Dec/2025:17:13:06 +0700] "GET /api/v1/movies/now-showing?page=0&size=12 HTTP/1.1" 200 7055 4428
0:0:0:0:0:0:0:1 - - [24/Dec/2025:17:13:06 +0700] "GET /api/v1/movies?page=0&size=20 HTTP/1.1" 200 11162 148136
0:0:0:0:0:0:0:1 - - [24/Dec/2025:17:13:06 +0700] "GET /api/v1/movies?page=0&size=20 HTTP/1.1" 200 11162 7341
0:0:0:0:0:0:0:1 - - [24/Dec/2025:17:23:20 +0700] "GET /api/v1/movies/search?page=0&size=15&sort=id,desc&status=COMING_SOON HTTP/1.1" 500 221 18944
0:0:0:0:0:0:0:1 - - [24/Dec/2025:17:23:20 +0700] "GET /api/v1/genres HTTP/1.1" 200 840 23497
0:0:0:0:0:0:0:1 - - [24/Dec/2025:17:23:20 +0700] "GET /api/v1/movies/search?page=0&size=15&sort=id,desc&status=COMING_SOON HTTP/1.1" 500 221 14825
0:0:0:0:0:0:0:1 - - [24/Dec/2025:17:23:20 +0700] "GET /api/v1/genres HTTP/1.1" 200 840 10517
0:0:0:0:0:0:0:1 - - [24/Dec/2025:17:23:20 +0700] "GET /api/v1/movies/search?page=0&size=15&sort=id,desc&status=COMING_SOON HTTP/1.1" 500 221 12040
0:0:0:0:0:0:0:1 - - [24/Dec/2025:17:23:20 +0700] "GET /api/v1/movies/search?page=0&size=15&sort=id,desc&status=COMING_SOON HTTP/1.1" 500 220 13078
0:0:0:0:0:0:0:1 - - [24/Dec/2025:17:23:21 +0700] "GET /api/v1/movies/top-rated?page=0&size=10 HTTP/1.1" 404 165 27756
0:0:0:0:0:0:0:1 - - [24/Dec/2025:17:23:22 +0700] "GET /api/v1/movies/top-rated?page=0&size=10 HTTP/1.1" 404 165 17008
0:0:0:0:0:0:0:1 - - [24/Dec/2025:17:23:22 +0700] "GET /api/v1/movies/coming-soon?page=0&size=12 HTTP/1.1" 200 5914 127233
0:0:0:0:0:0:0:1 - - [24/Dec/2025:17:23:22 +0700] "GET /api/v1/movies/coming-soon?page=0&size=12 HTTP/1.1" 200 5914 10001
0:0:0:0:0:0:0:1 - - [24/Dec/2025:17:23:22 +0700] "GET /api/v1/movies/now-showing?page=0&size=12 HTTP/1.1" 200 7055 144734
0:0:0:0:0:0:0:1 - - [24/Dec/2025:17:23:22 +0700] "GET /api/v1/movies/now-showing?page=0&size=12 HTTP/1.1" 200 7055 7169
0:0:0:0:0:0:0:1 - - [24/Dec/2025:17:23:22 +0700] "GET /api/v1/movies?page=0&size=20 HTTP/1.1" 200 11162 204071
0:0:0:0:0:0:0:1 - - [24/Dec/2025:17:23:22 +0700] "GET /api/v1/movies?page=0&size=20 HTTP/1.1" 200 11162 10388
0:0:0:0:0:0:0:1 - - [24/Dec/2025:17:27:00 +0700] "GET /api/v1/cities/all-no-page HTTP/1.1" 500 169 7758
0:0:0:0:0:0:0:1 - - [24/Dec/2025:17:27:00 +0700] "GET /api/v1/cities/all-no-page HTTP/1.1" 500 169 6318
0:0:0:0:0:0:0:1 - - [24/Dec/2025:17:27:00 +0700] "GET /api/v1/movies/119 HTTP/1.1" 200 1188 33463
0:0:0:0:0:0:0:1 - - [24/Dec/2025:17:27:00 +0700] "GET /api/v1/movies/119 HTTP/1.1" 500 421 9526
0:0:0:0:0:0:0:1 - - [24/Dec/2025:17:27:00 +0700] "GET /api/v1/showtime/movie/119/date/2025-12-23?page=0&size=5 HTTP/1.1" 200 441 27377
0:0:0:0:0:0:0:1 - - [24/Dec/2025:17:27:00 +0700] "GET /api/v1/genres HTTP/1.1" 200 839 5445
0:0:0:0:0:0:0:1 - - [24/Dec/2025:17:27:00 +0700] "GET /api/v1/movies/search?page=0&size=15&sort=id,desc HTTP/1.1" 500 221 9190
0:0:0:0:0:0:0:1 - - [24/Dec/2025:17:27:00 +0700] "GET /api/v1/genres HTTP/1.1" 200 840 5553
0:0:0:0:0:0:0:1 - - [24/Dec/2025:17:27:00 +0700] "GET /api/v1/movies/search?page=0&size=15&sort=id,desc HTTP/1.1" 500 221 11882
0:0:0:0:0:0:0:1 - - [24/Dec/2025:17:27:01 +0700] "GET /api/v1/cities/all-no-page HTTP/1.1" 500 169 7179
0:0:0:0:0:0:0:1 - - [24/Dec/2025:17:27:01 +0700] "GET /api/v1/movies/119 HTTP/1.1" 500 421 8619
0:0:0:0:0:0:0:1 - - [24/Dec/2025:17:27:01 +0700] "GET /api/v1/cities/all-no-page HTTP/1.1" 500 168 6872
0:0:0:0:0:0:0:1 - - [24/Dec/2025:17:27:01 +0700] "GET /api/v1/movies/119 HTTP/1.1" 500 420 6495
0:0:0:0:0:0:0:1 - - [24/Dec/2025:17:27:01 +0700] "GET /api/v1/genres HTTP/1.1" 200 840 5516
0:0:0:0:0:0:0:1 - - [24/Dec/2025:17:27:01 +0700] "GET /api/v1/movies/search?page=0&size=15&sort=id,desc HTTP/1.1" 500 221 9890
0:0:0:0:0:0:0:1 - - [24/Dec/2025:17:27:01 +0700] "GET /api/v1/genres HTTP/1.1" 200 840 6875
0:0:0:0:0:0:0:1 - - [24/Dec/2025:17:27:01 +0700] "GET /api/v1/movies/search?page=0&size=15&sort=id,desc HTTP/1.1" 500 221 7334
0:0:0:0:0:0:0:1 - - [24/Dec/2025:17:27:03 +0700] "GET /api/v1/movies/now-showing?page=0&size=12 HTTP/1.1" 200 7055 7375
0:0:0:0:0:0:0:1 - - [24/Dec/2025:17:27:03 +0700] "GET /api/v1/movies/coming-soon?page=0&size=12 HTTP/1.1" 200 5914 7837
0:0:0:0:0:0:0:1 - - [24/Dec/2025:17:27:03 +0700] "GET /api/v1/movies?page=0&size=20 HTTP/1.1" 200 11162 8730
0:0:0:0:0:0:0:1 - - [24/Dec/2025:17:27:03 +0700] "GET /api/v1/movies/top-rated?page=0&size=10 HTTP/1.1" 404 164 18718
0:0:0:0:0:0:0:1 - - [24/Dec/2025:17:27:03 +0700] "GET /api/v1/movies/now-showing?page=0&size=12 HTTP/1.1" 200 7055 9441
0:0:0:0:0:0:0:1 - - [24/Dec/2025:17:27:03 +0700] "GET /api/v1/movies?page=0&size=20 HTTP/1.1" 200 11162 9462
0:0:0:0:0:0:0:1 - - [24/Dec/2025:17:27:03 +0700] "GET /api/v1/movies/coming-soon?page=0&size=12 HTTP/1.1" 200 5914 9521
0:0:0:0:0:0:0:1 - - [24/Dec/2025:17:27:03 +0700] "GET /api/v1/movies/top-rated?page=0&size=10 HTTP/1.1" 404 165 13448
0:0:0:0:0:0:0:1 - - [24/Dec/2025:17:30:37 +0700] "GET /api/v1/movies?page=0&size=20 HTTP/1.1" 200 11162 11227
0:0:0:0:0:0:0:1 - - [24/Dec/2025:17:30:37 +0700] "GET /api/v1/movies/coming-soon?page=0&size=12 HTTP/1.1" 200 5914 9920
0:0:0:0:0:0:0:1 - - [24/Dec/2025:17:30:37 +0700] "GET /api/v1/movies/now-showing?page=0&size=12 HTTP/1.1" 200 7055 13580
0:0:0:0:0:0:0:1 - - [24/Dec/2025:17:30:37 +0700] "GET /api/v1/movies/top-rated?page=0&size=10 HTTP/1.1" 404 165 19268
0:0:0:0:0:0:0:1 - - [24/Dec/2025:17:30:37 +0700] "GET /api/v1/movies?page=0&size=20 HTTP/1.1" 200 11162 8069
0:0:0:0:0:0:0:1 - - [24/Dec/2025:17:30:37 +0700] "GET /api/v1/movies/coming-soon?page=0&size=12 HTTP/1.1" 200 5914 7874
0:0:0:0:0:0:0:1 - - [24/Dec/2025:17:30:37 +0700] "GET /api/v1/movies/now-showing?page=0&size=12 HTTP/1.1" 200 7055 10034
0:0:0:0:0:0:0:1 - - [24/Dec/2025:17:30:37 +0700] "GET /api/v1/movies/top-rated?page=0&size=10 HTTP/1.1" 404 165 21244
0:0:0:0:0:0:0:1 - - [24/Dec/2025:17:36:17 +0700] "GET /api/v1/movies/top-rated?page=0&size=10 HTTP/1.1" 404 165 32726
0:0:0:0:0:0:0:1 - - [24/Dec/2025:17:36:17 +0700] "GET /api/v1/movies/top-rated?page=0&size=10 HTTP/1.1" 404 164 15877
0:0:0:0:0:0:0:1 - - [24/Dec/2025:17:36:17 +0700] "GET /api/v1/movies/coming-soon?page=0&size=12 HTTP/1.1" 200 5914 161791
0:0:0:0:0:0:0:1 - - [24/Dec/2025:17:36:17 +0700] "GET /api/v1/movies/coming-soon?page=0&size=12 HTTP/1.1" 200 5914 10303
0:0:0:0:0:0:0:1 - - [24/Dec/2025:17:36:17 +0700] "GET /api/v1/movies/now-showing?page=0&size=12 HTTP/1.1" 200 7055 190724
0:0:0:0:0:0:0:1 - - [24/Dec/2025:17:36:17 +0700] "GET /api/v1/movies/now-showing?page=0&size=12 HTTP/1.1" 200 7055 10941
0:0:0:0:0:0:0:1 - - [24/Dec/2025:17:36:17 +0700] "GET /api/v1/movies?page=0&size=20 HTTP/1.1" 200 11162 240467
0:0:0:0:0:0:0:1 - - [24/Dec/2025:17:36:17 +0700] "GET /api/v1/movies?page=0&size=20 HTTP/1.1" 200 11162 13127
0:0:0:0:0:0:0:1 - - [24/Dec/2025:21:17:14 +0700] "OPTIONS /api/v1/auth/login HTTP/1.1" 200 - 321332
0:0:0:0:0:0:0:1 - - [24/Dec/2025:21:17:15 +0700] "POST /api/v1/auth/login HTTP/1.1" 500 149 998411
0:0:0:0:0:0:0:1 - - [24/Dec/2025:21:24:41 +0700] "GET /api/v1/movies/top-rated?page=0&size=10 HTTP/1.1" 404 165 114911
0:0:0:0:0:0:0:1 - - [24/Dec/2025:21:24:41 +0700] "GET /api/v1/movies/top-rated?page=0&size=10 HTTP/1.1" 404 165 15839
0:0:0:0:0:0:0:1 - - [24/Dec/2025:21:24:41 +0700] "GET /api/v1/movies/now-showing?page=0&size=12 HTTP/1.1" 200 7055 231526
0:0:0:0:0:0:0:1 - - [24/Dec/2025:21:24:41 +0700] "GET /api/v1/movies/coming-soon?page=0&size=12 HTTP/1.1" 200 5914 232150
0:0:0:0:0:0:0:1 - - [24/Dec/2025:21:24:41 +0700] "GET /api/v1/movies/coming-soon?page=0&size=12 HTTP/1.1" 200 5914 22076
0:0:0:0:0:0:0:1 - - [24/Dec/2025:21:24:41 +0700] "GET /api/v1/movies/now-showing?page=0&size=12 HTTP/1.1" 200 7055 23088
0:0:0:0:0:0:0:1 - - [24/Dec/2025:21:24:41 +0700] "GET /api/v1/movies?page=0&size=20 HTTP/1.1" 200 11162 284544
0:0:0:0:0:0:0:1 - - [24/Dec/2025:21:24:41 +0700] "GET /api/v1/movies?page=0&size=20 HTTP/1.1" 200 11162 11263
0:0:0:0:0:0:0:1 - - [24/Dec/2025:21:24:49 +0700] "GET /api/v1/cities/all-no-page HTTP/1.1" 500 169 58742
0:0:0:0:0:0:0:1 - - [24/Dec/2025:21:24:49 +0700] "GET /api/v1/movies/118 HTTP/1.1" 200 935 62192
0:0:0:0:0:0:0:1 - - [24/Dec/2025:21:24:49 +0700] "GET /api/v1/cities/all-no-page HTTP/1.1" 500 169 6253
0:0:0:0:0:0:0:1 - - [24/Dec/2025:21:24:49 +0700] "GET /api/v1/movies/118 HTTP/1.1" 500 421 16189
0:0:0:0:0:0:0:1 - - [24/Dec/2025:21:24:50 +0700] "GET /api/v1/showtime/movie/118/date/2025-12-23?page=0&size=5 HTTP/1.1" 200 441 42679
0:0:0:0:0:0:0:1 - - [24/Dec/2025:21:24:50 +0700] "GET /api/v1/movies/search?page=0&size=15&sort=id,desc HTTP/1.1" 500 221 62469
0:0:0:0:0:0:0:1 - - [24/Dec/2025:21:24:50 +0700] "GET /api/v1/genres HTTP/1.1" 200 840 66409
0:0:0:0:0:0:0:1 - - [24/Dec/2025:21:24:50 +0700] "GET /api/v1/genres HTTP/1.1" 200 840 8628
0:0:0:0:0:0:0:1 - - [24/Dec/2025:21:24:50 +0700] "GET /api/v1/movies/search?page=0&size=15&sort=id,desc HTTP/1.1" 500 220 13786
0:0:0:0:0:0:0:1 - - [24/Dec/2025:21:24:51 +0700] "GET /api/v1/cities/all-no-page HTTP/1.1" 500 169 9247
0:0:0:0:0:0:0:1 - - [24/Dec/2025:21:24:51 +0700] "GET /api/v1/movies/118 HTTP/1.1" 500 421 10969
0:0:0:0:0:0:0:1 - - [24/Dec/2025:21:24:51 +0700] "GET /api/v1/cities/all-no-page HTTP/1.1" 500 169 9017
0:0:0:0:0:0:0:1 - - [24/Dec/2025:21:24:51 +0700] "GET /api/v1/movies/118 HTTP/1.1" 500 421 7476
0:0:0:0:0:0:0:1 - - [24/Dec/2025:21:24:51 +0700] "GET /api/v1/genres HTTP/1.1" 200 840 4557
0:0:0:0:0:0:0:1 - - [24/Dec/2025:21:24:51 +0700] "GET /api/v1/genres HTTP/1.1" 200 840 7554
0:0:0:0:0:0:0:1 - - [24/Dec/2025:21:24:51 +0700] "GET /api/v1/movies/search?page=0&size=15&sort=id,desc HTTP/1.1" 500 221 15484
0:0:0:0:0:0:0:1 - - [24/Dec/2025:21:24:51 +0700] "GET /api/v1/movies/search?page=0&size=15&sort=id,desc HTTP/1.1" 500 221 15719
0:0:0:0:0:0:0:1 - - [24/Dec/2025:21:24:52 +0700] "GET /api/v1/movies/coming-soon?page=0&size=12 HTTP/1.1" 200 5914 6895
0:0:0:0:0:0:0:1 - - [24/Dec/2025:21:24:52 +0700] "GET /api/v1/movies/now-showing?page=0&size=12 HTTP/1.1" 200 7055 7158
0:0:0:0:0:0:0:1 - - [24/Dec/2025:21:24:52 +0700] "GET /api/v1/movies?page=0&size=20 HTTP/1.1" 200 11162 7377
0:0:0:0:0:0:0:1 - - [24/Dec/2025:21:24:52 +0700] "GET /api/v1/movies/coming-soon?page=0&size=12 HTTP/1.1" 200 5914 6396
0:0:0:0:0:0:0:1 - - [24/Dec/2025:21:24:52 +0700] "GET /api/v1/movies/now-showing?page=0&size=12 HTTP/1.1" 200 7055 6779
0:0:0:0:0:0:0:1 - - [24/Dec/2025:21:24:52 +0700] "GET /api/v1/movies?page=0&size=20 HTTP/1.1" 200 11162 6084
0:0:0:0:0:0:0:1 - - [24/Dec/2025:21:24:52 +0700] "GET /api/v1/movies/top-rated?page=0&size=10 HTTP/1.1" 404 165 20603
0:0:0:0:0:0:0:1 - - [24/Dec/2025:21:24:52 +0700] "GET /api/v1/movies/top-rated?page=0&size=10 HTTP/1.1" 404 165 14486
0:0:0:0:0:0:0:1 - - [24/Dec/2025:21:24:57 +0700] "GET /api/v1/genres HTTP/1.1" 200 840 3995
0:0:0:0:0:0:0:1 - - [24/Dec/2025:21:24:57 +0700] "GET /api/v1/movies/search?page=0&size=15&sort=id,desc HTTP/1.1" 500 221 10403
0:0:0:0:0:0:0:1 - - [24/Dec/2025:21:24:57 +0700] "GET /api/v1/genres HTTP/1.1" 200 840 7332
0:0:0:0:0:0:0:1 - - [24/Dec/2025:21:24:57 +0700] "GET /api/v1/movies/search?page=0&size=15&sort=id,desc HTTP/1.1" 500 221 10375
0:0:0:0:0:0:0:1 - - [24/Dec/2025:21:27:53 +0700] "GET /api/v1/genres HTTP/1.1" 200 840 7408
0:0:0:0:0:0:0:1 - - [24/Dec/2025:21:27:53 +0700] "GET /api/v1/movies/search?page=0&size=15&sort=id,desc HTTP/1.1" 500 221 15026
0:0:0:0:0:0:0:1 - - [24/Dec/2025:21:27:53 +0700] "GET /api/v1/genres HTTP/1.1" 200 840 8116
0:0:0:0:0:0:0:1 - - [24/Dec/2025:21:27:53 +0700] "GET /api/v1/movies/search?page=0&size=15&sort=id,desc HTTP/1.1" 500 221 8120
0:0:0:0:0:0:0:1 - - [24/Dec/2025:21:28:44 +0700] "GET /api/v1/movies/search?page=0&size=1&sort=%5B%22string%22%5D HTTP/1.1" 500 221 15476
0:0:0:0:0:0:0:1 - - [24/Dec/2025:21:31:10 +0700] "GET /api/v1/movies/search?page=0&size=1&sort=%5B%22string%22%5D HTTP/1.1" 500 221 17252
0:0:0:0:0:0:0:1 - - [24/Dec/2025:21:31:21 +0700] "GET /api/v1/movies/search?page=0&size=10 HTTP/1.1" 500 221 15863
0:0:0:0:0:0:0:1 - - [24/Dec/2025:21:33:34 +0700] "GET /api/v1/genres HTTP/1.1" 200 840 465002
0:0:0:0:0:0:0:1 - - [24/Dec/2025:21:33:34 +0700] "GET /api/v1/genres HTTP/1.1" 200 840 71416
0:0:0:0:0:0:0:1 - - [24/Dec/2025:21:33:34 +0700] "GET /api/v1/movies/search?page=0&size=15&sort=id,desc HTTP/1.1" 200 9118 645464
0:0:0:0:0:0:0:1 - - [24/Dec/2025:21:33:34 +0700] "GET /api/v1/movies/search?page=0&size=15&sort=id,desc HTTP/1.1" 200 9118 229147
0:0:0:0:0:0:0:1 - - [24/Dec/2025:21:35:44 +0700] "GET /api/v1/cities/all-no-page HTTP/1.1" 500 169 61189
0:0:0:0:0:0:0:1 - - [24/Dec/2025:21:35:44 +0700] "GET /api/v1/cities/all-no-page HTTP/1.1" 500 169 12772
0:0:0:0:0:0:0:1 - - [24/Dec/2025:21:35:44 +0700] "GET /api/v1/movies/115 HTTP/1.1" 200 1722 92018
0:0:0:0:0:0:0:1 - - [24/Dec/2025:21:35:44 +0700] "GET /api/v1/movies/115 HTTP/1.1" 500 421 17425
0:0:0:0:0:0:0:1 - - [24/Dec/2025:21:35:44 +0700] "GET /api/v1/showtime/movie/115/date/2025-12-23?page=0&size=5 HTTP/1.1" 200 441 38594
0:0:0:0:0:0:0:1 - - [24/Dec/2025:21:35:44 +0700] "GET /api/v1/genres HTTP/1.1" 200 840 9880
0:0:0:0:0:0:0:1 - - [24/Dec/2025:21:35:44 +0700] "GET /api/v1/genres HTTP/1.1" 200 840 7250
0:0:0:0:0:0:0:1 - - [24/Dec/2025:21:35:45 +0700] "GET /api/v1/movies/search?page=0&size=15&sort=id,desc HTTP/1.1" 200 9118 300310
0:0:0:0:0:0:0:1 - - [24/Dec/2025:21:35:45 +0700] "GET /api/v1/movies/search?page=0&size=15&sort=id,desc HTTP/1.1" 200 9118 198413
0:0:0:0:0:0:0:1 - - [24/Dec/2025:21:45:37 +0700] "GET /api/v1/movies/search?page=1&size=15&sort=id,desc HTTP/1.1" 200 9095 183815
0:0:0:0:0:0:0:1 - - [24/Dec/2025:21:45:46 +0700] "GET /api/v1/movies/search?page=2&size=15&sort=id,desc HTTP/1.1" 200 8563 229521
0:0:0:0:0:0:0:1 - - [24/Dec/2025:21:45:52 +0700] "GET /api/v1/movies/search?page=0&size=15&sort=id,desc HTTP/1.1" 200 9118 219350
0:0:0:0:0:0:0:1 - - [24/Dec/2025:21:53:24 +0700] "GET /api/v1/movies/search?page=1&size=15&sort=id,desc HTTP/1.1" 200 9095 312565
0:0:0:0:0:0:0:1 - - [24/Dec/2025:21:54:24 +0700] "GET /api/v1/genres HTTP/1.1" 200 840 28513
0:0:0:0:0:0:0:1 - - [24/Dec/2025:21:54:24 +0700] "GET /api/v1/genres HTTP/1.1" 200 840 9270
0:0:0:0:0:0:0:1 - - [24/Dec/2025:21:54:24 +0700] "GET /api/v1/genres HTTP/1.1" 200 840 11445
0:0:0:0:0:0:0:1 - - [24/Dec/2025:21:54:24 +0700] "GET /api/v1/movies/search?page=0&size=15&sort=id,desc HTTP/1.1" 200 9118 189050
0:0:0:0:0:0:0:1 - - [24/Dec/2025:21:54:25 +0700] "GET /api/v1/movies/search?page=0&size=15&sort=id,desc HTTP/1.1" 200 9118 132649
0:0:0:0:0:0:0:1 - - [24/Dec/2025:21:54:25 +0700] "GET /api/v1/movies/search?page=0&size=15&sort=id,desc HTTP/1.1" 200 9118 126926
0:0:0:0:0:0:0:1 - - [24/Dec/2025:21:56:30 +0700] "GET /api/v1/movies/search?page=1&size=15&sort=id,desc HTTP/1.1" 200 9095 127300
0:0:0:0:0:0:0:1 - - [24/Dec/2025:22:03:43 +0700] "GET /api/v1/cities/all-no-page HTTP/1.1" 500 169 21183
0:0:0:0:0:0:0:1 - - [24/Dec/2025:22:03:43 +0700] "GET /api/v1/cities/all-no-page HTTP/1.1" 500 169 11095
0:0:0:0:0:0:0:1 - - [24/Dec/2025:22:03:43 +0700] "GET /api/v1/movies/101 HTTP/1.1" 200 1826 47976
0:0:0:0:0:0:0:1 - - [24/Dec/2025:22:03:43 +0700] "GET /api/v1/movies/101 HTTP/1.1" 500 421 11834
0:0:0:0:0:0:0:1 - - [24/Dec/2025:22:03:43 +0700] "GET /api/v1/showtime/movie/101/date/2025-12-23?page=0&size=5 HTTP/1.1" 200 441 26519
0:0:0:0:0:0:0:1 - - [24/Dec/2025:22:03:43 +0700] "GET /api/v1/genres HTTP/1.1" 200 840 5967
0:0:0:0:0:0:0:1 - - [24/Dec/2025:22:03:43 +0700] "GET /api/v1/genres HTTP/1.1" 200 838 9427
0:0:0:0:0:0:0:1 - - [24/Dec/2025:22:03:43 +0700] "GET /api/v1/movies/search?page=0&size=15&sort=id,desc HTTP/1.1" 200 9118 147720
0:0:0:0:0:0:0:1 - - [24/Dec/2025:22:03:43 +0700] "GET /api/v1/movies/search?page=0&size=15&sort=id,desc HTTP/1.1" 200 9118 137394
0:0:0:0:0:0:0:1 - - [24/Dec/2025:22:05:34 +0700] "GET /api/v1/genres HTTP/1.1" 200 840 17398
0:0:0:0:0:0:0:1 - - [24/Dec/2025:22:05:34 +0700] "GET /api/v1/genres HTTP/1.1" 200 840 5698
0:0:0:0:0:0:0:1 - - [24/Dec/2025:22:05:34 +0700] "GET /api/v1/movies/search?page=0&size=15&sort=id,desc HTTP/1.1" 200 9118 124550
0:0:0:0:0:0:0:1 - - [24/Dec/2025:22:05:34 +0700] "GET /api/v1/movies/search?page=0&size=15&sort=id,desc HTTP/1.1" 200 9118 142172
0:0:0:0:0:0:0:1 - - [24/Dec/2025:22:05:40 +0700] "GET /api/v1/cities/all-no-page HTTP/1.1" 500 169 14911
0:0:0:0:0:0:0:1 - - [24/Dec/2025:22:05:40 +0700] "GET /api/v1/cities/all-no-page HTTP/1.1" 500 169 12288
0:0:0:0:0:0:0:1 - - [24/Dec/2025:22:05:40 +0700] "GET /api/v1/movies/116 HTTP/1.1" 200 830 44874
0:0:0:0:0:0:0:1 - - [24/Dec/2025:22:05:40 +0700] "GET /api/v1/movies/116 HTTP/1.1" 500 421 13022
0:0:0:0:0:0:0:1 - - [24/Dec/2025:22:05:40 +0700] "GET /api/v1/showtime/movie/116/date/2025-12-23?page=0&size=5 HTTP/1.1" 200 440 18820
0:0:0:0:0:0:0:1 - - [24/Dec/2025:22:05:40 +0700] "GET /api/v1/genres HTTP/1.1" 200 840 5746
0:0:0:0:0:0:0:1 - - [24/Dec/2025:22:05:40 +0700] "GET /api/v1/genres HTTP/1.1" 200 840 6589
0:0:0:0:0:0:0:1 - - [24/Dec/2025:22:05:40 +0700] "GET /api/v1/movies/search?page=0&size=15&sort=id,desc HTTP/1.1" 200 9118 161350
0:0:0:0:0:0:0:1 - - [24/Dec/2025:22:05:40 +0700] "GET /api/v1/movies/search?page=0&size=15&sort=id,desc HTTP/1.1" 200 9118 113973
0:0:0:0:0:0:0:1 - - [24/Dec/2025:22:19:50 +0700] "GET /api/v1/cities/all-no-page HTTP/1.1" 500 169 334917
0:0:0:0:0:0:0:1 - - [24/Dec/2025:22:19:50 +0700] "GET /api/v1/cities/all-no-page HTTP/1.1" 500 169 18294
0:0:0:0:0:0:0:1 - - [24/Dec/2025:22:19:50 +0700] "GET /api/v1/movies/116 HTTP/1.1" 200 830 432567
0:0:0:0:0:0:0:1 - - [24/Dec/2025:22:19:50 +0700] "GET /api/v1/movies/116 HTTP/1.1" 200 830 53539
0:0:0:0:0:0:0:1 - - [24/Dec/2025:22:19:50 +0700] "GET /api/v1/showtime/movie/116/date/2025-12-23?page=0&size=5 HTTP/1.1" 200 439 71471
0:0:0:0:0:0:0:1 - - [24/Dec/2025:22:19:50 +0700] "GET /api/v1/showtime/movie/116/date/2025-12-23?page=0&size=5 HTTP/1.1" 200 441 20738
0:0:0:0:0:0:0:1 - - [24/Dec/2025:22:22:16 +0700] "GET /api/v1/movies/116 HTTP/1.1" 200 830 15548
0:0:0:0:0:0:0:1 - - [24/Dec/2025:22:22:16 +0700] "GET /api/v1/showtime/movie/116/date/2025-12-23?page=0&size=5 HTTP/1.1" 200 441 31202
0:0:0:0:0:0:0:1 - - [24/Dec/2025:22:22:31 +0700] "GET /api/v1/movies/116 HTTP/1.1" 200 830 11380
0:0:0:0:0:0:0:1 - - [24/Dec/2025:22:22:31 +0700] "GET /api/v1/showtime/movie/116/date/2025-12-23?page=0&size=5 HTTP/1.1" 200 441 31885
0:0:0:0:0:0:0:1 - - [24/Dec/2025:22:22:36 +0700] "GET /api/v1/movies/116 HTTP/1.1" 200 830 10173
0:0:0:0:0:0:0:1 - - [24/Dec/2025:22:22:36 +0700] "GET /api/v1/showtime/movie/116/date/2025-12-23?page=0&size=5 HTTP/1.1" 200 441 32882
0:0:0:0:0:0:0:1 - - [24/Dec/2025:22:22:40 +0700] "GET /api/v1/movies/116 HTTP/1.1" 200 830 13445
0:0:0:0:0:0:0:1 - - [24/Dec/2025:22:22:40 +0700] "GET /api/v1/showtime/movie/116/date/2025-12-23?page=0&size=5 HTTP/1.1" 200 440 30257
0:0:0:0:0:0:0:1 - - [24/Dec/2025:22:22:45 +0700] "GET /api/v1/movies/116 HTTP/1.1" 200 830 8015
0:0:0:0:0:0:0:1 - - [24/Dec/2025:22:22:45 +0700] "GET /api/v1/showtime/movie/116/date/2025-12-23?page=0&size=5 HTTP/1.1" 200 441 35168
0:0:0:0:0:0:0:1 - - [24/Dec/2025:22:22:50 +0700] "GET /api/v1/movies/116 HTTP/1.1" 200 830 10623
0:0:0:0:0:0:0:1 - - [24/Dec/2025:22:22:50 +0700] "GET /api/v1/showtime/movie/116/date/2025-12-23?page=0&size=5 HTTP/1.1" 200 441 22311
0:0:0:0:0:0:0:1 - - [24/Dec/2025:22:22:57 +0700] "GET /api/v1/movies/116 HTTP/1.1" 200 830 14878
0:0:0:0:0:0:0:1 - - [24/Dec/2025:22:22:57 +0700] "GET /api/v1/showtime/movie/116/date/2025-12-23?page=0&size=5 HTTP/1.1" 200 441 40390
0:0:0:0:0:0:0:1 - - [24/Dec/2025:22:23:18 +0700] "GET /api/v1/movies/116 HTTP/1.1" 200 830 21515
0:0:0:0:0:0:0:1 - - [24/Dec/2025:22:23:18 +0700] "GET /api/v1/showtime/movie/116/date/2025-12-23?page=0&size=5 HTTP/1.1" 200 441 42771
0:0:0:0:0:0:0:1 - - [24/Dec/2025:22:23:31 +0700] "GET /api/v1/movies/116 HTTP/1.1" 200 830 6475
0:0:0:0:0:0:0:1 - - [24/Dec/2025:22:23:31 +0700] "GET /api/v1/showtime/movie/116/date/2025-12-23?page=0&size=5 HTTP/1.1" 200 441 18356
0:0:0:0:0:0:0:1 - - [24/Dec/2025:22:24:01 +0700] "GET /api/v1/movies/116 HTTP/1.1" 200 830 7711
0:0:0:0:0:0:0:1 - - [24/Dec/2025:22:24:01 +0700] "GET /api/v1/showtime/movie/116/date/2025-12-23?page=0&size=5 HTTP/1.1" 200 441 21463
0:0:0:0:0:0:0:1 - - [24/Dec/2025:22:24:57 +0700] "GET /api/v1/movies/116 HTTP/1.1" 200 830 4870
0:0:0:0:0:0:0:1 - - [24/Dec/2025:22:24:57 +0700] "GET /api/v1/showtime/movie/116/date/2025-12-23?page=0&size=5 HTTP/1.1" 200 441 25511
0:0:0:0:0:0:0:1 - - [24/Dec/2025:22:25:27 +0700] "GET /api/v1/movies/116 HTTP/1.1" 200 830 8259
0:0:0:0:0:0:0:1 - - [24/Dec/2025:22:25:27 +0700] "GET /api/v1/showtime/movie/116/date/2025-12-23?page=0&size=5 HTTP/1.1" 200 441 23359
0:0:0:0:0:0:0:1 - - [24/Dec/2025:22:25:30 +0700] "GET /api/v1/movies/116 HTTP/1.1" 200 830 9367
0:0:0:0:0:0:0:1 - - [24/Dec/2025:22:25:30 +0700] "GET /api/v1/showtime/movie/116/date/2025-12-23?page=0&size=5 HTTP/1.1" 200 439 19432
0:0:0:0:0:0:0:1 - - [24/Dec/2025:22:26:12 +0700] "GET /api/v1/movies/116 HTTP/1.1" 200 830 8995
0:0:0:0:0:0:0:1 - - [24/Dec/2025:22:26:12 +0700] "GET /api/v1/cities/all-no-page HTTP/1.1" 500 169 15232
0:0:0:0:0:0:0:1 - - [24/Dec/2025:22:26:12 +0700] "GET /api/v1/movies/116 HTTP/1.1" 200 830 7789
0:0:0:0:0:0:0:1 - - [24/Dec/2025:22:26:12 +0700] "GET /api/v1/cities/all-no-page HTTP/1.1" 500 169 11390
0:0:0:0:0:0:0:1 - - [24/Dec/2025:22:26:12 +0700] "GET /api/v1/showtime/movie/116/date/2025-12-23?page=0&size=5 HTTP/1.1" 200 441 27240
0:0:0:0:0:0:0:1 - - [24/Dec/2025:22:26:12 +0700] "GET /api/v1/showtime/movie/116/date/2025-12-23?page=0&size=5 HTTP/1.1" 200 441 22571
0:0:0:0:0:0:0:1 - - [24/Dec/2025:22:34:54 +0700] "GET /api/v1/movies/top-rated?page=0&size=10 HTTP/1.1" 404 165 120376
0:0:0:0:0:0:0:1 - - [24/Dec/2025:22:34:54 +0700] "GET /api/v1/movies/top-rated?page=0&size=10 HTTP/1.1" 404 165 20883
0:0:0:0:0:0:0:1 - - [24/Dec/2025:22:34:54 +0700] "GET /api/v1/movies/coming-soon?page=0&size=12 HTTP/1.1" 200 5914 241677
0:0:0:0:0:0:0:1 - - [24/Dec/2025:22:34:54 +0700] "GET /api/v1/movies/now-showing?page=0&size=12 HTTP/1.1" 200 7055 251382
0:0:0:0:0:0:0:1 - - [24/Dec/2025:22:34:54 +0700] "GET /api/v1/movies/coming-soon?page=0&size=12 HTTP/1.1" 200 5914 17289
0:0:0:0:0:0:0:1 - - [24/Dec/2025:22:34:54 +0700] "GET /api/v1/movies/now-showing?page=0&size=12 HTTP/1.1" 200 7055 11768
0:0:0:0:0:0:0:1 - - [24/Dec/2025:22:34:54 +0700] "GET /api/v1/movies?page=0&size=20 HTTP/1.1" 200 11162 347464
0:0:0:0:0:0:0:1 - - [24/Dec/2025:22:34:54 +0700] "GET /api/v1/movies?page=0&size=20 HTTP/1.1" 200 11162 9958
0:0:0:0:0:0:0:1 - - [24/Dec/2025:22:34:55 +0700] "GET /api/v1/genres HTTP/1.1" 200 840 38896
0:0:0:0:0:0:0:1 - - [24/Dec/2025:22:34:55 +0700] "GET /api/v1/genres HTTP/1.1" 200 840 5167
0:0:0:0:0:0:0:1 - - [24/Dec/2025:22:34:55 +0700] "GET /api/v1/movies/search?page=0&size=15&sort=id,desc HTTP/1.1" 200 9118 206726
0:0:0:0:0:0:0:1 - - [24/Dec/2025:22:34:56 +0700] "GET /api/v1/movies/search?page=0&size=15&sort=id,desc HTTP/1.1" 200 9118 199896
0:0:0:0:0:0:0:1 - - [24/Dec/2025:22:34:58 +0700] "GET /api/v1/cities/all-no-page HTTP/1.1" 500 169 10290
0:0:0:0:0:0:0:1 - - [24/Dec/2025:22:34:58 +0700] "GET /api/v1/cities/all-no-page HTTP/1.1" 500 169 7134
0:0:0:0:0:0:0:1 - - [24/Dec/2025:22:34:58 +0700] "GET /api/v1/movies/117 HTTP/1.1" 200 1540 37836
0:0:0:0:0:0:0:1 - - [24/Dec/2025:22:34:58 +0700] "GET /api/v1/movies/117 HTTP/1.1" 200 1540 11023
0:0:0:0:0:0:0:1 - - [24/Dec/2025:22:34:58 +0700] "GET /api/v1/showtime/movie/117/date/2025-12-23?page=0&size=5 HTTP/1.1" 200 441 21979
0:0:0:0:0:0:0:1 - - [24/Dec/2025:22:34:58 +0700] "GET /api/v1/showtime/movie/117/date/2025-12-23?page=0&size=5 HTTP/1.1" 200 441 17611
0:0:0:0:0:0:0:1 - - [24/Dec/2025:22:35:49 +0700] "GET /api/v1/genres HTTP/1.1" 200 840 5917
0:0:0:0:0:0:0:1 - - [24/Dec/2025:22:35:49 +0700] "GET /api/v1/genres HTTP/1.1" 200 840 6050
0:0:0:0:0:0:0:1 - - [24/Dec/2025:22:35:50 +0700] "GET /api/v1/movies/search?page=0&size=15&sort=id,desc HTTP/1.1" 200 9118 197384
0:0:0:0:0:0:0:1 - - [24/Dec/2025:22:35:50 +0700] "GET /api/v1/movies/search?page=0&size=15&sort=id,desc HTTP/1.1" 200 9118 176692
0:0:0:0:0:0:0:1 - - [24/Dec/2025:22:35:53 +0700] "GET /api/v1/cities/all-no-page HTTP/1.1" 500 169 8752
0:0:0:0:0:0:0:1 - - [24/Dec/2025:22:35:53 +0700] "GET /api/v1/cities/all-no-page HTTP/1.1" 500 169 6657
0:0:0:0:0:0:0:1 - - [24/Dec/2025:22:35:53 +0700] "GET /api/v1/movies/108 HTTP/1.1" 200 1052 32983
0:0:0:0:0:0:0:1 - - [24/Dec/2025:22:35:53 +0700] "GET /api/v1/movies/108 HTTP/1.1" 200 1052 10478
0:0:0:0:0:0:0:1 - - [24/Dec/2025:22:35:53 +0700] "GET /api/v1/comments/movie/108?page=0&size=10&sort=createdAt,desc HTTP/1.1" 500 168 9529
0:0:0:0:0:0:0:1 - - [24/Dec/2025:22:35:53 +0700] "GET /api/v1/comments/average-rating/108 HTTP/1.1" 500 178 9842
0:0:0:0:0:0:0:1 - - [24/Dec/2025:22:35:53 +0700] "GET /api/v1/comments/movie/108?page=0&size=10&sort=createdAt,desc HTTP/1.1" 500 169 6191
0:0:0:0:0:0:0:1 - - [24/Dec/2025:22:35:53 +0700] "GET /api/v1/comments/average-rating/108 HTTP/1.1" 500 178 7190
0:0:0:0:0:0:0:1 - - [24/Dec/2025:22:35:53 +0700] "GET /api/v1/showtime/movie/108/date/2025-12-23?page=0&size=5 HTTP/1.1" 200 441 19523
0:0:0:0:0:0:0:1 - - [24/Dec/2025:22:35:53 +0700] "GET /api/v1/showtime/movie/108/date/2025-12-23?page=0&size=5 HTTP/1.1" 200 441 18554
0:0:0:0:0:0:0:1 - - [24/Dec/2025:22:37:51 +0700] "GET /api/v1/movies/108 HTTP/1.1" 200 1052 8866
0:0:0:0:0:0:0:1 - - [24/Dec/2025:22:37:51 +0700] "GET /api/v1/cities/all-no-page HTTP/1.1" 500 169 9861
0:0:0:0:0:0:0:1 - - [24/Dec/2025:22:37:51 +0700] "GET /api/v1/cities/all-no-page HTTP/1.1" 500 169 9720
0:0:0:0:0:0:0:1 - - [24/Dec/2025:22:37:51 +0700] "GET /api/v1/movies/108 HTTP/1.1" 200 1052 9696
0:0:0:0:0:0:0:1 - - [24/Dec/2025:22:37:51 +0700] "GET /api/v1/cities/all-no-page HTTP/1.1" 500 169 9123
0:0:0:0:0:0:0:1 - - [24/Dec/2025:22:37:51 +0700] "GET /api/v1/movies/108 HTTP/1.1" 200 1052 9184
0:0:0:0:0:0:0:1 - - [24/Dec/2025:22:37:51 +0700] "GET /api/v1/comments/movie/108?page=0&size=10&sort=createdAt,desc HTTP/1.1" 500 169 8850
0:0:0:0:0:0:0:1 - - [24/Dec/2025:22:37:51 +0700] "GET /api/v1/comments/average-rating/108 HTTP/1.1" 500 178 9833
0:0:0:0:0:0:0:1 - - [24/Dec/2025:22:37:51 +0700] "GET /api/v1/comments/average-rating/108 HTTP/1.1" 500 178 6336
0:0:0:0:0:0:0:1 - - [24/Dec/2025:22:37:51 +0700] "GET /api/v1/comments/movie/108?page=0&size=10&sort=createdAt,desc HTTP/1.1" 500 168 7580
0:0:0:0:0:0:0:1 - - [24/Dec/2025:22:37:51 +0700] "GET /api/v1/showtime/movie/108/date/2025-12-23?page=0&size=5 HTTP/1.1" 200 441 19364
0:0:0:0:0:0:0:1 - - [24/Dec/2025:22:37:52 +0700] "GET /api/v1/showtime/movie/108/date/2025-12-23?page=0&size=5 HTTP/1.1" 200 441 24334
0:0:0:0:0:0:0:1 - - [24/Dec/2025:22:38:13 +0700] "GET /api/v1/movies/108 HTTP/1.1" 200 1052 9776
0:0:0:0:0:0:0:1 - - [24/Dec/2025:22:38:13 +0700] "GET /api/v1/cities/all-no-page HTTP/1.1" 500 169 20184
0:0:0:0:0:0:0:1 - - [24/Dec/2025:22:38:13 +0700] "GET /api/v1/cities/all-no-page HTTP/1.1" 500 169 19298
0:0:0:0:0:0:0:1 - - [24/Dec/2025:22:38:13 +0700] "GET /api/v1/movies/108 HTTP/1.1" 200 1052 22038
0:0:0:0:0:0:0:1 - - [24/Dec/2025:22:38:13 +0700] "GET /api/v1/cities/all-no-page HTTP/1.1" 500 169 14102
0:0:0:0:0:0:0:1 - - [24/Dec/2025:22:38:13 +0700] "GET /api/v1/movies/108 HTTP/1.1" 200 1052 6459
0:0:0:0:0:0:0:1 - - [24/Dec/2025:22:38:13 +0700] "GET /api/v1/movies/search?page=0&size=6&status=NOW_SHOWING&sort=createdAt,desc HTTP/1.1" 200 3964 152871
0:0:0:0:0:0:0:1 - - [24/Dec/2025:22:38:14 +0700] "GET /api/v1/comments/average-rating/108 HTTP/1.1" 500 178 13294
0:0:0:0:0:0:0:1 - - [24/Dec/2025:22:38:14 +0700] "GET /api/v1/comments/movie/108?page=0&size=10&sort=createdAt,desc HTTP/1.1" 500 169 13294
0:0:0:0:0:0:0:1 - - [24/Dec/2025:22:38:14 +0700] "GET /api/v1/movies/search?page=0&size=6&status=NOW_SHOWING&sort=createdAt,desc HTTP/1.1" 200 3964 135635
0:0:0:0:0:0:0:1 - - [24/Dec/2025:22:38:14 +0700] "GET /api/v1/comments/movie/108?page=0&size=10&sort=createdAt,desc HTTP/1.1" 500 169 10184
0:0:0:0:0:0:0:1 - - [24/Dec/2025:22:38:14 +0700] "GET /api/v1/comments/average-rating/108 HTTP/1.1" 500 178 15674
0:0:0:0:0:0:0:1 - - [24/Dec/2025:22:38:14 +0700] "GET /api/v1/showtime/movie/108/date/2025-12-23?page=0&size=5 HTTP/1.1" 200 441 30666
0:0:0:0:0:0:0:1 - - [24/Dec/2025:22:38:14 +0700] "GET /api/v1/movies/search?page=0&size=6&status=NOW_SHOWING&sort=createdAt,desc HTTP/1.1" 200 3964 130489
0:0:0:0:0:0:0:1 - - [24/Dec/2025:22:38:14 +0700] "GET /api/v1/movies/search?page=0&size=6&status=NOW_SHOWING&sort=createdAt,desc HTTP/1.1" 200 3964 139284
0:0:0:0:0:0:0:1 - - [24/Dec/2025:22:38:14 +0700] "GET /api/v1/showtime/movie/108/date/2025-12-23?page=0&size=5 HTTP/1.1" 200 441 17737
0:0:0:0:0:0:0:1 - - [24/Dec/2025:22:38:44 +0700] "GET /api/v1/movies/108 HTTP/1.1" 200 1052 5546
0:0:0:0:0:0:0:1 - - [24/Dec/2025:22:38:45 +0700] "GET /api/v1/comments/movie/108?page=0&size=10&sort=createdAt,desc HTTP/1.1" 500 169 9841
0:0:0:0:0:0:0:1 - - [24/Dec/2025:22:38:45 +0700] "GET /api/v1/comments/average-rating/108 HTTP/1.1" 500 178 9613
0:0:0:0:0:0:0:1 - - [24/Dec/2025:22:38:45 +0700] "GET /api/v1/comments/movie/108?page=0&size=10&sort=createdAt,desc HTTP/1.1" 500 169 12949
0:0:0:0:0:0:0:1 - - [24/Dec/2025:22:38:45 +0700] "GET /api/v1/comments/average-rating/108 HTTP/1.1" 500 178 13004
0:0:0:0:0:0:0:1 - - [24/Dec/2025:22:38:45 +0700] "GET /api/v1/showtime/movie/108/date/2025-12-23?page=0&size=5 HTTP/1.1" 200 441 26433
0:0:0:0:0:0:0:1 - - [24/Dec/2025:22:39:21 +0700] "GET /api/v1/movies/108 HTTP/1.1" 200 1052 6835
0:0:0:0:0:0:0:1 - - [24/Dec/2025:22:39:22 +0700] "GET /api/v1/comments/average-rating/108 HTTP/1.1" 500 177 8766
0:0:0:0:0:0:0:1 - - [24/Dec/2025:22:39:22 +0700] "GET /api/v1/comments/movie/108?page=0&size=10&sort=createdAt,desc HTTP/1.1" 500 169 8977
0:0:0:0:0:0:0:1 - - [24/Dec/2025:22:39:22 +0700] "GET /api/v1/comments/average-rating/108 HTTP/1.1" 500 178 11769
0:0:0:0:0:0:0:1 - - [24/Dec/2025:22:39:22 +0700] "GET /api/v1/comments/movie/108?page=0&size=10&sort=createdAt,desc HTTP/1.1" 500 169 11812
0:0:0:0:0:0:0:1 - - [24/Dec/2025:22:39:22 +0700] "GET /api/v1/showtime/movie/108/date/2025-12-23?page=0&size=5 HTTP/1.1" 200 441 26250
0:0:0:0:0:0:0:1 - - [24/Dec/2025:22:44:22 +0700] "GET /api/v1/genres HTTP/1.1" 200 839 7608
0:0:0:0:0:0:0:1 - - [24/Dec/2025:22:44:22 +0700] "GET /api/v1/genres HTTP/1.1" 200 840 6579
0:0:0:0:0:0:0:1 - - [24/Dec/2025:22:44:22 +0700] "GET /api/v1/movies/search?page=0&size=15&sort=id,desc HTTP/1.1" 200 9118 160290
0:0:0:0:0:0:0:1 - - [24/Dec/2025:22:44:22 +0700] "GET /api/v1/movies/search?page=0&size=15&sort=id,desc HTTP/1.1" 200 9118 151735
0:0:0:0:0:0:0:1 - - [24/Dec/2025:22:44:29 +0700] "GET /api/v1/movies/search?page=0&size=15&sort=id,desc&status=COMING_SOON HTTP/1.1" 200 6163 79502
0:0:0:0:0:0:0:1 - - [24/Dec/2025:22:44:51 +0700] "GET /api/v1/movies/search?page=0&size=15&sort=createdAt,desc HTTP/1.1" 200 9169 146951
0:0:0:0:0:0:0:1 - - [24/Dec/2025:22:44:55 +0700] "GET /api/v1/movies/108 HTTP/1.1" 200 1052 8610
0:0:0:0:0:0:0:1 - - [24/Dec/2025:22:44:55 +0700] "GET /api/v1/cities/all-no-page HTTP/1.1" 500 169 10378
0:0:0:0:0:0:0:1 - - [24/Dec/2025:22:44:55 +0700] "GET /api/v1/movies/108 HTTP/1.1" 200 1052 6116
0:0:0:0:0:0:0:1 - - [24/Dec/2025:22:44:55 +0700] "GET /api/v1/cities/all-no-page HTTP/1.1" 500 169 8108
0:0:0:0:0:0:0:1 - - [24/Dec/2025:22:44:55 +0700] "GET /api/v1/comments/average-rating/108 HTTP/1.1" 500 178 7419
0:0:0:0:0:0:0:1 - - [24/Dec/2025:22:44:55 +0700] "GET /api/v1/comments/movie/108?page=0&size=10&sort=createdAt,desc HTTP/1.1" 500 169 9161
0:0:0:0:0:0:0:1 - - [24/Dec/2025:22:44:55 +0700] "GET /api/v1/comments/movie/108?page=0&size=10&sort=createdAt,desc HTTP/1.1" 500 169 9705
0:0:0:0:0:0:0:1 - - [24/Dec/2025:22:44:55 +0700] "GET /api/v1/comments/average-rating/108 HTTP/1.1" 500 178 10132
0:0:0:0:0:0:0:1 - - [24/Dec/2025:22:44:55 +0700] "GET /api/v1/movies/search?page=0&size=6&status=NOW_SHOWING&sort=createdAt,desc HTTP/1.1" 200 3964 97417
0:0:0:0:0:0:0:1 - - [24/Dec/2025:22:44:55 +0700] "GET /api/v1/showtime/movie/108/date/2025-12-23?page=0&size=5 HTTP/1.1" 200 440 28551
0:0:0:0:0:0:0:1 - - [24/Dec/2025:22:44:55 +0700] "GET /api/v1/showtime/movie/108/date/2025-12-23?page=0&size=5 HTTP/1.1" 200 441 14647
0:0:0:0:0:0:0:1 - - [24/Dec/2025:22:44:55 +0700] "GET /api/v1/movies/search?page=0&size=6&status=NOW_SHOWING&sort=createdAt,desc HTTP/1.1" 200 3964 85977
0:0:0:0:0:0:0:1 - - [24/Dec/2025:22:44:56 +0700] "GET /api/v1/movies/search?page=0&size=6&status=NOW_SHOWING&sort=createdAt,desc HTTP/1.1" 200 3964 72922
0:0:0:0:0:0:0:1 - - [24/Dec/2025:22:45:30 +0700] "GET /api/v1/movies/108 HTTP/1.1" 200 1052 16651
0:0:0:0:0:0:0:1 - - [24/Dec/2025:22:45:30 +0700] "GET /api/v1/cities/all-no-page HTTP/1.1" 500 169 20196
0:0:0:0:0:0:0:1 - - [24/Dec/2025:22:45:30 +0700] "GET /api/v1/movies/108 HTTP/1.1" 200 1052 10420
0:0:0:0:0:0:0:1 - - [24/Dec/2025:22:45:30 +0700] "GET /api/v1/cities/all-no-page HTTP/1.1" 500 169 9407
0:0:0:0:0:0:0:1 - - [24/Dec/2025:22:45:30 +0700] "GET /api/v1/movies/108 HTTP/1.1" 200 1052 13228
0:0:0:0:0:0:0:1 - - [24/Dec/2025:22:45:30 +0700] "GET /api/v1/cities/all-no-page HTTP/1.1" 500 169 12051
0:0:0:0:0:0:0:1 - - [24/Dec/2025:22:45:30 +0700] "GET /api/v1/movies/search?page=0&size=6&status=NOW_SHOWING&sort=createdAt,desc HTTP/1.1" 200 3964 110979
0:0:0:0:0:0:0:1 - - [24/Dec/2025:22:45:30 +0700] "GET /api/v1/comments/movie/108?page=0&size=10&sort=createdAt,desc HTTP/1.1" 500 169 10773
0:0:0:0:0:0:0:1 - - [24/Dec/2025:22:45:30 +0700] "GET /api/v1/comments/average-rating/108 HTTP/1.1" 500 178 6038
0:0:0:0:0:0:0:1 - - [24/Dec/2025:22:45:30 +0700] "GET /api/v1/comments/average-rating/108 HTTP/1.1" 500 178 14417
0:0:0:0:0:0:0:1 - - [24/Dec/2025:22:45:30 +0700] "GET /api/v1/showtime/movie/108/date/2025-12-23?page=0&size=5 HTTP/1.1" 200 441 22618
0:0:0:0:0:0:0:1 - - [24/Dec/2025:22:45:30 +0700] "GET /api/v1/comments/movie/108?page=0&size=10&sort=createdAt,desc HTTP/1.1" 500 169 14673
0:0:0:0:0:0:0:1 - - [24/Dec/2025:22:45:30 +0700] "GET /api/v1/movies/search?page=0&size=6&status=NOW_SHOWING&sort=createdAt,desc HTTP/1.1" 200 3964 102872
0:0:0:0:0:0:0:1 - - [24/Dec/2025:22:45:31 +0700] "GET /api/v1/movies/search?page=0&size=6&status=NOW_SHOWING&sort=createdAt,desc HTTP/1.1" 200 3964 100042
0:0:0:0:0:0:0:1 - - [24/Dec/2025:22:45:31 +0700] "GET /api/v1/showtime/movie/108/date/2025-12-23?page=0&size=5 HTTP/1.1" 200 441 22737
0:0:0:0:0:0:0:1 - - [24/Dec/2025:22:45:31 +0700] "GET /api/v1/movies/search?page=0&size=6&status=NOW_SHOWING&sort=createdAt,desc HTTP/1.1" 200 3964 98850
0:0:0:0:0:0:0:1 - - [24/Dec/2025:22:45:56 +0700] "GET /api/v1/movies/108 HTTP/1.1" 200 1052 52338
0:0:0:0:0:0:0:1 - - [24/Dec/2025:22:45:57 +0700] "GET /api/v1/comments/movie/108?page=0&size=10&sort=createdAt,desc HTTP/1.1" 500 169 19726
0:0:0:0:0:0:0:1 - - [24/Dec/2025:22:45:57 +0700] "GET /api/v1/comments/average-rating/108 HTTP/1.1" 500 178 21106
0:0:0:0:0:0:0:1 - - [24/Dec/2025:22:45:57 +0700] "GET /api/v1/showtime/movie/108/date/2025-12-23?page=0&size=5 HTTP/1.1" 200 441 31107
0:0:0:0:0:0:0:1 - - [24/Dec/2025:22:45:57 +0700] "GET /api/v1/comments/average-rating/108 HTTP/1.1" 500 178 12825
0:0:0:0:0:0:0:1 - - [24/Dec/2025:22:45:57 +0700] "GET /api/v1/comments/movie/108?page=0&size=10&sort=createdAt,desc HTTP/1.1" 500 169 13333
0:0:0:0:0:0:0:1 - - [24/Dec/2025:22:46:09 +0700] "GET /api/v1/movies/108 HTTP/1.1" 200 1052 12013
0:0:0:0:0:0:0:1 - - [24/Dec/2025:22:46:10 +0700] "GET /api/v1/comments/movie/108?page=0&size=10&sort=createdAt,desc HTTP/1.1" 500 168 12642
0:0:0:0:0:0:0:1 - - [24/Dec/2025:22:46:10 +0700] "GET /api/v1/comments/average-rating/108 HTTP/1.1" 500 177 11754
0:0:0:0:0:0:0:1 - - [24/Dec/2025:22:46:10 +0700] "GET /api/v1/comments/movie/108?page=0&size=10&sort=createdAt,desc HTTP/1.1" 500 169 6221
0:0:0:0:0:0:0:1 - - [24/Dec/2025:22:46:10 +0700] "GET /api/v1/showtime/movie/108/date/2025-12-23?page=0&size=5 HTTP/1.1" 200 441 22312
0:0:0:0:0:0:0:1 - - [24/Dec/2025:22:46:10 +0700] "GET /api/v1/comments/average-rating/108 HTTP/1.1" 500 178 6610
0:0:0:0:0:0:0:1 - - [24/Dec/2025:22:46:18 +0700] "GET /api/v1/movies/108 HTTP/1.1" 200 1052 9666
0:0:0:0:0:0:0:1 - - [24/Dec/2025:22:46:19 +0700] "GET /api/v1/comments/average-rating/108 HTTP/1.1" 500 178 13015
0:0:0:0:0:0:0:1 - - [24/Dec/2025:22:46:19 +0700] "GET /api/v1/comments/movie/108?page=0&size=10&sort=createdAt,desc HTTP/1.1" 500 168 13168
0:0:0:0:0:0:0:1 - - [24/Dec/2025:22:46:19 +0700] "GET /api/v1/showtime/movie/108/date/2025-12-23?page=0&size=5 HTTP/1.1" 200 441 29162
0:0:0:0:0:0:0:1 - - [24/Dec/2025:22:46:19 +0700] "GET /api/v1/comments/movie/108?page=0&size=10&sort=createdAt,desc HTTP/1.1" 500 169 14138
0:0:0:0:0:0:0:1 - - [24/Dec/2025:22:46:19 +0700] "GET /api/v1/comments/average-rating/108 HTTP/1.1" 500 178 18730
0:0:0:0:0:0:0:1 - - [24/Dec/2025:22:46:33 +0700] "GET /api/v1/movies/108 HTTP/1.1" 200 1052 8495
0:0:0:0:0:0:0:1 - - [24/Dec/2025:22:46:34 +0700] "GET /api/v1/comments/average-rating/108 HTTP/1.1" 500 178 9103
0:0:0:0:0:0:0:1 - - [24/Dec/2025:22:46:34 +0700] "GET /api/v1/comments/movie/108?page=0&size=10&sort=createdAt,desc HTTP/1.1" 500 169 10097
0:0:0:0:0:0:0:1 - - [24/Dec/2025:22:46:34 +0700] "GET /api/v1/showtime/movie/108/date/2025-12-23?page=0&size=5 HTTP/1.1" 200 441 19413
0:0:0:0:0:0:0:1 - - [24/Dec/2025:22:46:34 +0700] "GET /api/v1/comments/average-rating/108 HTTP/1.1" 500 178 8197
0:0:0:0:0:0:0:1 - - [24/Dec/2025:22:46:34 +0700] "GET /api/v1/comments/movie/108?page=0&size=10&sort=createdAt,desc HTTP/1.1" 500 169 8749
0:0:0:0:0:0:0:1 - - [24/Dec/2025:22:46:51 +0700] "GET /api/v1/movies/108 HTTP/1.1" 200 1052 13653
0:0:0:0:0:0:0:1 - - [24/Dec/2025:22:46:51 +0700] "GET /api/v1/cities/all-no-page HTTP/1.1" 500 169 21365
0:0:0:0:0:0:0:1 - - [24/Dec/2025:22:46:51 +0700] "GET /api/v1/movies/108 HTTP/1.1" 200 1052 8274
0:0:0:0:0:0:0:1 - - [24/Dec/2025:22:46:51 +0700] "GET /api/v1/cities/all-no-page HTTP/1.1" 500 169 8463
0:0:0:0:0:0:0:1 - - [24/Dec/2025:22:46:51 +0700] "GET /api/v1/movies/search?page=0&size=6&status=NOW_SHOWING&sort=createdAt,desc HTTP/1.1" 200 3964 89515
0:0:0:0:0:0:0:1 - - [24/Dec/2025:22:46:51 +0700] "GET /api/v1/comments/movie/108?page=0&size=10&sort=createdAt,desc HTTP/1.1" 500 169 7743
0:0:0:0:0:0:0:1 - - [24/Dec/2025:22:46:51 +0700] "GET /api/v1/comments/average-rating/108 HTTP/1.1" 500 177 7906
0:0:0:0:0:0:0:1 - - [24/Dec/2025:22:46:51 +0700] "GET /api/v1/comments/movie/108?page=0&size=10&sort=createdAt,desc HTTP/1.1" 500 169 5519
0:0:0:0:0:0:0:1 - - [24/Dec/2025:22:46:51 +0700] "GET /api/v1/comments/average-rating/108 HTTP/1.1" 500 178 5612
0:0:0:0:0:0:0:1 - - [24/Dec/2025:22:46:51 +0700] "GET /api/v1/movies/search?page=0&size=6&status=NOW_SHOWING&sort=createdAt,desc HTTP/1.1" 200 3964 57884
0:0:0:0:0:0:0:1 - - [24/Dec/2025:22:46:51 +0700] "GET /api/v1/showtime/movie/108/date/2025-12-23?page=0&size=5 HTTP/1.1" 200 441 19108
0:0:0:0:0:0:0:1 - - [24/Dec/2025:22:46:51 +0700] "GET /api/v1/movies/search?page=0&size=6&status=NOW_SHOWING&sort=createdAt,desc HTTP/1.1" 200 3964 68641
0:0:0:0:0:0:0:1 - - [24/Dec/2025:22:46:56 +0700] "GET /api/v1/movies/search?page=1&size=6&status=NOW_SHOWING&sort=createdAt,desc HTTP/1.1" 200 3963 56829
0:0:0:0:0:0:0:1 - - [24/Dec/2025:22:47:11 +0700] "GET /api/v1/movies/108 HTTP/1.1" 200 1052 7898
0:0:0:0:0:0:0:1 - - [24/Dec/2025:22:47:12 +0700] "GET /api/v1/comments/average-rating/108 HTTP/1.1" 500 178 9702
0:0:0:0:0:0:0:1 - - [24/Dec/2025:22:47:12 +0700] "GET /api/v1/comments/movie/108?page=0&size=10&sort=createdAt,desc HTTP/1.1" 500 169 11812
0:0:0:0:0:0:0:1 - - [24/Dec/2025:22:47:12 +0700] "GET /api/v1/comments/movie/108?page=0&size=10&sort=createdAt,desc HTTP/1.1" 500 168 4708
0:0:0:0:0:0:0:1 - - [24/Dec/2025:22:47:12 +0700] "GET /api/v1/comments/average-rating/108 HTTP/1.1" 500 178 5191
0:0:0:0:0:0:0:1 - - [24/Dec/2025:22:47:12 +0700] "GET /api/v1/showtime/movie/108/date/2025-12-23?page=0&size=5 HTTP/1.1" 200 441 18031
0:0:0:0:0:0:0:1 - - [24/Dec/2025:22:47:41 +0700] "GET /api/v1/movies/108 HTTP/1.1" 200 1052 5576
0:0:0:0:0:0:0:1 - - [24/Dec/2025:22:47:41 +0700] "GET /api/v1/comments/average-rating/108 HTTP/1.1" 500 178 10833
0:0:0:0:0:0:0:1 - - [24/Dec/2025:22:47:41 +0700] "GET /api/v1/comments/movie/108?page=0&size=10&sort=createdAt,desc HTTP/1.1" 500 169 10899
0:0:0:0:0:0:0:1 - - [24/Dec/2025:22:47:41 +0700] "GET /api/v1/comments/average-rating/108 HTTP/1.1" 500 178 7050
0:0:0:0:0:0:0:1 - - [24/Dec/2025:22:47:41 +0700] "GET /api/v1/showtime/movie/108/date/2025-12-23?page=0&size=5 HTTP/1.1" 200 441 19961
0:0:0:0:0:0:0:1 - - [24/Dec/2025:22:47:41 +0700] "GET /api/v1/comments/movie/108?page=0&size=10&sort=createdAt,desc HTTP/1.1" 500 169 8876
0:0:0:0:0:0:0:1 - - [24/Dec/2025:22:47:45 +0700] "GET /api/v1/movies/108 HTTP/1.1" 200 1052 17496
0:0:0:0:0:0:0:1 - - [24/Dec/2025:22:47:45 +0700] "GET /api/v1/cities/all-no-page HTTP/1.1" 500 169 25758
0:0:0:0:0:0:0:1 - - [24/Dec/2025:22:47:45 +0700] "GET /api/v1/movies/108 HTTP/1.1" 200 1052 18782
0:0:0:0:0:0:0:1 - - [24/Dec/2025:22:47:45 +0700] "GET /api/v1/cities/all-no-page HTTP/1.1" 500 169 22500
0:0:0:0:0:0:0:1 - - [24/Dec/2025:22:47:45 +0700] "GET /api/v1/movies/search?page=0&size=7&status=NOW_SHOWING&sort=createdAt,desc HTTP/1.1" 200 4653 136313
0:0:0:0:0:0:0:1 - - [24/Dec/2025:22:47:45 +0700] "GET /api/v1/comments/average-rating/108 HTTP/1.1" 500 178 8867
0:0:0:0:0:0:0:1 - - [24/Dec/2025:22:47:45 +0700] "GET /api/v1/comments/movie/108?page=0&size=10&sort=createdAt,desc HTTP/1.1" 500 169 8950
0:0:0:0:0:0:0:1 - - [24/Dec/2025:22:47:45 +0700] "GET /api/v1/showtime/movie/108/date/2025-12-23?page=0&size=5 HTTP/1.1" 200 440 15726
0:0:0:0:0:0:0:1 - - [24/Dec/2025:22:47:45 +0700] "GET /api/v1/comments/movie/108?page=0&size=10&sort=createdAt,desc HTTP/1.1" 500 169 5197
0:0:0:0:0:0:0:1 - - [24/Dec/2025:22:47:45 +0700] "GET /api/v1/comments/average-rating/108 HTTP/1.1" 500 178 5908
0:0:0:0:0:0:0:1 - - [24/Dec/2025:22:47:46 +0700] "GET /api/v1/movies/search?page=0&size=7&status=NOW_SHOWING&sort=createdAt,desc HTTP/1.1" 200 4653 91649
0:0:0:0:0:0:0:1 - - [24/Dec/2025:22:47:46 +0700] "GET /api/v1/movies/search?page=0&size=7&status=NOW_SHOWING&sort=createdAt,desc HTTP/1.1" 200 4653 72586
0:0:0:0:0:0:0:1 - - [24/Dec/2025:22:47:54 +0700] "GET /api/v1/movies/search?page=1&size=6&status=NOW_SHOWING&sort=createdAt,desc HTTP/1.1" 200 3963 55180
0:0:0:0:0:0:0:1 - - [24/Dec/2025:22:47:59 +0700] "GET /api/v1/movies/110 HTTP/1.1" 200 1198 26605
0:0:0:0:0:0:0:1 - - [24/Dec/2025:22:48:00 +0700] "GET /api/v1/comments/average-rating/110 HTTP/1.1" 500 178 12312
0:0:0:0:0:0:0:1 - - [24/Dec/2025:22:48:00 +0700] "GET /api/v1/comments/movie/110?page=0&size=10&sort=createdAt,desc HTTP/1.1" 500 168 12863
0:0:0:0:0:0:0:1 - - [24/Dec/2025:22:48:00 +0700] "GET /api/v1/showtime/movie/110/date/2025-12-23?page=0&size=5 HTTP/1.1" 200 441 21109
0:0:0:0:0:0:0:1 - - [24/Dec/2025:22:48:00 +0700] "GET /api/v1/comments/average-rating/110 HTTP/1.1" 500 178 8001
0:0:0:0:0:0:0:1 - - [24/Dec/2025:22:48:00 +0700] "GET /api/v1/comments/movie/110?page=0&size=10&sort=createdAt,desc HTTP/1.1" 500 169 7967
0:0:0:0:0:0:0:1 - - [24/Dec/2025:22:48:00 +0700] "GET /api/v1/movies/search?page=0&size=7&status=NOW_SHOWING&sort=createdAt,desc HTTP/1.1" 200 4653 93201
0:0:0:0:0:0:0:1 - - [24/Dec/2025:22:52:12 +0700] "GET /api/v1/movies/110 HTTP/1.1" 200 1198 8131
0:0:0:0:0:0:0:1 - - [24/Dec/2025:22:52:12 +0700] "GET /api/v1/cities/all-no-page HTTP/1.1" 500 168 10363
0:0:0:0:0:0:0:1 - - [24/Dec/2025:22:52:12 +0700] "GET /api/v1/movies/search?page=0&size=7&status=NOW_SHOWING&sort=createdAt,desc HTTP/1.1" 200 4653 73810
0:0:0:0:0:0:0:1 - - [24/Dec/2025:22:52:12 +0700] "GET /api/v1/comments/movie/110?page=0&size=10&sort=createdAt,desc HTTP/1.1" 500 169 13292
0:0:0:0:0:0:0:1 - - [24/Dec/2025:22:52:12 +0700] "GET /api/v1/comments/average-rating/110 HTTP/1.1" 500 178 14413
0:0:0:0:0:0:0:1 - - [24/Dec/2025:22:52:12 +0700] "GET /api/v1/comments/movie/110?page=0&size=10&sort=createdAt,desc HTTP/1.1" 500 169 7359
0:0:0:0:0:0:0:1 - - [24/Dec/2025:22:52:12 +0700] "GET /api/v1/comments/average-rating/110 HTTP/1.1" 500 178 6351
0:0:0:0:0:0:0:1 - - [24/Dec/2025:22:52:12 +0700] "GET /api/v1/showtime/movie/110/date/2025-12-23?page=0&size=5 HTTP/1.1" 200 441 21955
0:0:0:0:0:0:0:1 - - [24/Dec/2025:22:52:12 +0700] "GET /api/v1/movies/search?page=0&size=7&status=NOW_SHOWING&sort=createdAt,desc HTTP/1.1" 200 4653 68774
0:0:0:0:0:0:0:1 - - [24/Dec/2025:22:53:07 +0700] "GET /api/v1/movies/110 HTTP/1.1" 200 1198 6874
0:0:0:0:0:0:0:1 - - [24/Dec/2025:22:53:07 +0700] "GET /api/v1/comments/movie/110?page=0&size=10&sort=createdAt,desc HTTP/1.1" 500 168 7904
0:0:0:0:0:0:0:1 - - [24/Dec/2025:22:53:07 +0700] "GET /api/v1/comments/average-rating/110 HTTP/1.1" 500 178 7239
0:0:0:0:0:0:0:1 - - [24/Dec/2025:22:53:07 +0700] "GET /api/v1/comments/average-rating/110 HTTP/1.1" 500 177 10765
0:0:0:0:0:0:0:1 - - [24/Dec/2025:22:53:07 +0700] "GET /api/v1/comments/movie/110?page=0&size=10&sort=createdAt,desc HTTP/1.1" 500 168 10694
0:0:0:0:0:0:0:1 - - [24/Dec/2025:22:53:07 +0700] "GET /api/v1/showtime/movie/110/date/2025-12-23?page=0&size=5 HTTP/1.1" 200 441 24660
0:0:0:0:0:0:0:1 - - [24/Dec/2025:22:53:35 +0700] "GET /api/v1/movies/110 HTTP/1.1" 200 1198 5607
0:0:0:0:0:0:0:1 - - [24/Dec/2025:22:53:36 +0700] "GET /api/v1/comments/movie/110?page=0&size=10&sort=createdAt,desc HTTP/1.1" 500 169 9432
0:0:0:0:0:0:0:1 - - [24/Dec/2025:22:53:36 +0700] "GET /api/v1/comments/average-rating/110 HTTP/1.1" 500 178 11946
0:0:0:0:0:0:0:1 - - [24/Dec/2025:22:53:36 +0700] "GET /api/v1/comments/movie/110?page=0&size=10&sort=createdAt,desc HTTP/1.1" 500 169 6920
0:0:0:0:0:0:0:1 - - [24/Dec/2025:22:53:36 +0700] "GET /api/v1/showtime/movie/110/date/2025-12-23?page=0&size=5 HTTP/1.1" 200 441 17780
0:0:0:0:0:0:0:1 - - [24/Dec/2025:22:53:36 +0700] "GET /api/v1/comments/average-rating/110 HTTP/1.1" 500 178 6769
0:0:0:0:0:0:0:1 - - [24/Dec/2025:22:54:36 +0700] "GET /api/v1/movies/110 HTTP/1.1" 200 1198 9979
0:0:0:0:0:0:0:1 - - [24/Dec/2025:22:54:37 +0700] "GET /api/v1/comments/movie/110?page=0&size=10&sort=createdAt,desc HTTP/1.1" 500 169 16469
0:0:0:0:0:0:0:1 - - [24/Dec/2025:22:54:37 +0700] "GET /api/v1/comments/average-rating/110 HTTP/1.1" 500 178 10501
0:0:0:0:0:0:0:1 - - [24/Dec/2025:22:54:37 +0700] "GET /api/v1/comments/movie/110?page=0&size=10&sort=createdAt,desc HTTP/1.1" 500 169 12892
0:0:0:0:0:0:0:1 - - [24/Dec/2025:22:54:37 +0700] "GET /api/v1/comments/average-rating/110 HTTP/1.1" 500 178 6487
0:0:0:0:0:0:0:1 - - [24/Dec/2025:22:54:37 +0700] "GET /api/v1/showtime/movie/110/date/2025-12-23?page=0&size=5 HTTP/1.1" 200 441 23196
0:0:0:0:0:0:0:1 - - [24/Dec/2025:22:54:46 +0700] "GET /api/v1/movies/110 HTTP/1.1" 200 1198 15029
0:0:0:0:0:0:0:1 - - [24/Dec/2025:22:54:46 +0700] "GET /api/v1/comments/average-rating/110 HTTP/1.1" 500 178 11706
0:0:0:0:0:0:0:1 - - [24/Dec/2025:22:54:46 +0700] "GET /api/v1/comments/movie/110?page=0&size=10&sort=createdAt,desc HTTP/1.1" 500 169 13002
0:0:0:0:0:0:0:1 - - [24/Dec/2025:22:54:46 +0700] "GET /api/v1/comments/average-rating/110 HTTP/1.1" 500 178 16136
0:0:0:0:0:0:0:1 - - [24/Dec/2025:22:54:46 +0700] "GET /api/v1/comments/movie/110?page=0&size=10&sort=createdAt,desc HTTP/1.1" 500 169 11493
0:0:0:0:0:0:0:1 - - [24/Dec/2025:22:54:46 +0700] "GET /api/v1/showtime/movie/110/date/2025-12-23?page=0&size=5 HTTP/1.1" 200 441 36014
0:0:0:0:0:0:0:1 - - [24/Dec/2025:22:55:40 +0700] "GET /api/v1/movies/110 HTTP/1.1" 200 1198 8363
0:0:0:0:0:0:0:1 - - [24/Dec/2025:22:55:41 +0700] "GET /api/v1/comments/average-rating/110 HTTP/1.1" 500 178 6234
0:0:0:0:0:0:0:1 - - [24/Dec/2025:22:55:41 +0700] "GET /api/v1/comments/movie/110?page=0&size=10&sort=createdAt,desc HTTP/1.1" 500 169 9043
0:0:0:0:0:0:0:1 - - [24/Dec/2025:22:55:41 +0700] "GET /api/v1/comments/average-rating/110 HTTP/1.1" 500 178 7681
0:0:0:0:0:0:0:1 - - [24/Dec/2025:22:55:41 +0700] "GET /api/v1/comments/movie/110?page=0&size=10&sort=createdAt,desc HTTP/1.1" 500 169 7211
0:0:0:0:0:0:0:1 - - [24/Dec/2025:22:55:41 +0700] "GET /api/v1/showtime/movie/110/date/2025-12-23?page=0&size=5 HTTP/1.1" 200 441 22435
0:0:0:0:0:0:0:1 - - [24/Dec/2025:22:57:06 +0700] "GET /api/v1/movies/110 HTTP/1.1" 200 1198 6341
0:0:0:0:0:0:0:1 - - [24/Dec/2025:22:57:07 +0700] "GET /api/v1/comments/average-rating/110 HTTP/1.1" 500 178 80966
0:0:0:0:0:0:0:1 - - [24/Dec/2025:22:57:07 +0700] "GET /api/v1/comments/movie/110?page=0&size=10&sort=createdAt,desc HTTP/1.1" 500 169 94253
0:0:0:0:0:0:0:1 - - [24/Dec/2025:22:57:07 +0700] "GET /api/v1/comments/movie/110?page=0&size=10&sort=createdAt,desc HTTP/1.1" 500 169 27240
0:0:0:0:0:0:0:1 - - [24/Dec/2025:22:57:07 +0700] "GET /api/v1/comments/average-rating/110 HTTP/1.1" 500 178 128900
0:0:0:0:0:0:0:1 - - [24/Dec/2025:22:57:07 +0700] "GET /api/v1/showtime/movie/110/date/2025-12-23?page=0&size=5 HTTP/1.1" 200 441 234456
0:0:0:0:0:0:0:1 - - [24/Dec/2025:22:57:19 +0700] "GET /api/v1/comments/average-rating/110 HTTP/1.1" 500 178 25839
0:0:0:0:0:0:0:1 - - [24/Dec/2025:22:57:19 +0700] "GET /api/v1/movies/110 HTTP/1.1" 200 1198 25569
0:0:0:0:0:0:0:1 - - [24/Dec/2025:22:57:19 +0700] "GET /api/v1/comments/movie/110?page=0&size=10&sort=createdAt,desc HTTP/1.1" 500 169 26189
0:0:0:0:0:0:0:1 - - [24/Dec/2025:22:57:19 +0700] "GET /api/v1/comments/movie/110?page=0&size=10&sort=createdAt,desc HTTP/1.1" 500 169 9723
0:0:0:0:0:0:0:1 - - [24/Dec/2025:22:57:19 +0700] "GET /api/v1/comments/average-rating/110 HTTP/1.1" 500 177 9672
0:0:0:0:0:0:0:1 - - [24/Dec/2025:22:57:20 +0700] "GET /api/v1/comments/average-rating/110 HTTP/1.1" 500 178 10964
0:0:0:0:0:0:0:1 - - [24/Dec/2025:22:57:20 +0700] "GET /api/v1/comments/movie/110?page=0&size=10&sort=createdAt,desc HTTP/1.1" 500 169 13406
0:0:0:0:0:0:0:1 - - [24/Dec/2025:22:57:20 +0700] "GET /api/v1/comments/movie/110?page=0&size=10&sort=createdAt,desc HTTP/1.1" 500 169 4340
0:0:0:0:0:0:0:1 - - [24/Dec/2025:22:57:20 +0700] "GET /api/v1/comments/average-rating/110 HTTP/1.1" 500 178 6773
0:0:0:0:0:0:0:1 - - [24/Dec/2025:22:57:20 +0700] "GET /api/v1/showtime/movie/110/date/2025-12-23?page=0&size=5 HTTP/1.1" 200 441 24417
0:0:0:0:0:0:0:1 - - [24/Dec/2025:22:57:41 +0700] "GET /api/v1/movies/110 HTTP/1.1" 200 1198 15175
0:0:0:0:0:0:0:1 - - [24/Dec/2025:22:57:42 +0700] "GET /api/v1/comments/movie/110?page=0&size=10&sort=createdAt,desc HTTP/1.1" 500 169 12731
0:0:0:0:0:0:0:1 - - [24/Dec/2025:22:57:42 +0700] "GET /api/v1/comments/average-rating/110 HTTP/1.1" 500 178 12460
0:0:0:0:0:0:0:1 - - [24/Dec/2025:22:57:42 +0700] "GET /api/v1/comments/movie/110?page=0&size=10&sort=createdAt,desc HTTP/1.1" 500 169 7278
0:0:0:0:0:0:0:1 - - [24/Dec/2025:22:57:42 +0700] "GET /api/v1/comments/average-rating/110 HTTP/1.1" 500 178 8611
0:0:0:0:0:0:0:1 - - [24/Dec/2025:22:57:42 +0700] "GET /api/v1/showtime/movie/110/date/2025-12-23?page=0&size=5 HTTP/1.1" 200 441 26276
0:0:0:0:0:0:0:1 - - [24/Dec/2025:22:58:50 +0700] "GET /api/v1/movies/110 HTTP/1.1" 200 1198 42613
0:0:0:0:0:0:0:1 - - [24/Dec/2025:22:58:51 +0700] "GET /api/v1/comments/movie/110?page=0&size=10&sort=createdAt,desc HTTP/1.1" 500 169 14798
0:0:0:0:0:0:0:1 - - [24/Dec/2025:22:58:51 +0700] "GET /api/v1/comments/average-rating/110 HTTP/1.1" 500 178 13527
0:0:0:0:0:0:0:1 - - [24/Dec/2025:22:58:51 +0700] "GET /api/v1/comments/movie/110?page=0&size=10&sort=createdAt,desc HTTP/1.1" 500 169 10427
0:0:0:0:0:0:0:1 - - [24/Dec/2025:22:58:51 +0700] "GET /api/v1/comments/average-rating/110 HTTP/1.1" 500 178 13934
0:0:0:0:0:0:0:1 - - [24/Dec/2025:22:58:51 +0700] "GET /api/v1/showtime/movie/110/date/2025-12-23?page=0&size=5 HTTP/1.1" 200 440 30593
0:0:0:0:0:0:0:1 - - [24/Dec/2025:22:59:03 +0700] "GET /api/v1/movies/110 HTTP/1.1" 200 1198 5098
0:0:0:0:0:0:0:1 - - [24/Dec/2025:22:59:04 +0700] "GET /api/v1/comments/average-rating/110 HTTP/1.1" 500 178 5617
0:0:0:0:0:0:0:1 - - [24/Dec/2025:22:59:04 +0700] "GET /api/v1/comments/movie/110?page=0&size=10&sort=createdAt,desc HTTP/1.1" 500 169 6385
0:0:0:0:0:0:0:1 - - [24/Dec/2025:22:59:04 +0700] "GET /api/v1/comments/average-rating/110 HTTP/1.1" 500 178 4815
0:0:0:0:0:0:0:1 - - [24/Dec/2025:22:59:04 +0700] "GET /api/v1/comments/movie/110?page=0&size=10&sort=createdAt,desc HTTP/1.1" 500 169 4831
0:0:0:0:0:0:0:1 - - [24/Dec/2025:22:59:04 +0700] "GET /api/v1/showtime/movie/110/date/2025-12-23?page=0&size=5 HTTP/1.1" 200 441 14537
0:0:0:0:0:0:0:1 - - [24/Dec/2025:22:59:30 +0700] "GET /api/v1/movies/110 HTTP/1.1" 200 1198 4580
0:0:0:0:0:0:0:1 - - [24/Dec/2025:22:59:31 +0700] "GET /api/v1/comments/movie/110?page=0&size=10&sort=createdAt,desc HTTP/1.1" 500 169 10541
0:0:0:0:0:0:0:1 - - [24/Dec/2025:22:59:31 +0700] "GET /api/v1/comments/average-rating/110 HTTP/1.1" 500 178 11548
0:0:0:0:0:0:0:1 - - [24/Dec/2025:22:59:31 +0700] "GET /api/v1/comments/movie/110?page=0&size=10&sort=createdAt,desc HTTP/1.1" 500 169 9099
0:0:0:0:0:0:0:1 - - [24/Dec/2025:22:59:31 +0700] "GET /api/v1/comments/average-rating/110 HTTP/1.1" 500 178 10652
0:0:0:0:0:0:0:1 - - [24/Dec/2025:22:59:31 +0700] "GET /api/v1/showtime/movie/110/date/2025-12-23?page=0&size=5 HTTP/1.1" 200 441 27120
0:0:0:0:0:0:0:1 - - [24/Dec/2025:23:01:43 +0700] "GET /api/v1/movies/110 HTTP/1.1" 200 1198 4273
0:0:0:0:0:0:0:1 - - [24/Dec/2025:23:01:44 +0700] "GET /api/v1/comments/movie/110?page=0&size=10&sort=createdAt,desc HTTP/1.1" 500 169 6148
0:0:0:0:0:0:0:1 - - [24/Dec/2025:23:01:44 +0700] "GET /api/v1/comments/average-rating/110 HTTP/1.1" 500 178 6137
0:0:0:0:0:0:0:1 - - [24/Dec/2025:23:01:44 +0700] "GET /api/v1/comments/movie/110?page=0&size=10&sort=createdAt,desc HTTP/1.1" 500 169 4564
0:0:0:0:0:0:0:1 - - [24/Dec/2025:23:01:44 +0700] "GET /api/v1/comments/average-rating/110 HTTP/1.1" 500 178 4555
0:0:0:0:0:0:0:1 - - [24/Dec/2025:23:01:44 +0700] "GET /api/v1/showtime/movie/110/date/2025-12-23?page=0&size=5 HTTP/1.1" 200 441 13112
0:0:0:0:0:0:0:1 - - [24/Dec/2025:23:01:53 +0700] "GET /api/v1/movies/110 HTTP/1.1" 200 1198 6392
0:0:0:0:0:0:0:1 - - [24/Dec/2025:23:01:54 +0700] "GET /api/v1/comments/movie/110?page=0&size=10&sort=createdAt,desc HTTP/1.1" 500 169 6886
0:0:0:0:0:0:0:1 - - [24/Dec/2025:23:01:54 +0700] "GET /api/v1/comments/average-rating/110 HTTP/1.1" 500 178 6838
0:0:0:0:0:0:0:1 - - [24/Dec/2025:23:01:54 +0700] "GET /api/v1/comments/movie/110?page=0&size=10&sort=createdAt,desc HTTP/1.1" 500 169 4521
0:0:0:0:0:0:0:1 - - [24/Dec/2025:23:01:54 +0700] "GET /api/v1/comments/average-rating/110 HTTP/1.1" 500 178 5301
0:0:0:0:0:0:0:1 - - [24/Dec/2025:23:01:54 +0700] "GET /api/v1/showtime/movie/110/date/2025-12-23?page=0&size=5 HTTP/1.1" 200 441 14557
0:0:0:0:0:0:0:1 - - [24/Dec/2025:23:02:03 +0700] "GET /api/v1/movies/110 HTTP/1.1" 200 1198 4072
0:0:0:0:0:0:0:1 - - [24/Dec/2025:23:02:04 +0700] "GET /api/v1/comments/average-rating/110 HTTP/1.1" 500 178 5502
0:0:0:0:0:0:0:1 - - [24/Dec/2025:23:02:04 +0700] "GET /api/v1/comments/movie/110?page=0&size=10&sort=createdAt,desc HTTP/1.1" 500 169 6822
0:0:0:0:0:0:0:1 - - [24/Dec/2025:23:02:04 +0700] "GET /api/v1/comments/average-rating/110 HTTP/1.1" 500 178 5479
0:0:0:0:0:0:0:1 - - [24/Dec/2025:23:02:04 +0700] "GET /api/v1/comments/movie/110?page=0&size=10&sort=createdAt,desc HTTP/1.1" 500 169 5378
0:0:0:0:0:0:0:1 - - [24/Dec/2025:23:02:04 +0700] "GET /api/v1/showtime/movie/110/date/2025-12-23?page=0&size=5 HTTP/1.1" 200 441 15643
0:0:0:0:0:0:0:1 - - [24/Dec/2025:23:02:44 +0700] "GET /api/v1/movies/110 HTTP/1.1" 200 1198 4578
0:0:0:0:0:0:0:1 - - [24/Dec/2025:23:02:45 +0700] "GET /api/v1/comments/movie/110?page=0&size=10&sort=createdAt,desc HTTP/1.1" 500 169 7719
0:0:0:0:0:0:0:1 - - [24/Dec/2025:23:02:45 +0700] "GET /api/v1/comments/average-rating/110 HTTP/1.1" 500 178 7402
0:0:0:0:0:0:0:1 - - [24/Dec/2025:23:02:45 +0700] "GET /api/v1/comments/movie/110?page=0&size=10&sort=createdAt,desc HTTP/1.1" 500 169 7822
0:0:0:0:0:0:0:1 - - [24/Dec/2025:23:02:45 +0700] "GET /api/v1/comments/average-rating/110 HTTP/1.1" 500 178 6701
0:0:0:0:0:0:0:1 - - [24/Dec/2025:23:02:45 +0700] "GET /api/v1/showtime/movie/110/date/2025-12-23?page=0&size=5 HTTP/1.1" 200 441 15299
0:0:0:0:0:0:0:1 - - [24/Dec/2025:23:09:23 +0700] "GET /api/v1/movies/110 HTTP/1.1" 200 1198 35929
0:0:0:0:0:0:0:1 - - [24/Dec/2025:23:09:24 +0700] "GET /api/v1/comments/movie/110?page=0&size=10&sort=createdAt,desc HTTP/1.1" 500 169 6902
0:0:0:0:0:0:0:1 - - [24/Dec/2025:23:09:24 +0700] "GET /api/v1/comments/average-rating/110 HTTP/1.1" 500 178 6194
0:0:0:0:0:0:0:1 - - [24/Dec/2025:23:09:24 +0700] "GET /api/v1/comments/average-rating/110 HTTP/1.1" 500 178 5508
0:0:0:0:0:0:0:1 - - [24/Dec/2025:23:09:24 +0700] "GET /api/v1/comments/movie/110?page=0&size=10&sort=createdAt,desc HTTP/1.1" 500 169 5424
0:0:0:0:0:0:0:1 - - [24/Dec/2025:23:09:24 +0700] "GET /api/v1/showtime/movie/110/date/2025-12-23?page=0&size=5 HTTP/1.1" 200 441 23292
0:0:0:0:0:0:0:1 - - [24/Dec/2025:23:09:31 +0700] "GET /api/v1/movies/110 HTTP/1.1" 200 1198 5248
0:0:0:0:0:0:0:1 - - [24/Dec/2025:23:09:32 +0700] "GET /api/v1/comments/average-rating/110 HTTP/1.1" 500 178 6966
0:0:0:0:0:0:0:1 - - [24/Dec/2025:23:09:32 +0700] "GET /api/v1/comments/movie/110?page=0&size=10&sort=createdAt,desc HTTP/1.1" 500 169 7085
0:0:0:0:0:0:0:1 - - [24/Dec/2025:23:09:32 +0700] "GET /api/v1/comments/average-rating/110 HTTP/1.1" 500 178 6245
0:0:0:0:0:0:0:1 - - [24/Dec/2025:23:09:32 +0700] "GET /api/v1/showtime/movie/110/date/2025-12-23?page=0&size=5 HTTP/1.1" 200 441 15071
0:0:0:0:0:0:0:1 - - [24/Dec/2025:23:09:32 +0700] "GET /api/v1/comments/movie/110?page=0&size=10&sort=createdAt,desc HTTP/1.1" 500 169 6124
0:0:0:0:0:0:0:1 - - [24/Dec/2025:23:10:37 +0700] "GET /api/v1/movies/110 HTTP/1.1" 200 1198 5420
0:0:0:0:0:0:0:1 - - [24/Dec/2025:23:10:38 +0700] "GET /api/v1/comments/movie/110?page=0&size=10&sort=createdAt,desc HTTP/1.1" 500 168 8815
0:0:0:0:0:0:0:1 - - [24/Dec/2025:23:10:38 +0700] "GET /api/v1/comments/average-rating/110 HTTP/1.1" 500 178 10111
0:0:0:0:0:0:0:1 - - [24/Dec/2025:23:10:38 +0700] "GET /api/v1/comments/movie/110?page=0&size=10&sort=createdAt,desc HTTP/1.1" 500 169 6117
0:0:0:0:0:0:0:1 - - [24/Dec/2025:23:10:38 +0700] "GET /api/v1/comments/average-rating/110 HTTP/1.1" 500 177 4905
0:0:0:0:0:0:0:1 - - [24/Dec/2025:23:10:38 +0700] "GET /api/v1/showtime/movie/110/date/2025-12-23?page=0&size=5 HTTP/1.1" 200 441 21154
0:0:0:0:0:0:0:1 - - [24/Dec/2025:23:10:54 +0700] "GET /api/v1/movies/110 HTTP/1.1" 200 1198 4906
0:0:0:0:0:0:0:1 - - [24/Dec/2025:23:10:55 +0700] "GET /api/v1/comments/average-rating/110 HTTP/1.1" 500 178 7228
0:0:0:0:0:0:0:1 - - [24/Dec/2025:23:10:55 +0700] "GET /api/v1/comments/movie/110?page=0&size=10&sort=createdAt,desc HTTP/1.1" 500 169 7363
0:0:0:0:0:0:0:1 - - [24/Dec/2025:23:10:55 +0700] "GET /api/v1/comments/movie/110?page=0&size=10&sort=createdAt,desc HTTP/1.1" 500 168 5558
0:0:0:0:0:0:0:1 - - [24/Dec/2025:23:10:55 +0700] "GET /api/v1/comments/average-rating/110 HTTP/1.1" 500 178 5641
0:0:0:0:0:0:0:1 - - [24/Dec/2025:23:10:55 +0700] "GET /api/v1/showtime/movie/110/date/2025-12-23?page=0&size=5 HTTP/1.1" 200 440 18129
0:0:0:0:0:0:0:1 - - [24/Dec/2025:23:11:40 +0700] "GET /api/v1/movies/110 HTTP/1.1" 200 1198 5802
0:0:0:0:0:0:0:1 - - [24/Dec/2025:23:11:41 +0700] "GET /api/v1/comments/average-rating/110 HTTP/1.1" 500 178 5686
0:0:0:0:0:0:0:1 - - [24/Dec/2025:23:11:41 +0700] "GET /api/v1/comments/movie/110?page=0&size=10&sort=createdAt,desc HTTP/1.1" 500 169 6908
0:0:0:0:0:0:0:1 - - [24/Dec/2025:23:11:41 +0700] "GET /api/v1/comments/movie/110?page=0&size=10&sort=createdAt,desc HTTP/1.1" 500 169 4515
0:0:0:0:0:0:0:1 - - [24/Dec/2025:23:11:41 +0700] "GET /api/v1/comments/average-rating/110 HTTP/1.1" 500 178 4837
0:0:0:0:0:0:0:1 - - [24/Dec/2025:23:11:41 +0700] "GET /api/v1/showtime/movie/110/date/2025-12-23?page=0&size=5 HTTP/1.1" 200 441 11768
0:0:0:0:0:0:0:1 - - [24/Dec/2025:23:16:27 +0700] "GET /api/v1/movies/110 HTTP/1.1" 200 1198 8079
0:0:0:0:0:0:0:1 - - [24/Dec/2025:23:16:28 +0700] "GET /api/v1/comments/movie/110?page=0&size=10&sort=createdAt,desc HTTP/1.1" 500 169 11363
0:0:0:0:0:0:0:1 - - [24/Dec/2025:23:16:28 +0700] "GET /api/v1/comments/average-rating/110 HTTP/1.1" 500 178 11296
0:0:0:0:0:0:0:1 - - [24/Dec/2025:23:16:28 +0700] "GET /api/v1/comments/average-rating/110 HTTP/1.1" 500 178 6873
0:0:0:0:0:0:0:1 - - [24/Dec/2025:23:16:28 +0700] "GET /api/v1/comments/movie/110?page=0&size=10&sort=createdAt,desc HTTP/1.1" 500 169 6989
0:0:0:0:0:0:0:1 - - [24/Dec/2025:23:16:28 +0700] "GET /api/v1/showtime/movie/110/date/2025-12-23?page=0&size=5 HTTP/1.1" 200 441 20669
0:0:0:0:0:0:0:1 - - [24/Dec/2025:23:16:46 +0700] "GET /api/v1/movies/110 HTTP/1.1" 200 1198 5346
0:0:0:0:0:0:0:1 - - [24/Dec/2025:23:16:47 +0700] "GET /api/v1/comments/average-rating/110 HTTP/1.1" 500 178 5672
0:0:0:0:0:0:0:1 - - [24/Dec/2025:23:16:47 +0700] "GET /api/v1/comments/movie/110?page=0&size=10&sort=createdAt,desc HTTP/1.1" 500 169 6884
0:0:0:0:0:0:0:1 - - [24/Dec/2025:23:16:47 +0700] "GET /api/v1/comments/average-rating/110 HTTP/1.1" 500 178 7280
0:0:0:0:0:0:0:1 - - [24/Dec/2025:23:16:47 +0700] "GET /api/v1/comments/movie/110?page=0&size=10&sort=createdAt,desc HTTP/1.1" 500 169 6176
0:0:0:0:0:0:0:1 - - [24/Dec/2025:23:16:47 +0700] "GET /api/v1/showtime/movie/110/date/2025-12-23?page=0&size=5 HTTP/1.1" 200 441 17450
0:0:0:0:0:0:0:1 - - [24/Dec/2025:23:22:13 +0700] "GET /api/v1/movies/110 HTTP/1.1" 200 1198 27653
0:0:0:0:0:0:0:1 - - [24/Dec/2025:23:22:14 +0700] "GET /api/v1/comments/average-rating/110 HTTP/1.1" 500 178 10637
0:0:0:0:0:0:0:1 - - [24/Dec/2025:23:22:14 +0700] "GET /api/v1/comments/movie/110?page=0&size=10&sort=createdAt,desc HTTP/1.1" 500 169 12631
0:0:0:0:0:0:0:1 - - [24/Dec/2025:23:22:14 +0700] "GET /api/v1/comments/average-rating/110 HTTP/1.1" 500 178 10457
0:0:0:0:0:0:0:1 - - [24/Dec/2025:23:22:14 +0700] "GET /api/v1/comments/movie/110?page=0&size=10&sort=createdAt,desc HTTP/1.1" 500 169 10920
0:0:0:0:0:0:0:1 - - [24/Dec/2025:23:22:14 +0700] "GET /api/v1/showtime/movie/110/date/2025-12-23?page=0&size=5 HTTP/1.1" 200 441 26925
0:0:0:0:0:0:0:1 - - [24/Dec/2025:23:22:24 +0700] "GET /api/v1/movies/110 HTTP/1.1" 200 1198 6910
0:0:0:0:0:0:0:1 - - [24/Dec/2025:23:22:25 +0700] "GET /api/v1/comments/movie/110?page=0&size=10&sort=createdAt,desc HTTP/1.1" 500 168 7997
0:0:0:0:0:0:0:1 - - [24/Dec/2025:23:22:25 +0700] "GET /api/v1/comments/average-rating/110 HTTP/1.1" 500 178 8278
0:0:0:0:0:0:0:1 - - [24/Dec/2025:23:22:25 +0700] "GET /api/v1/comments/movie/110?page=0&size=10&sort=createdAt,desc HTTP/1.1" 500 169 4467
0:0:0:0:0:0:0:1 - - [24/Dec/2025:23:22:25 +0700] "GET /api/v1/comments/average-rating/110 HTTP/1.1" 500 178 4748
0:0:0:0:0:0:0:1 - - [24/Dec/2025:23:22:25 +0700] "GET /api/v1/showtime/movie/110/date/2025-12-23?page=0&size=5 HTTP/1.1" 200 441 14998
0:0:0:0:0:0:0:1 - - [24/Dec/2025:23:22:27 +0700] "GET /api/v1/movies/110 HTTP/1.1" 200 1198 4611
0:0:0:0:0:0:0:1 - - [24/Dec/2025:23:22:28 +0700] "GET /api/v1/comments/movie/110?page=0&size=10&sort=createdAt,desc HTTP/1.1" 500 169 4121
0:0:0:0:0:0:0:1 - - [24/Dec/2025:23:22:28 +0700] "GET /api/v1/comments/average-rating/110 HTTP/1.1" 500 178 4139
0:0:0:0:0:0:0:1 - - [24/Dec/2025:23:22:28 +0700] "GET /api/v1/comments/movie/110?page=0&size=10&sort=createdAt,desc HTTP/1.1" 500 169 6122
0:0:0:0:0:0:0:1 - - [24/Dec/2025:23:22:28 +0700] "GET /api/v1/comments/average-rating/110 HTTP/1.1" 500 178 6797
0:0:0:0:0:0:0:1 - - [24/Dec/2025:23:22:28 +0700] "GET /api/v1/showtime/movie/110/date/2025-12-23?page=0&size=5 HTTP/1.1" 200 441 15110
0:0:0:0:0:0:0:1 - - [24/Dec/2025:23:22:34 +0700] "GET /api/v1/movies/110 HTTP/1.1" 200 1198 5693
0:0:0:0:0:0:0:1 - - [24/Dec/2025:23:22:35 +0700] "GET /api/v1/comments/movie/110?page=0&size=10&sort=createdAt,desc HTTP/1.1" 500 169 7032
0:0:0:0:0:0:0:1 - - [24/Dec/2025:23:22:35 +0700] "GET /api/v1/comments/average-rating/110 HTTP/1.1" 500 177 11393
0:0:0:0:0:0:0:1 - - [24/Dec/2025:23:22:35 +0700] "GET /api/v1/comments/movie/110?page=0&size=10&sort=createdAt,desc HTTP/1.1" 500 169 8917
0:0:0:0:0:0:0:1 - - [24/Dec/2025:23:22:35 +0700] "GET /api/v1/comments/average-rating/110 HTTP/1.1" 500 178 6410
0:0:0:0:0:0:0:1 - - [24/Dec/2025:23:22:35 +0700] "GET /api/v1/showtime/movie/110/date/2025-12-23?page=0&size=5 HTTP/1.1" 200 441 22183
0:0:0:0:0:0:0:1 - - [24/Dec/2025:23:22:37 +0700] "GET /api/v1/movies/110 HTTP/1.1" 200 1198 10103
0:0:0:0:0:0:0:1 - - [24/Dec/2025:23:22:38 +0700] "GET /api/v1/comments/movie/110?page=0&size=10&sort=createdAt,desc HTTP/1.1" 500 169 11317
0:0:0:0:0:0:0:1 - - [24/Dec/2025:23:22:38 +0700] "GET /api/v1/comments/average-rating/110 HTTP/1.1" 500 178 11284
0:0:0:0:0:0:0:1 - - [24/Dec/2025:23:22:38 +0700] "GET /api/v1/comments/movie/110?page=0&size=10&sort=createdAt,desc HTTP/1.1" 500 169 11654
0:0:0:0:0:0:0:1 - - [24/Dec/2025:23:22:38 +0700] "GET /api/v1/showtime/movie/110/date/2025-12-23?page=0&size=5 HTTP/1.1" 200 441 29663
0:0:0:0:0:0:0:1 - - [24/Dec/2025:23:22:38 +0700] "GET /api/v1/comments/average-rating/110 HTTP/1.1" 500 178 10437
0:0:0:0:0:0:0:1 - - [24/Dec/2025:23:22:38 +0700] "GET /api/v1/movies/110 HTTP/1.1" 200 1198 7315
0:0:0:0:0:0:0:1 - - [24/Dec/2025:23:22:38 +0700] "GET /api/v1/comments/average-rating/110 HTTP/1.1" 500 178 9258
0:0:0:0:0:0:0:1 - - [24/Dec/2025:23:22:38 +0700] "GET /api/v1/comments/movie/110?page=0&size=10&sort=createdAt,desc HTTP/1.1" 500 169 11582
0:0:0:0:0:0:0:1 - - [24/Dec/2025:23:22:38 +0700] "GET /api/v1/comments/average-rating/110 HTTP/1.1" 500 178 10097
0:0:0:0:0:0:0:1 - - [24/Dec/2025:23:22:38 +0700] "GET /api/v1/comments/movie/110?page=0&size=10&sort=createdAt,desc HTTP/1.1" 500 169 6839
0:0:0:0:0:0:0:1 - - [24/Dec/2025:23:22:39 +0700] "GET /api/v1/showtime/movie/110/date/2025-12-23?page=0&size=5 HTTP/1.1" 200 441 24507
0:0:0:0:0:0:0:1 - - [24/Dec/2025:23:27:08 +0700] "GET /api/v1/movies/search?page=1&size=6&status=NOW_SHOWING&sort=createdAt,desc HTTP/1.1" 200 3963 83216
0:0:0:0:0:0:0:1 - - [24/Dec/2025:23:27:31 +0700] "GET /api/v1/cities/all-no-page HTTP/1.1" 500 169 16033
0:0:0:0:0:0:0:1 - - [24/Dec/2025:23:27:31 +0700] "GET /api/v1/cities/all-no-page HTTP/1.1" 500 169 9495
0:0:0:0:0:0:0:1 - - [24/Dec/2025:23:27:33 +0700] "GET /api/v1/cities?page=0&size=20 HTTP/1.1" 500 157 15192
0:0:0:0:0:0:0:1 - - [24/Dec/2025:23:27:33 +0700] "GET /api/v1/cities?page=0&size=20 HTTP/1.1" 500 156 11730
0:0:0:0:0:0:0:1 - - [24/Dec/2025:23:27:33 +0700] "GET /api/v1/cinemas?size=1000 HTTP/1.1" 200 437 145419
0:0:0:0:0:0:0:1 - - [24/Dec/2025:23:27:33 +0700] "GET /api/v1/cinemas?size=1000 HTTP/1.1" 200 438 12552
0:0:0:0:0:0:0:1 - - [24/Dec/2025:23:27:36 +0700] "GET /api/v1/genres HTTP/1.1" 200 839 26620
0:0:0:0:0:0:0:1 - - [24/Dec/2025:23:27:36 +0700] "GET /api/v1/genres HTTP/1.1" 200 840 7648
0:0:0:0:0:0:0:1 - - [24/Dec/2025:23:27:36 +0700] "GET /api/v1/movies/search?page=0&size=15&sort=id,desc HTTP/1.1" 200 9118 109395
0:0:0:0:0:0:0:1 - - [24/Dec/2025:23:27:36 +0700] "GET /api/v1/movies/search?page=0&size=15&sort=id,desc HTTP/1.1" 200 9118 93332
0:0:0:0:0:0:0:1 - - [24/Dec/2025:23:31:45 +0700] "GET /api/v1/cities/all-no-page HTTP/1.1" 500 169 7420
0:0:0:0:0:0:0:1 - - [24/Dec/2025:23:31:45 +0700] "GET /api/v1/cities/all-no-page HTTP/1.1" 500 169 3870
0:0:0:0:0:0:0:1 - - [24/Dec/2025:23:31:45 +0700] "GET /api/v1/movies/109 HTTP/1.1" 200 1071 31637
0:0:0:0:0:0:0:1 - - [24/Dec/2025:23:31:45 +0700] "GET /api/v1/movies/109 HTTP/1.1" 200 1071 5441
0:0:0:0:0:0:0:1 - - [24/Dec/2025:23:31:45 +0700] "GET /api/v1/movies/search?page=0&size=7&status=NOW_SHOWING&sort=createdAt,desc HTTP/1.1" 200 4653 71147
0:0:0:0:0:0:0:1 - - [24/Dec/2025:23:31:45 +0700] "GET /api/v1/comments/average-rating/109 HTTP/1.1" 500 177 7429
0:0:0:0:0:0:0:1 - - [24/Dec/2025:23:31:45 +0700] "GET /api/v1/comments/movie/109?page=0&size=10&sort=createdAt,desc HTTP/1.1" 500 169 8149
0:0:0:0:0:0:0:1 - - [24/Dec/2025:23:31:45 +0700] "GET /api/v1/movies/search?page=0&size=7&status=NOW_SHOWING&sort=createdAt,desc HTTP/1.1" 200 4653 69718
0:0:0:0:0:0:0:1 - - [24/Dec/2025:23:31:45 +0700] "GET /api/v1/comments/average-rating/109 HTTP/1.1" 500 178 5693
0:0:0:0:0:0:0:1 - - [24/Dec/2025:23:31:45 +0700] "GET /api/v1/comments/movie/109?page=0&size=10&sort=createdAt,desc HTTP/1.1" 500 169 5573
0:0:0:0:0:0:0:1 - - [24/Dec/2025:23:31:45 +0700] "GET /api/v1/showtime/movie/109/date/2025-12-23?page=0&size=5 HTTP/1.1" 200 441 16423
0:0:0:0:0:0:0:1 - - [24/Dec/2025:23:31:45 +0700] "GET /api/v1/movies/search?page=0&size=7&status=NOW_SHOWING&sort=createdAt,desc HTTP/1.1" 200 4653 62202
0:0:0:0:0:0:0:1 - - [24/Dec/2025:23:31:45 +0700] "GET /api/v1/showtime/movie/109/date/2025-12-23?page=0&size=5 HTTP/1.1" 200 441 12970
0:0:0:0:0:0:0:1 - - [24/Dec/2025:23:31:55 +0700] "GET /api/v1/movies/110 HTTP/1.1" 200 1198 4632
0:0:0:0:0:0:0:1 - - [24/Dec/2025:23:31:56 +0700] "GET /api/v1/comments/movie/110?page=0&size=10&sort=createdAt,desc HTTP/1.1" 500 168 12302
0:0:0:0:0:0:0:1 - - [24/Dec/2025:23:31:56 +0700] "GET /api/v1/comments/average-rating/110 HTTP/1.1" 500 177 11870
0:0:0:0:0:0:0:1 - - [24/Dec/2025:23:31:56 +0700] "GET /api/v1/comments/average-rating/110 HTTP/1.1" 500 178 6190
0:0:0:0:0:0:0:1 - - [24/Dec/2025:23:31:56 +0700] "GET /api/v1/comments/movie/110?page=0&size=10&sort=createdAt,desc HTTP/1.1" 500 169 6308
0:0:0:0:0:0:0:1 - - [24/Dec/2025:23:31:56 +0700] "GET /api/v1/showtime/movie/110/date/2025-12-23?page=0&size=5 HTTP/1.1" 200 441 23049
0:0:0:0:0:0:0:1 - - [24/Dec/2025:23:31:56 +0700] "GET /api/v1/movies/search?page=0&size=7&status=NOW_SHOWING&sort=createdAt,desc HTTP/1.1" 200 4653 71954
