0:0:0:0:0:0:0:1 - - [27/Dec/2025:00:01:40 +0700] "OPTIONS /api/v1/auth/verify HTTP/1.1" 200 - 3618
0:0:0:0:0:0:0:1 - - [27/Dec/2025:00:01:40 +0700] "OPTIONS /api/v1/auth/verify HTTP/1.1" 200 - 1865
0:0:0:0:0:0:0:1 - - [27/Dec/2025:00:01:40 +0700] "OPTIONS /api/v1/auth/verify HTTP/1.1" 200 - 1346
0:0:0:0:0:0:0:1 - - [27/Dec/2025:00:01:40 +0700] "GET /api/v1/auth/verify HTTP/1.1" 200 286 30296
0:0:0:0:0:0:0:1 - - [27/Dec/2025:00:01:40 +0700] "GET /api/v1/auth/verify HTTP/1.1" 200 285 21374
0:0:0:0:0:0:0:1 - - [27/Dec/2025:00:01:40 +0700] "GET /api/v1/auth/verify HTTP/1.1" 200 286 31735
0:0:0:0:0:0:0:1 - - [27/Dec/2025:00:02:08 +0700] "OPTIONS /api/v1/auth/verify HTTP/1.1" 200 - 2632
0:0:0:0:0:0:0:1 - - [27/Dec/2025:00:02:08 +0700] "OPTIONS /api/v1/auth/verify HTTP/1.1" 200 - 2562
0:0:0:0:0:0:0:1 - - [27/Dec/2025:00:02:08 +0700] "OPTIONS /api/v1/auth/verify HTTP/1.1" 200 - 2450
0:0:0:0:0:0:0:1 - - [27/Dec/2025:00:02:08 +0700] "GET /api/v1/auth/verify HTTP/1.1" 200 286 31516
0:0:0:0:0:0:0:1 - - [27/Dec/2025:00:02:08 +0700] "GET /api/v1/auth/verify HTTP/1.1" 200 286 24658
0:0:0:0:0:0:0:1 - - [27/Dec/2025:00:02:08 +0700] "GET /api/v1/auth/verify HTTP/1.1" 200 286 25531
0:0:0:0:0:0:0:1 - - [27/Dec/2025:00:02:44 +0700] "OPTIONS /api/v1/auth/verify HTTP/1.1" 200 - 2875
0:0:0:0:0:0:0:1 - - [27/Dec/2025:00:02:44 +0700] "OPTIONS /api/v1/auth/verify HTTP/1.1" 200 - 2350
0:0:0:0:0:0:0:1 - - [27/Dec/2025:00:02:44 +0700] "OPTIONS /api/v1/auth/verify HTTP/1.1" 200 - 2423
0:0:0:0:0:0:0:1 - - [27/Dec/2025:00:02:44 +0700] "GET /api/v1/auth/verify HTTP/1.1" 200 285 38260
0:0:0:0:0:0:0:1 - - [27/Dec/2025:00:02:44 +0700] "GET /api/v1/auth/verify HTTP/1.1" 200 286 30395
0:0:0:0:0:0:0:1 - - [27/Dec/2025:00:02:44 +0700] "GET /api/v1/auth/verify HTTP/1.1" 200 286 19213
0:0:0:0:0:0:0:1 - - [27/Dec/2025:00:05:54 +0700] "OPTIONS /api/v1/auth/verify HTTP/1.1" 200 - 3624
0:0:0:0:0:0:0:1 - - [27/Dec/2025:00:05:54 +0700] "OPTIONS /api/v1/auth/verify HTTP/1.1" 200 - 1899
0:0:0:0:0:0:0:1 - - [27/Dec/2025:00:05:54 +0700] "OPTIONS /api/v1/auth/verify HTTP/1.1" 200 - 1531
0:0:0:0:0:0:0:1 - - [27/Dec/2025:00:05:54 +0700] "GET /api/v1/auth/verify HTTP/1.1" 200 286 27690
0:0:0:0:0:0:0:1 - - [27/Dec/2025:00:05:54 +0700] "GET /api/v1/auth/verify HTTP/1.1" 200 286 19690
0:0:0:0:0:0:0:1 - - [27/Dec/2025:00:05:54 +0700] "GET /api/v1/auth/verify HTTP/1.1" 200 286 18109
0:0:0:0:0:0:0:1 - - [27/Dec/2025:00:11:33 +0700] "OPTIONS /api/v1/movies?page=0&size=20 HTTP/1.1" 200 - 2686
0:0:0:0:0:0:0:1 - - [27/Dec/2025:00:11:33 +0700] "OPTIONS /api/v1/movies/coming-soon?page=0&size=12 HTTP/1.1" 200 - 1813
0:0:0:0:0:0:0:1 - - [27/Dec/2025:00:11:33 +0700] "OPTIONS /api/v1/movies/now-showing?page=0&size=12 HTTP/1.1" 200 - 2081
0:0:0:0:0:0:0:1 - - [27/Dec/2025:00:11:33 +0700] "OPTIONS /api/v1/movies/top-rated?page=0&size=10 HTTP/1.1" 200 - 1520
0:0:0:0:0:0:0:1 - - [27/Dec/2025:00:11:33 +0700] "OPTIONS /api/v1/movies?page=0&size=20 HTTP/1.1" 200 - 1763
0:0:0:0:0:0:0:1 - - [27/Dec/2025:00:11:33 +0700] "OPTIONS /api/v1/movies/now-showing?page=0&size=12 HTTP/1.1" 200 - 1563
0:0:0:0:0:0:0:1 - - [27/Dec/2025:00:11:33 +0700] "OPTIONS /api/v1/movies/coming-soon?page=0&size=12 HTTP/1.1" 200 - 1713
0:0:0:0:0:0:0:1 - - [27/Dec/2025:00:11:33 +0700] "OPTIONS /api/v1/movies/top-rated?page=0&size=10 HTTP/1.1" 200 - 1715
0:0:0:0:0:0:0:1 - - [27/Dec/2025:00:11:33 +0700] "GET /api/v1/movies/top-rated?page=0&size=10 HTTP/1.1" 404 165 372130
0:0:0:0:0:0:0:1 - - [27/Dec/2025:00:11:33 +0700] "GET /api/v1/movies/top-rated?page=0&size=10 HTTP/1.1" 404 165 61057
0:0:0:0:0:0:0:1 - - [27/Dec/2025:00:11:33 +0700] "GET /api/v1/movies/coming-soon?page=0&size=12 HTTP/1.1" 200 5956 524486
0:0:0:0:0:0:0:1 - - [27/Dec/2025:00:11:33 +0700] "GET /api/v1/movies/now-showing?page=0&size=12 HTTP/1.1" 200 7097 523587
0:0:0:0:0:0:0:1 - - [27/Dec/2025:00:11:33 +0700] "GET /api/v1/movies?page=0&size=20 HTTP/1.1" 200 11204 549395
0:0:0:0:0:0:0:1 - - [27/Dec/2025:00:11:33 +0700] "GET /api/v1/movies/coming-soon?page=0&size=12 HTTP/1.1" 200 5956 52052
0:0:0:0:0:0:0:1 - - [27/Dec/2025:00:11:33 +0700] "GET /api/v1/movies/now-showing?page=0&size=12 HTTP/1.1" 200 7097 52084
0:0:0:0:0:0:0:1 - - [27/Dec/2025:00:11:33 +0700] "GET /api/v1/movies?page=0&size=20 HTTP/1.1" 200 11204 33611
0:0:0:0:0:0:0:1 - - [27/Dec/2025:00:11:37 +0700] "POST /api/v1/auth/logout HTTP/1.1" 500 162 29887
0:0:0:0:0:0:0:1 - - [27/Dec/2025:00:11:44 +0700] "OPTIONS /api/v1/auth/login HTTP/1.1" 200 - 1361
0:0:0:0:0:0:0:1 - - [27/Dec/2025:00:11:44 +0700] "POST /api/v1/auth/login HTTP/1.1" 200 1044 708879
0:0:0:0:0:0:0:1 - - [27/Dec/2025:00:11:45 +0700] "OPTIONS /api/v1/movies/now-showing?page=0&size=12 HTTP/1.1" 200 - 1377
0:0:0:0:0:0:0:1 - - [27/Dec/2025:00:11:45 +0700] "OPTIONS /api/v1/movies/top-rated?page=0&size=10 HTTP/1.1" 200 - 1294
0:0:0:0:0:0:0:1 - - [27/Dec/2025:00:11:45 +0700] "OPTIONS /api/v1/movies/coming-soon?page=0&size=12 HTTP/1.1" 200 - 1865
0:0:0:0:0:0:0:1 - - [27/Dec/2025:00:11:45 +0700] "OPTIONS /api/v1/movies?page=0&size=20 HTTP/1.1" 200 - 2116
0:0:0:0:0:0:0:1 - - [27/Dec/2025:00:11:45 +0700] "OPTIONS /api/v1/movies?page=0&size=20 HTTP/1.1" 200 - 1637
0:0:0:0:0:0:0:1 - - [27/Dec/2025:00:11:45 +0700] "OPTIONS /api/v1/movies/coming-soon?page=0&size=12 HTTP/1.1" 200 - 1431
0:0:0:0:0:0:0:1 - - [27/Dec/2025:00:11:45 +0700] "OPTIONS /api/v1/movies/now-showing?page=0&size=12 HTTP/1.1" 200 - 1870
0:0:0:0:0:0:0:1 - - [27/Dec/2025:00:11:45 +0700] "OPTIONS /api/v1/movies/top-rated?page=0&size=10 HTTP/1.1" 200 - 1654
0:0:0:0:0:0:0:1 - - [27/Dec/2025:00:11:45 +0700] "GET /api/v1/movies/coming-soon?page=0&size=12 HTTP/1.1" 200 5956 18945
0:0:0:0:0:0:0:1 - - [27/Dec/2025:00:11:45 +0700] "GET /api/v1/movies?page=0&size=20 HTTP/1.1" 200 11204 20656
0:0:0:0:0:0:0:1 - - [27/Dec/2025:00:11:45 +0700] "GET /api/v1/movies/now-showing?page=0&size=12 HTTP/1.1" 200 7097 19319
0:0:0:0:0:0:0:1 - - [27/Dec/2025:00:11:45 +0700] "GET /api/v1/movies/top-rated?page=0&size=10 HTTP/1.1" 404 164 25824
0:0:0:0:0:0:0:1 - - [27/Dec/2025:00:11:45 +0700] "GET /api/v1/movies/now-showing?page=0&size=12 HTTP/1.1" 200 7097 27517
0:0:0:0:0:0:0:1 - - [27/Dec/2025:00:11:45 +0700] "GET /api/v1/movies?page=0&size=20 HTTP/1.1" 200 11204 27912
0:0:0:0:0:0:0:1 - - [27/Dec/2025:00:11:45 +0700] "GET /api/v1/movies/coming-soon?page=0&size=12 HTTP/1.1" 200 5956 29757
0:0:0:0:0:0:0:1 - - [27/Dec/2025:00:11:45 +0700] "GET /api/v1/movies/top-rated?page=0&size=10 HTTP/1.1" 404 165 37474
0:0:0:0:0:0:0:1 - - [27/Dec/2025:00:15:25 +0700] "OPTIONS /api/v1/movies?page=0&size=10&sort=releaseDate,desc HTTP/1.1" 200 - 1583
0:0:0:0:0:0:0:1 - - [27/Dec/2025:00:15:25 +0700] "OPTIONS /api/v1/movies?page=0&size=10&sort=releaseDate,desc HTTP/1.1" 200 - 1595
0:0:0:0:0:0:0:1 - - [27/Dec/2025:00:15:25 +0700] "GET /api/v1/movies?page=0&size=10&sort=releaseDate,desc HTTP/1.1" 200 5909 178009
0:0:0:0:0:0:0:1 - - [27/Dec/2025:00:15:25 +0700] "GET /api/v1/movies?page=0&size=10&sort=releaseDate,desc HTTP/1.1" 200 5909 34106
0:0:0:0:0:0:0:1 - - [27/Dec/2025:00:15:36 +0700] "OPTIONS /api/v1/movies?page=0&size=10&sort=releaseDate,desc HTTP/1.1" 200 - 1523
0:0:0:0:0:0:0:1 - - [27/Dec/2025:00:15:36 +0700] "OPTIONS /api/v1/movies?page=0&size=10&sort=releaseDate,desc HTTP/1.1" 200 - 1506
0:0:0:0:0:0:0:1 - - [27/Dec/2025:00:15:36 +0700] "GET /api/v1/movies?page=0&size=10&sort=releaseDate,desc HTTP/1.1" 200 5909 35864
0:0:0:0:0:0:0:1 - - [27/Dec/2025:00:15:36 +0700] "GET /api/v1/movies?page=0&size=10&sort=releaseDate,desc HTTP/1.1" 200 5908 36132
0:0:0:0:0:0:0:1 - - [27/Dec/2025:00:48:33 +0700] "OPTIONS /api/v1/movies?page=0&size=10&sort=releaseDate,desc HTTP/1.1" 200 - 3416
0:0:0:0:0:0:0:1 - - [27/Dec/2025:00:48:33 +0700] "OPTIONS /api/v1/movies?page=0&size=10&sort=releaseDate,desc HTTP/1.1" 200 - 3586
0:0:0:0:0:0:0:1 - - [27/Dec/2025:00:48:33 +0700] "GET /api/v1/movies?page=0&size=10&sort=releaseDate,desc HTTP/1.1" 200 5909 151396
0:0:0:0:0:0:0:1 - - [27/Dec/2025:00:48:33 +0700] "GET /api/v1/movies?page=0&size=10&sort=releaseDate,desc HTTP/1.1" 200 5909 21850
0:0:0:0:0:0:0:1 - - [27/Dec/2025:00:52:14 +0700] "OPTIONS /api/v1/auth/verify HTTP/1.1" 200 - 2924
0:0:0:0:0:0:0:1 - - [27/Dec/2025:00:52:14 +0700] "OPTIONS /api/v1/auth/verify HTTP/1.1" 200 - 2793
0:0:0:0:0:0:0:1 - - [27/Dec/2025:00:52:14 +0700] "GET /api/v1/auth/verify HTTP/1.1" 200 281 40582
0:0:0:0:0:0:0:1 - - [27/Dec/2025:00:52:14 +0700] "GET /api/v1/auth/verify HTTP/1.1" 200 281 22470
0:0:0:0:0:0:0:1 - - [27/Dec/2025:00:52:48 +0700] "OPTIONS /api/v1/auth/verify HTTP/1.1" 200 - 1462
0:0:0:0:0:0:0:1 - - [27/Dec/2025:00:52:48 +0700] "OPTIONS /api/v1/auth/verify HTTP/1.1" 200 - 3518
0:0:0:0:0:0:0:1 - - [27/Dec/2025:00:52:48 +0700] "GET /api/v1/auth/verify HTTP/1.1" 200 281 31968
0:0:0:0:0:0:0:1 - - [27/Dec/2025:00:52:48 +0700] "GET /api/v1/auth/verify HTTP/1.1" 200 281 19287
0:0:0:0:0:0:0:1 - - [27/Dec/2025:00:54:40 +0700] "OPTIONS /api/v1/auth/verify HTTP/1.1" 200 - 1670
0:0:0:0:0:0:0:1 - - [27/Dec/2025:00:54:40 +0700] "OPTIONS /api/v1/auth/verify HTTP/1.1" 200 - 2453
0:0:0:0:0:0:0:1 - - [27/Dec/2025:00:54:40 +0700] "GET /api/v1/auth/verify HTTP/1.1" 200 281 26613
0:0:0:0:0:0:0:1 - - [27/Dec/2025:00:54:40 +0700] "GET /api/v1/auth/verify HTTP/1.1" 200 281 26667
0:0:0:0:0:0:0:1 - - [27/Dec/2025:13:08:48 +0700] "GET /api/v1/movies/top-rated?page=0&size=10 HTTP/1.1" 404 165 428143
0:0:0:0:0:0:0:1 - - [27/Dec/2025:13:08:48 +0700] "GET /api/v1/movies/top-rated?page=0&size=10 HTTP/1.1" 404 164 17603
0:0:0:0:0:0:0:1 - - [27/Dec/2025:13:08:48 +0700] "GET /api/v1/movies/now-showing?page=0&size=12 HTTP/1.1" 200 7097 481844
0:0:0:0:0:0:0:1 - - [27/Dec/2025:13:08:48 +0700] "GET /api/v1/movies/coming-soon?page=0&size=12 HTTP/1.1" 200 5956 483678
0:0:0:0:0:0:0:1 - - [27/Dec/2025:13:08:48 +0700] "GET /api/v1/movies?page=0&size=20 HTTP/1.1" 200 11204 529106
0:0:0:0:0:0:0:1 - - [27/Dec/2025:13:08:48 +0700] "GET /api/v1/movies/now-showing?page=0&size=12 HTTP/1.1" 200 7097 77441
0:0:0:0:0:0:0:1 - - [27/Dec/2025:13:08:48 +0700] "GET /api/v1/movies?page=0&size=20 HTTP/1.1" 200 11204 28572
0:0:0:0:0:0:0:1 - - [27/Dec/2025:13:08:48 +0700] "GET /api/v1/movies/coming-soon?page=0&size=12 HTTP/1.1" 200 5956 78389
0:0:0:0:0:0:0:1 - - [27/Dec/2025:13:08:51 +0700] "OPTIONS /api/v1/auth/login HTTP/1.1" 200 - 3815
0:0:0:0:0:0:0:1 - - [27/Dec/2025:13:08:52 +0700] "POST /api/v1/auth/login HTTP/1.1" 200 1043 753108
0:0:0:0:0:0:0:1 - - [27/Dec/2025:13:08:52 +0700] "OPTIONS /api/v1/movies/top-rated?page=0&size=10 HTTP/1.1" 200 - 1590
0:0:0:0:0:0:0:1 - - [27/Dec/2025:13:08:52 +0700] "OPTIONS /api/v1/movies?page=0&size=20 HTTP/1.1" 200 - 1161
0:0:0:0:0:0:0:1 - - [27/Dec/2025:13:08:52 +0700] "OPTIONS /api/v1/movies/now-showing?page=0&size=12 HTTP/1.1" 200 - 2003
0:0:0:0:0:0:0:1 - - [27/Dec/2025:13:08:52 +0700] "OPTIONS /api/v1/movies?page=0&size=20 HTTP/1.1" 200 - 4428
0:0:0:0:0:0:0:1 - - [27/Dec/2025:13:08:52 +0700] "OPTIONS /api/v1/movies/coming-soon?page=0&size=12 HTTP/1.1" 200 - 1439
0:0:0:0:0:0:0:1 - - [27/Dec/2025:13:08:52 +0700] "OPTIONS /api/v1/movies/coming-soon?page=0&size=12 HTTP/1.1" 200 - 4281
0:0:0:0:0:0:0:1 - - [27/Dec/2025:13:08:52 +0700] "OPTIONS /api/v1/movies/now-showing?page=0&size=12 HTTP/1.1" 200 - 2373
0:0:0:0:0:0:0:1 - - [27/Dec/2025:13:08:52 +0700] "OPTIONS /api/v1/movies/top-rated?page=0&size=10 HTTP/1.1" 200 - 1569
0:0:0:0:0:0:0:1 - - [27/Dec/2025:13:08:52 +0700] "GET /api/v1/movies/coming-soon?page=0&size=12 HTTP/1.1" 200 5956 138672
0:0:0:0:0:0:0:1 - - [27/Dec/2025:13:08:52 +0700] "GET /api/v1/movies?page=0&size=20 HTTP/1.1" 200 11204 140416
0:0:0:0:0:0:0:1 - - [27/Dec/2025:13:08:52 +0700] "GET /api/v1/movies/now-showing?page=0&size=12 HTTP/1.1" 200 7097 152370
0:0:0:0:0:0:0:1 - - [27/Dec/2025:13:08:52 +0700] "GET /api/v1/movies/top-rated?page=0&size=10 HTTP/1.1" 404 165 158417
0:0:0:0:0:0:0:1 - - [27/Dec/2025:13:08:52 +0700] "GET /api/v1/movies/coming-soon?page=0&size=12 HTTP/1.1" 200 5956 63333
0:0:0:0:0:0:0:1 - - [27/Dec/2025:13:08:52 +0700] "GET /api/v1/movies?page=0&size=20 HTTP/1.1" 200 11204 66462
0:0:0:0:0:0:0:1 - - [27/Dec/2025:13:08:52 +0700] "GET /api/v1/movies/now-showing?page=0&size=12 HTTP/1.1" 200 7097 63053
0:0:0:0:0:0:0:1 - - [27/Dec/2025:13:08:52 +0700] "GET /api/v1/movies/top-rated?page=0&size=10 HTTP/1.1" 404 165 70558
0:0:0:0:0:0:0:1 - - [27/Dec/2025:13:09:08 +0700] "OPTIONS /api/v1/auth/verify HTTP/1.1" 200 - 1091
0:0:0:0:0:0:0:1 - - [27/Dec/2025:13:09:08 +0700] "OPTIONS /api/v1/auth/verify HTTP/1.1" 200 - 1441
0:0:0:0:0:0:0:1 - - [27/Dec/2025:13:09:08 +0700] "GET /api/v1/auth/verify HTTP/1.1" 200 281 32352
0:0:0:0:0:0:0:1 - - [27/Dec/2025:13:09:08 +0700] "GET /api/v1/auth/verify HTTP/1.1" 200 281 34447
0:0:0:0:0:0:0:1 - - [27/Dec/2025:13:10:26 +0700] "OPTIONS /api/v1/auth/verify HTTP/1.1" 200 - 1203
0:0:0:0:0:0:0:1 - - [27/Dec/2025:13:10:26 +0700] "OPTIONS /api/v1/auth/verify HTTP/1.1" 200 - 1163
0:0:0:0:0:0:0:1 - - [27/Dec/2025:13:10:26 +0700] "GET /api/v1/auth/verify HTTP/1.1" 200 281 24796
0:0:0:0:0:0:0:1 - - [27/Dec/2025:13:10:26 +0700] "GET /api/v1/auth/verify HTTP/1.1" 200 281 25148
0:0:0:0:0:0:0:1 - - [27/Dec/2025:13:10:26 +0700] "OPTIONS /api/v1/movies?page=0&size=1 HTTP/1.1" 200 - 4164
0:0:0:0:0:0:0:1 - - [27/Dec/2025:13:10:26 +0700] "OPTIONS /api/v1/cinemas?page=0&size=1 HTTP/1.1" 200 - 2015
0:0:0:0:0:0:0:1 - - [27/Dec/2025:13:10:26 +0700] "OPTIONS /api/v1/users?page=0&size=1&sortBy=userId&sortDir=asc HTTP/1.1" 200 - 1843
0:0:0:0:0:0:0:1 - - [27/Dec/2025:13:10:26 +0700] "OPTIONS /api/v1/bookings?page=0&size=5&sortBy=bookingDate&sortDir=desc HTTP/1.1" 200 - 1650
0:0:0:0:0:0:0:1 - - [27/Dec/2025:13:10:26 +0700] "OPTIONS /api/v1/movies?page=0&size=1 HTTP/1.1" 200 - 1566
0:0:0:0:0:0:0:1 - - [27/Dec/2025:13:10:26 +0700] "OPTIONS /api/v1/bookings/statistics?startDate=2025-01-01&endDate=2025-12-31 HTTP/1.1" 200 - 2929
0:0:0:0:0:0:0:1 - - [27/Dec/2025:13:10:26 +0700] "OPTIONS /api/v1/users?page=0&size=1&sortBy=userId&sortDir=asc HTTP/1.1" 200 - 1580
0:0:0:0:0:0:0:1 - - [27/Dec/2025:13:10:26 +0700] "OPTIONS /api/v1/cinemas?page=0&size=1 HTTP/1.1" 200 - 1680
0:0:0:0:0:0:0:1 - - [27/Dec/2025:13:10:26 +0700] "OPTIONS /api/v1/bookings?page=0&size=5&sortBy=bookingDate&sortDir=desc HTTP/1.1" 200 - 4160
0:0:0:0:0:0:0:1 - - [27/Dec/2025:13:10:26 +0700] "OPTIONS /api/v1/bookings/statistics?startDate=2025-01-01&endDate=2025-12-31 HTTP/1.1" 200 - 3151
0:0:0:0:0:0:0:1 - - [27/Dec/2025:13:10:26 +0700] "GET /api/v1/bookings/statistics?startDate=2025-01-01&endDate=2025-12-31 HTTP/1.1" 500 287 40194
0:0:0:0:0:0:0:1 - - [27/Dec/2025:13:10:26 +0700] "GET /api/v1/movies?page=0&size=1 HTTP/1.1" 200 704 70381
0:0:0:0:0:0:0:1 - - [27/Dec/2025:13:10:26 +0700] "GET /api/v1/users?page=0&size=1&sortBy=userId&sortDir=asc HTTP/1.1" 500 173 66377
0:0:0:0:0:0:0:1 - - [27/Dec/2025:13:10:26 +0700] "GET /api/v1/bookings?page=0&size=5&sortBy=bookingDate&sortDir=desc HTTP/1.1" 200 433 67943
0:0:0:0:0:0:0:1 - - [27/Dec/2025:13:10:26 +0700] "GET /api/v1/bookings/statistics?startDate=2025-01-01&endDate=2025-12-31 HTTP/1.1" 500 286 37659
0:0:0:0:0:0:0:1 - - [27/Dec/2025:13:10:26 +0700] "GET /api/v1/cinemas?page=0&size=1 HTTP/1.1" 200 725 101852
0:0:0:0:0:0:0:1 - - [27/Dec/2025:13:10:26 +0700] "GET /api/v1/movies?page=0&size=1 HTTP/1.1" 200 703 36931
0:0:0:0:0:0:0:1 - - [27/Dec/2025:13:10:26 +0700] "GET /api/v1/users?page=0&size=1&sortBy=userId&sortDir=asc HTTP/1.1" 500 173 42400
0:0:0:0:0:0:0:1 - - [27/Dec/2025:13:10:26 +0700] "GET /api/v1/bookings?page=0&size=5&sortBy=bookingDate&sortDir=desc HTTP/1.1" 200 432 41019
0:0:0:0:0:0:0:1 - - [27/Dec/2025:13:10:26 +0700] "GET /api/v1/cinemas?page=0&size=1 HTTP/1.1" 200 727 33734
0:0:0:0:0:0:0:1 - - [27/Dec/2025:13:12:20 +0700] "OPTIONS /api/v1/users?page=0&size=1&sortBy=userId&sortDir=asc HTTP/1.1" 200 - 1446
0:0:0:0:0:0:0:1 - - [27/Dec/2025:13:12:20 +0700] "OPTIONS /api/v1/movies?page=0&size=1 HTTP/1.1" 200 - 2277
0:0:0:0:0:0:0:1 - - [27/Dec/2025:13:12:20 +0700] "OPTIONS /api/v1/cinemas?page=0&size=1 HTTP/1.1" 200 - 1591
0:0:0:0:0:0:0:1 - - [27/Dec/2025:13:12:20 +0700] "OPTIONS /api/v1/bookings?page=0&size=5&sortBy=bookingDate&sortDir=desc HTTP/1.1" 200 - 1689
0:0:0:0:0:0:0:1 - - [27/Dec/2025:13:12:20 +0700] "OPTIONS /api/v1/bookings/statistics?startDate=2025-01-01&endDate=2025-12-31 HTTP/1.1" 200 - 2005
0:0:0:0:0:0:0:1 - - [27/Dec/2025:13:12:20 +0700] "GET /api/v1/cinemas?page=0&size=1 HTTP/1.1" 200 727 31686
0:0:0:0:0:0:0:1 - - [27/Dec/2025:13:12:20 +0700] "GET /api/v1/movies?page=0&size=1 HTTP/1.1" 200 704 33184
0:0:0:0:0:0:0:1 - - [27/Dec/2025:13:12:20 +0700] "GET /api/v1/users?page=0&size=1&sortBy=userId&sortDir=asc HTTP/1.1" 500 173 32637
0:0:0:0:0:0:0:1 - - [27/Dec/2025:13:12:20 +0700] "GET /api/v1/bookings?page=0&size=5&sortBy=bookingDate&sortDir=desc HTTP/1.1" 200 433 35008
0:0:0:0:0:0:0:1 - - [27/Dec/2025:13:12:20 +0700] "GET /api/v1/bookings/statistics?startDate=2025-01-01&endDate=2025-12-31 HTTP/1.1" 500 287 35993
0:0:0:0:0:0:0:1 - - [27/Dec/2025:13:12:20 +0700] "GET /api/v1/users?page=0&size=1&sortBy=userId&sortDir=asc HTTP/1.1" 500 173 49589
0:0:0:0:0:0:0:1 - - [27/Dec/2025:13:12:20 +0700] "GET /api/v1/movies?page=0&size=1 HTTP/1.1" 200 704 52280
0:0:0:0:0:0:0:1 - - [27/Dec/2025:13:12:20 +0700] "GET /api/v1/cinemas?page=0&size=1 HTTP/1.1" 200 727 53068
0:0:0:0:0:0:0:1 - - [27/Dec/2025:13:12:20 +0700] "GET /api/v1/bookings/statistics?startDate=2025-01-01&endDate=2025-12-31 HTTP/1.1" 500 287 66651
0:0:0:0:0:0:0:1 - - [27/Dec/2025:13:12:20 +0700] "GET /api/v1/bookings?page=0&size=5&sortBy=bookingDate&sortDir=desc HTTP/1.1" 200 433 73997
0:0:0:0:0:0:0:1 - - [27/Dec/2025:13:12:20 +0700] "GET /api/v1/users?page=0&size=1&sortBy=userId&sortDir=asc HTTP/1.1" 500 173 42193
0:0:0:0:0:0:0:1 - - [27/Dec/2025:13:12:20 +0700] "GET /api/v1/cinemas?page=0&size=1 HTTP/1.1" 200 727 35722
0:0:0:0:0:0:0:1 - - [27/Dec/2025:13:12:20 +0700] "GET /api/v1/movies?page=0&size=1 HTTP/1.1" 200 704 36095
0:0:0:0:0:0:0:1 - - [27/Dec/2025:13:12:20 +0700] "GET /api/v1/bookings/statistics?startDate=2025-01-01&endDate=2025-12-31 HTTP/1.1" 500 287 28335
0:0:0:0:0:0:0:1 - - [27/Dec/2025:13:12:20 +0700] "GET /api/v1/bookings?page=0&size=5&sortBy=bookingDate&sortDir=desc HTTP/1.1" 200 433 26760
0:0:0:0:0:0:0:1 - - [27/Dec/2025:13:14:40 +0700] "OPTIONS /api/v1/movies?page=0&size=10&sort=releaseDate,desc HTTP/1.1" 200 - 1847
0:0:0:0:0:0:0:1 - - [27/Dec/2025:13:14:40 +0700] "OPTIONS /api/v1/movies?page=0&size=10&sort=releaseDate,desc HTTP/1.1" 200 - 3364
0:0:0:0:0:0:0:1 - - [27/Dec/2025:13:14:40 +0700] "GET /api/v1/movies?page=0&size=10&sort=releaseDate,desc HTTP/1.1" 200 5909 233791
0:0:0:0:0:0:0:1 - - [27/Dec/2025:13:14:40 +0700] "GET /api/v1/movies?page=0&size=10&sort=releaseDate,desc HTTP/1.1" 200 5909 26978
0:0:0:0:0:0:0:1 - - [27/Dec/2025:13:20:22 +0700] "OPTIONS /api/v1/movies?page=11&size=10&sort=releaseDate,desc HTTP/1.1" 200 - 3106
0:0:0:0:0:0:0:1 - - [27/Dec/2025:13:20:22 +0700] "GET /api/v1/movies?page=11&size=10&sort=releaseDate,desc HTTP/1.1" 200 4764 120918
0:0:0:0:0:0:0:1 - - [27/Dec/2025:13:20:24 +0700] "OPTIONS /api/v1/movies?page=8&size=10&sort=releaseDate,desc HTTP/1.1" 200 - 1164
0:0:0:0:0:0:0:1 - - [27/Dec/2025:13:20:24 +0700] "GET /api/v1/movies?page=8&size=10&sort=releaseDate,desc HTTP/1.1" 200 5675 125492
0:0:0:0:0:0:0:1 - - [27/Dec/2025:13:20:30 +0700] "OPTIONS /api/v1/movies?page=0&size=1 HTTP/1.1" 200 - 1505
0:0:0:0:0:0:0:1 - - [27/Dec/2025:13:20:30 +0700] "OPTIONS /api/v1/cinemas?page=0&size=1 HTTP/1.1" 200 - 1055
0:0:0:0:0:0:0:1 - - [27/Dec/2025:13:20:30 +0700] "OPTIONS /api/v1/bookings?page=0&size=5&sortBy=bookingDate&sortDir=desc HTTP/1.1" 200 - 1109
0:0:0:0:0:0:0:1 - - [27/Dec/2025:13:20:30 +0700] "OPTIONS /api/v1/users?page=0&size=1&sortBy=userId&sortDir=asc HTTP/1.1" 200 - 1095
0:0:0:0:0:0:0:1 - - [27/Dec/2025:13:20:30 +0700] "OPTIONS /api/v1/bookings/statistics?startDate=2025-01-01&endDate=2025-12-31 HTTP/1.1" 200 - 1076
0:0:0:0:0:0:0:1 - - [27/Dec/2025:13:20:30 +0700] "OPTIONS /api/v1/movies/coming-soon?page=0&size=5 HTTP/1.1" 200 - 1811
0:0:0:0:0:0:0:1 - - [27/Dec/2025:13:20:30 +0700] "OPTIONS /api/v1/showtime?date=2025-12-27 HTTP/1.1" 200 - 1395
0:0:0:0:0:0:0:1 - - [27/Dec/2025:13:20:30 +0700] "OPTIONS /api/v1/movies?page=0&size=1 HTTP/1.1" 200 - 1332
0:0:0:0:0:0:0:1 - - [27/Dec/2025:13:20:30 +0700] "OPTIONS /api/v1/cinemas?page=0&size=1 HTTP/1.1" 200 - 1173
0:0:0:0:0:0:0:1 - - [27/Dec/2025:13:20:30 +0700] "OPTIONS /api/v1/users?page=0&size=1&sortBy=userId&sortDir=asc HTTP/1.1" 200 - 955
0:0:0:0:0:0:0:1 - - [27/Dec/2025:13:20:30 +0700] "OPTIONS /api/v1/bookings?page=0&size=5&sortBy=bookingDate&sortDir=desc HTTP/1.1" 200 - 885
0:0:0:0:0:0:0:1 - - [27/Dec/2025:13:20:30 +0700] "OPTIONS /api/v1/bookings/statistics?startDate=2025-01-01&endDate=2025-12-31 HTTP/1.1" 200 - 1059
0:0:0:0:0:0:0:1 - - [27/Dec/2025:13:20:30 +0700] "OPTIONS /api/v1/movies/coming-soon?page=0&size=5 HTTP/1.1" 200 - 853
0:0:0:0:0:0:0:1 - - [27/Dec/2025:13:20:30 +0700] "OPTIONS /api/v1/showtime?date=2025-12-27 HTTP/1.1" 200 - 675
0:0:0:0:0:0:0:1 - - [27/Dec/2025:13:20:30 +0700] "GET /api/v1/users?page=0&size=1&sortBy=userId&sortDir=asc HTTP/1.1" 500 173 21896
0:0:0:0:0:0:0:1 - - [27/Dec/2025:13:20:30 +0700] "GET /api/v1/bookings?page=0&size=5&sortBy=bookingDate&sortDir=desc HTTP/1.1" 200 433 24627
0:0:0:0:0:0:0:1 - - [27/Dec/2025:13:20:30 +0700] "GET /api/v1/bookings/statistics?startDate=2025-01-01&endDate=2025-12-31 HTTP/1.1" 500 287 28334
0:0:0:0:0:0:0:1 - - [27/Dec/2025:13:20:30 +0700] "GET /api/v1/cinemas?page=0&size=1 HTTP/1.1" 200 727 41350
0:0:0:0:0:0:0:1 - - [27/Dec/2025:13:20:30 +0700] "GET /api/v1/movies?page=0&size=1 HTTP/1.1" 200 704 41437
0:0:0:0:0:0:0:1 - - [27/Dec/2025:13:20:30 +0700] "GET /api/v1/users?page=0&size=1&sortBy=userId&sortDir=asc HTTP/1.1" 500 173 19538
0:0:0:0:0:0:0:1 - - [27/Dec/2025:13:20:30 +0700] "GET /api/v1/bookings?page=0&size=5&sortBy=bookingDate&sortDir=desc HTTP/1.1" 200 433 24105
0:0:0:0:0:0:0:1 - - [27/Dec/2025:13:20:30 +0700] "GET /api/v1/showtime?date=2025-12-27 HTTP/1.1" 500 178 34161
0:0:0:0:0:0:0:1 - - [27/Dec/2025:13:20:30 +0700] "GET /api/v1/bookings/statistics?startDate=2025-01-01&endDate=2025-12-31 HTTP/1.1" 500 287 22047
0:0:0:0:0:0:0:1 - - [27/Dec/2025:13:20:30 +0700] "GET /api/v1/movies?page=0&size=1 HTTP/1.1" 200 704 20108
0:0:0:0:0:0:0:1 - - [27/Dec/2025:13:20:30 +0700] "GET /api/v1/cinemas?page=0&size=1 HTTP/1.1" 200 727 19116
0:0:0:0:0:0:0:1 - - [27/Dec/2025:13:20:30 +0700] "GET /api/v1/showtime?date=2025-12-27 HTTP/1.1" 500 177 21724
0:0:0:0:0:0:0:1 - - [27/Dec/2025:13:20:30 +0700] "GET /api/v1/movies/coming-soon?page=0&size=5 HTTP/1.1" 200 3113 82935
0:0:0:0:0:0:0:1 - - [27/Dec/2025:13:20:30 +0700] "GET /api/v1/movies/coming-soon?page=0&size=5 HTTP/1.1" 200 3113 17284
0:0:0:0:0:0:0:1 - - [27/Dec/2025:13:20:32 +0700] "OPTIONS /api/v1/movies?page=0&size=10&sort=releaseDate,desc HTTP/1.1" 200 - 986
0:0:0:0:0:0:0:1 - - [27/Dec/2025:13:20:32 +0700] "OPTIONS /api/v1/movies?page=0&size=10&sort=releaseDate,desc HTTP/1.1" 200 - 989
0:0:0:0:0:0:0:1 - - [27/Dec/2025:13:20:32 +0700] "GET /api/v1/movies?page=0&size=10&sort=releaseDate,desc HTTP/1.1" 200 5909 22525
0:0:0:0:0:0:0:1 - - [27/Dec/2025:13:20:32 +0700] "GET /api/v1/movies?page=0&size=10&sort=releaseDate,desc HTTP/1.1" 200 5909 24063
0:0:0:0:0:0:0:1 - - [27/Dec/2025:13:21:57 +0700] "OPTIONS /api/v1/movies?page=0&size=10&sort=releaseDate,desc HTTP/1.1" 200 - 1435
0:0:0:0:0:0:0:1 - - [27/Dec/2025:13:21:57 +0700] "OPTIONS /api/v1/movies?page=0&size=10&sort=releaseDate,desc HTTP/1.1" 200 - 930
0:0:0:0:0:0:0:1 - - [27/Dec/2025:13:21:57 +0700] "OPTIONS /api/v1/movies?page=0&size=10&sort=releaseDate,desc HTTP/1.1" 200 - 908
0:0:0:0:0:0:0:1 - - [27/Dec/2025:13:21:57 +0700] "GET /api/v1/movies?page=0&size=10&sort=releaseDate,desc HTTP/1.1" 200 5909 28197
0:0:0:0:0:0:0:1 - - [27/Dec/2025:13:21:57 +0700] "GET /api/v1/movies?page=0&size=10&sort=releaseDate,desc HTTP/1.1" 200 5909 20675
0:0:0:0:0:0:0:1 - - [27/Dec/2025:13:21:57 +0700] "GET /api/v1/movies?page=0&size=10&sort=releaseDate,desc HTTP/1.1" 200 5909 17387
0:0:0:0:0:0:0:1 - - [27/Dec/2025:13:22:09 +0700] "OPTIONS /api/v1/movies?page=1&size=10&sort=releaseDate,desc HTTP/1.1" 200 - 1065
0:0:0:0:0:0:0:1 - - [27/Dec/2025:13:22:09 +0700] "GET /api/v1/movies?page=1&size=10&sort=releaseDate,desc HTTP/1.1" 200 5880 116723
0:0:0:0:0:0:0:1 - - [27/Dec/2025:13:22:12 +0700] "OPTIONS /api/v1/movies?page=2&size=10&sort=releaseDate,desc HTTP/1.1" 200 - 1378
0:0:0:0:0:0:0:1 - - [27/Dec/2025:13:22:12 +0700] "GET /api/v1/movies?page=2&size=10&sort=releaseDate,desc HTTP/1.1" 200 5819 105550
0:0:0:0:0:0:0:1 - - [27/Dec/2025:13:22:15 +0700] "OPTIONS /api/v1/movies?page=0&size=10&sort=releaseDate,desc HTTP/1.1" 200 - 1694
0:0:0:0:0:0:0:1 - - [27/Dec/2025:13:22:15 +0700] "GET /api/v1/movies?page=0&size=10&sort=releaseDate,desc HTTP/1.1" 200 5909 18803
0:0:0:0:0:0:0:1 - - [27/Dec/2025:13:23:21 +0700] "OPTIONS /api/v1/movies?page=0&size=1000 HTTP/1.1" 200 - 1625
0:0:0:0:0:0:0:1 - - [27/Dec/2025:13:23:21 +0700] "OPTIONS /api/v1/movies?page=0&size=10&sort=releaseDate,desc HTTP/1.1" 200 - 1659
0:0:0:0:0:0:0:1 - - [27/Dec/2025:13:23:21 +0700] "OPTIONS /api/v1/movies?page=0&size=10&sort=releaseDate,desc HTTP/1.1" 200 - 814
0:0:0:0:0:0:0:1 - - [27/Dec/2025:13:23:21 +0700] "GET /api/v1/movies?page=0&size=10&sort=releaseDate,desc HTTP/1.1" 200 5909 29832
0:0:0:0:0:0:0:1 - - [27/Dec/2025:13:23:21 +0700] "GET /api/v1/movies?page=0&size=10&sort=releaseDate,desc HTTP/1.1" 200 5909 29306
0:0:0:0:0:0:0:1 - - [27/Dec/2025:13:23:21 +0700] "GET /api/v1/movies?page=0&size=10&sort=releaseDate,desc HTTP/1.1" 200 5909 19253
0:0:0:0:0:0:0:1 - - [27/Dec/2025:13:23:22 +0700] "GET /api/v1/movies?page=0&size=1000 HTTP/1.1" 200 65484 1002096
0:0:0:0:0:0:0:1 - - [27/Dec/2025:13:23:22 +0700] "GET /api/v1/movies?page=0&size=1000 HTTP/1.1" 200 65484 16779
0:0:0:0:0:0:0:1 - - [27/Dec/2025:13:23:22 +0700] "GET /api/v1/movies?page=0&size=1000 HTTP/1.1" 200 65484 17594
0:0:0:0:0:0:0:1 - - [27/Dec/2025:13:23:52 +0700] "OPTIONS /api/v1/auth/verify HTTP/1.1" 200 - 1089
0:0:0:0:0:0:0:1 - - [27/Dec/2025:13:23:52 +0700] "OPTIONS /api/v1/auth/verify HTTP/1.1" 200 - 1060
0:0:0:0:0:0:0:1 - - [27/Dec/2025:13:23:52 +0700] "GET /api/v1/auth/verify HTTP/1.1" 200 281 14702
0:0:0:0:0:0:0:1 - - [27/Dec/2025:13:23:52 +0700] "GET /api/v1/auth/verify HTTP/1.1" 200 281 23847
0:0:0:0:0:0:0:1 - - [27/Dec/2025:13:23:52 +0700] "OPTIONS /api/v1/movies?page=0&size=10&sort=releaseDate,desc HTTP/1.1" 200 - 1085
0:0:0:0:0:0:0:1 - - [27/Dec/2025:13:23:52 +0700] "OPTIONS /api/v1/movies?page=0&size=10&sort=releaseDate,desc HTTP/1.1" 200 - 1055
0:0:0:0:0:0:0:1 - - [27/Dec/2025:13:23:52 +0700] "OPTIONS /api/v1/movies?page=0&size=1000 HTTP/1.1" 200 - 1055
0:0:0:0:0:0:0:1 - - [27/Dec/2025:13:23:52 +0700] "OPTIONS /api/v1/movies?page=0&size=1000 HTTP/1.1" 200 - 589
0:0:0:0:0:0:0:1 - - [27/Dec/2025:13:23:52 +0700] "GET /api/v1/movies?page=0&size=10&sort=releaseDate,desc HTTP/1.1" 200 5909 28412
0:0:0:0:0:0:0:1 - - [27/Dec/2025:13:23:52 +0700] "GET /api/v1/movies?page=0&size=1000 HTTP/1.1" 200 65484 34972
0:0:0:0:0:0:0:1 - - [27/Dec/2025:13:23:52 +0700] "GET /api/v1/movies?page=0&size=10&sort=releaseDate,desc HTTP/1.1" 200 5909 16789
0:0:0:0:0:0:0:1 - - [27/Dec/2025:13:23:52 +0700] "GET /api/v1/movies?page=0&size=1000 HTTP/1.1" 200 65484 18974
0:0:0:0:0:0:0:1 - - [27/Dec/2025:13:24:04 +0700] "OPTIONS /api/v1/movies?page=0&size=10&sort=releaseDate,desc&status=COMING_SOON HTTP/1.1" 200 - 2662
0:0:0:0:0:0:0:1 - - [27/Dec/2025:13:24:04 +0700] "GET /api/v1/movies?page=0&size=10&sort=releaseDate,desc&status=COMING_SOON HTTP/1.1" 200 5909 15151
0:0:0:0:0:0:0:1 - - [27/Dec/2025:13:24:12 +0700] "OPTIONS /api/v1/movies?page=1&size=10&sort=releaseDate,desc&status=COMING_SOON HTTP/1.1" 200 - 1081
0:0:0:0:0:0:0:1 - - [27/Dec/2025:13:24:12 +0700] "GET /api/v1/movies?page=1&size=10&sort=releaseDate,desc&status=COMING_SOON HTTP/1.1" 200 5880 14987
0:0:0:0:0:0:0:1 - - [27/Dec/2025:13:24:13 +0700] "OPTIONS /api/v1/movies?page=2&size=10&sort=releaseDate,desc&status=COMING_SOON HTTP/1.1" 200 - 917
0:0:0:0:0:0:0:1 - - [27/Dec/2025:13:24:13 +0700] "GET /api/v1/movies?page=2&size=10&sort=releaseDate,desc&status=COMING_SOON HTTP/1.1" 200 5820 15687
0:0:0:0:0:0:0:1 - - [27/Dec/2025:13:24:14 +0700] "GET /api/v1/movies?page=1&size=10&sort=releaseDate,desc&status=COMING_SOON HTTP/1.1" 200 5879 17935
0:0:0:0:0:0:0:1 - - [27/Dec/2025:13:24:14 +0700] "OPTIONS /api/v1/movies?page=0&size=10&sort=releaseDate,desc&status=COMING_SOON HTTP/1.1" 200 - 1023
0:0:0:0:0:0:0:1 - - [27/Dec/2025:13:24:15 +0700] "GET /api/v1/movies?page=0&size=10&sort=releaseDate,desc&status=COMING_SOON HTTP/1.1" 200 5909 18792
0:0:0:0:0:0:0:1 - - [27/Dec/2025:13:24:19 +0700] "OPTIONS /api/v1/movies?page=1&size=10&sort=releaseDate,desc&status=COMING_SOON HTTP/1.1" 200 - 1020
0:0:0:0:0:0:0:1 - - [27/Dec/2025:13:24:19 +0700] "GET /api/v1/movies?page=1&size=10&sort=releaseDate,desc&status=COMING_SOON HTTP/1.1" 200 5880 17716
0:0:0:0:0:0:0:1 - - [27/Dec/2025:13:24:31 +0700] "OPTIONS /api/v1/movies?page=0&size=10&sort=releaseDate,desc HTTP/1.1" 200 - 976
0:0:0:0:0:0:0:1 - - [27/Dec/2025:13:24:31 +0700] "GET /api/v1/movies?page=0&size=10&sort=releaseDate,desc HTTP/1.1" 200 5909 23630
0:0:0:0:0:0:0:1 - - [27/Dec/2025:13:24:33 +0700] "OPTIONS /api/v1/movies?page=0&size=10&sort=releaseDate,desc&status=ENDED HTTP/1.1" 200 - 1319
0:0:0:0:0:0:0:1 - - [27/Dec/2025:13:24:33 +0700] "GET /api/v1/movies?page=0&size=10&sort=releaseDate,desc&status=ENDED HTTP/1.1" 200 5909 15014
0:0:0:0:0:0:0:1 - - [27/Dec/2025:13:24:38 +0700] "OPTIONS /api/v1/movies?page=0&size=10&sort=releaseDate,desc HTTP/1.1" 200 - 886
0:0:0:0:0:0:0:1 - - [27/Dec/2025:13:24:38 +0700] "GET /api/v1/movies?page=0&size=10&sort=releaseDate,desc HTTP/1.1" 200 5909 13839
0:0:0:0:0:0:0:1 - - [27/Dec/2025:13:24:40 +0700] "OPTIONS /api/v1/movies?page=0&size=10&sort=releaseDate,desc&status=COMING_SOON HTTP/1.1" 200 - 934
0:0:0:0:0:0:0:1 - - [27/Dec/2025:13:24:40 +0700] "GET /api/v1/movies?page=0&size=10&sort=releaseDate,desc&status=COMING_SOON HTTP/1.1" 200 5909 17091
0:0:0:0:0:0:0:1 - - [27/Dec/2025:13:27:23 +0700] "OPTIONS /api/v1/movies?page=0&size=10&sort=releaseDate,desc&status=NOW_SHOWING HTTP/1.1" 200 - 866
0:0:0:0:0:0:0:1 - - [27/Dec/2025:13:27:23 +0700] "GET /api/v1/movies?page=0&size=10&sort=releaseDate,desc&status=NOW_SHOWING HTTP/1.1" 200 5909 92585
0:0:0:0:0:0:0:1 - - [27/Dec/2025:13:29:01 +0700] "OPTIONS /api/v1/auth/verify HTTP/1.1" 200 - 1044
0:0:0:0:0:0:0:1 - - [27/Dec/2025:13:29:01 +0700] "OPTIONS /api/v1/auth/verify HTTP/1.1" 200 - 741
0:0:0:0:0:0:0:1 - - [27/Dec/2025:13:29:01 +0700] "GET /api/v1/auth/verify HTTP/1.1" 200 281 21813
0:0:0:0:0:0:0:1 - - [27/Dec/2025:13:29:01 +0700] "GET /api/v1/auth/verify HTTP/1.1" 200 281 17477
0:0:0:0:0:0:0:1 - - [27/Dec/2025:13:29:01 +0700] "OPTIONS /api/v1/movies?page=0&size=10&sort=releaseDate,desc HTTP/1.1" 200 - 1882
0:0:0:0:0:0:0:1 - - [27/Dec/2025:13:29:01 +0700] "OPTIONS /api/v1/movies?page=0&size=1000 HTTP/1.1" 200 - 1320
0:0:0:0:0:0:0:1 - - [27/Dec/2025:13:29:01 +0700] "OPTIONS /api/v1/movies?page=0&size=10&sort=releaseDate,desc HTTP/1.1" 200 - 1140
0:0:0:0:0:0:0:1 - - [27/Dec/2025:13:29:01 +0700] "OPTIONS /api/v1/movies?page=0&size=1000 HTTP/1.1" 200 - 1217
0:0:0:0:0:0:0:1 - - [27/Dec/2025:13:29:01 +0700] "GET /api/v1/movies?page=0&size=10&sort=releaseDate,desc HTTP/1.1" 200 5909 26622
0:0:0:0:0:0:0:1 - - [27/Dec/2025:13:29:01 +0700] "GET /api/v1/movies?page=0&size=1000 HTTP/1.1" 200 65483 28805
0:0:0:0:0:0:0:1 - - [27/Dec/2025:13:29:01 +0700] "GET /api/v1/movies?page=0&size=10&sort=releaseDate,desc HTTP/1.1" 200 5908 16805
0:0:0:0:0:0:0:1 - - [27/Dec/2025:13:29:01 +0700] "GET /api/v1/movies?page=0&size=1000 HTTP/1.1" 200 65484 18655
0:0:0:0:0:0:0:1 - - [27/Dec/2025:13:29:05 +0700] "OPTIONS /api/v1/movies?page=0&size=10&sort=releaseDate,desc&status=COMING_SOON HTTP/1.1" 200 - 1348
0:0:0:0:0:0:0:1 - - [27/Dec/2025:13:29:05 +0700] "GET /api/v1/movies?page=0&size=10&sort=releaseDate,desc&status=COMING_SOON HTTP/1.1" 200 5909 16467
0:0:0:0:0:0:0:1 - - [27/Dec/2025:13:29:27 +0700] "OPTIONS /api/v1/movies?page=0&size=10&sort=releaseDate,desc HTTP/1.1" 200 - 1288
0:0:0:0:0:0:0:1 - - [27/Dec/2025:13:29:27 +0700] "GET /api/v1/movies?page=0&size=10&sort=releaseDate,desc HTTP/1.1" 200 5909 17343
0:0:0:0:0:0:0:1 - - [27/Dec/2025:13:30:43 +0700] "OPTIONS /api/v1/movies?page=0&size=10&sort=releaseDate,desc HTTP/1.1" 200 - 799
0:0:0:0:0:0:0:1 - - [27/Dec/2025:13:30:43 +0700] "OPTIONS /api/v1/movies?page=0&size=1000 HTTP/1.1" 200 - 694
0:0:0:0:0:0:0:1 - - [27/Dec/2025:13:30:43 +0700] "GET /api/v1/movies?page=0&size=10&sort=releaseDate,desc HTTP/1.1" 200 5909 18620
0:0:0:0:0:0:0:1 - - [27/Dec/2025:13:30:43 +0700] "GET /api/v1/movies?page=0&size=1000 HTTP/1.1" 200 65484 19794
0:0:0:0:0:0:0:1 - - [27/Dec/2025:13:30:43 +0700] "GET /api/v1/movies?page=0&size=10&sort=releaseDate,desc HTTP/1.1" 200 5909 14064
0:0:0:0:0:0:0:1 - - [27/Dec/2025:13:30:43 +0700] "GET /api/v1/movies?page=0&size=1000 HTTP/1.1" 200 65484 14749
0:0:0:0:0:0:0:1 - - [27/Dec/2025:13:30:43 +0700] "GET /api/v1/movies?page=0&size=10&sort=releaseDate,desc HTTP/1.1" 200 5909 12281
0:0:0:0:0:0:0:1 - - [27/Dec/2025:13:30:43 +0700] "GET /api/v1/movies?page=0&size=1000 HTTP/1.1" 200 65483 13459
0:0:0:0:0:0:0:1 - - [27/Dec/2025:13:30:47 +0700] "OPTIONS /api/v1/genres HTTP/1.1" 200 - 1114
0:0:0:0:0:0:0:1 - - [27/Dec/2025:13:30:47 +0700] "OPTIONS /api/v1/genres HTTP/1.1" 200 - 894
0:0:0:0:0:0:0:1 - - [27/Dec/2025:13:30:47 +0700] "OPTIONS /api/v1/genres HTTP/1.1" 200 - 753
0:0:0:0:0:0:0:1 - - [27/Dec/2025:13:30:47 +0700] "GET /api/v1/movies?page=0&size=10&sort=releaseDate,desc HTTP/1.1" 200 5909 12816
0:0:0:0:0:0:0:1 - - [27/Dec/2025:13:30:47 +0700] "GET /api/v1/movies?page=0&size=1000 HTTP/1.1" 200 65484 13353
0:0:0:0:0:0:0:1 - - [27/Dec/2025:13:30:47 +0700] "GET /api/v1/genres HTTP/1.1" 200 840 19614
0:0:0:0:0:0:0:1 - - [27/Dec/2025:13:30:47 +0700] "GET /api/v1/movies?page=0&size=10&sort=releaseDate,desc HTTP/1.1" 200 5908 10864
0:0:0:0:0:0:0:1 - - [27/Dec/2025:13:30:47 +0700] "GET /api/v1/movies?page=0&size=1000 HTTP/1.1" 200 65484 11844
0:0:0:0:0:0:0:1 - - [27/Dec/2025:13:30:47 +0700] "GET /api/v1/movies?page=0&size=10&sort=releaseDate,desc HTTP/1.1" 200 5909 10249
0:0:0:0:0:0:0:1 - - [27/Dec/2025:13:30:47 +0700] "GET /api/v1/genres HTTP/1.1" 200 840 11539
0:0:0:0:0:0:0:1 - - [27/Dec/2025:13:30:47 +0700] "GET /api/v1/movies?page=0&size=1000 HTTP/1.1" 200 65484 13272
0:0:0:0:0:0:0:1 - - [27/Dec/2025:13:30:47 +0700] "GET /api/v1/genres HTTP/1.1" 200 840 11635
0:0:0:0:0:0:0:1 - - [27/Dec/2025:13:31:21 +0700] "OPTIONS /api/v1/genres HTTP/1.1" 200 - 1126
0:0:0:0:0:0:0:1 - - [27/Dec/2025:13:31:21 +0700] "OPTIONS /api/v1/movies?page=0&size=10&sort=releaseDate,desc HTTP/1.1" 200 - 873
0:0:0:0:0:0:0:1 - - [27/Dec/2025:13:31:21 +0700] "GET /api/v1/genres HTTP/1.1" 200 840 22709
0:0:0:0:0:0:0:1 - - [27/Dec/2025:13:31:21 +0700] "GET /api/v1/movies?page=0&size=10&sort=releaseDate,desc HTTP/1.1" 200 5909 22718
0:0:0:0:0:0:0:1 - - [27/Dec/2025:13:31:42 +0700] "OPTIONS /api/v1/movies/search?page=0&size=10&sort=releaseDate,desc&status=COMING_SOON HTTP/1.1" 200 - 1548
0:0:0:0:0:0:0:1 - - [27/Dec/2025:13:31:42 +0700] "GET /api/v1/movies/search?page=0&size=10&sort=releaseDate,desc&status=COMING_SOON HTTP/1.1" 200 6205 89955
0:0:0:0:0:0:0:1 - - [27/Dec/2025:13:31:51 +0700] "OPTIONS /api/v1/movies/search?page=0&size=10&sort=releaseDate,desc&status=NOW_SHOWING HTTP/1.1" 200 - 1064
0:0:0:0:0:0:0:1 - - [27/Dec/2025:13:31:51 +0700] "GET /api/v1/movies/search?page=0&size=10&sort=releaseDate,desc&status=NOW_SHOWING HTTP/1.1" 200 6194 91220
0:0:0:0:0:0:0:1 - - [27/Dec/2025:13:31:54 +0700] "OPTIONS /api/v1/movies/search?page=1&size=10&sort=releaseDate,desc&status=NOW_SHOWING HTTP/1.1" 200 - 1053
0:0:0:0:0:0:0:1 - - [27/Dec/2025:13:31:54 +0700] "GET /api/v1/movies/search?page=1&size=10&sort=releaseDate,desc&status=NOW_SHOWING HTTP/1.1" 200 5760 99115
0:0:0:0:0:0:0:1 - - [27/Dec/2025:13:32:01 +0700] "OPTIONS /api/v1/movies?page=0&size=10&sort=releaseDate,desc HTTP/1.1" 200 - 893
0:0:0:0:0:0:0:1 - - [27/Dec/2025:13:32:01 +0700] "GET /api/v1/movies?page=0&size=10&sort=releaseDate,desc HTTP/1.1" 200 5909 18210
0:0:0:0:0:0:0:1 - - [27/Dec/2025:13:34:01 +0700] "OPTIONS /api/v1/movies/58 HTTP/1.1" 200 - 1145
0:0:0:0:0:0:0:1 - - [27/Dec/2025:13:34:01 +0700] "OPTIONS /api/v1/movies/58 HTTP/1.1" 200 - 1028
0:0:0:0:0:0:0:1 - - [27/Dec/2025:13:34:01 +0700] "GET /api/v1/movies/58 HTTP/1.1" 200 1056 82340
0:0:0:0:0:0:0:1 - - [27/Dec/2025:13:34:01 +0700] "GET /api/v1/movies/58 HTTP/1.1" 200 1056 17919
0:0:0:0:0:0:0:1 - - [27/Dec/2025:13:39:37 +0700] "OPTIONS /api/v1/genres HTTP/1.1" 200 - 1616
0:0:0:0:0:0:0:1 - - [27/Dec/2025:13:39:37 +0700] "OPTIONS /api/v1/movies?page=0&size=10&sort=releaseDate,desc HTTP/1.1" 200 - 903
0:0:0:0:0:0:0:1 - - [27/Dec/2025:13:39:37 +0700] "OPTIONS /api/v1/genres HTTP/1.1" 200 - 1045
0:0:0:0:0:0:0:1 - - [27/Dec/2025:13:39:37 +0700] "OPTIONS /api/v1/movies?page=0&size=10&sort=releaseDate,desc HTTP/1.1" 200 - 870
0:0:0:0:0:0:0:1 - - [27/Dec/2025:13:39:37 +0700] "GET /api/v1/genres HTTP/1.1" 200 840 29866
0:0:0:0:0:0:0:1 - - [27/Dec/2025:13:39:37 +0700] "GET /api/v1/genres HTTP/1.1" 200 839 37274
0:0:0:0:0:0:0:1 - - [27/Dec/2025:13:39:37 +0700] "GET /api/v1/movies?page=0&size=10&sort=releaseDate,desc HTTP/1.1" 200 5909 166779
0:0:0:0:0:0:0:1 - - [27/Dec/2025:13:39:37 +0700] "GET /api/v1/movies?page=0&size=10&sort=releaseDate,desc HTTP/1.1" 200 5909 15962
0:0:0:0:0:0:0:1 - - [27/Dec/2025:13:41:17 +0700] "OPTIONS /api/v1/movies?page=2&size=10&sort=releaseDate,desc HTTP/1.1" 200 - 1208
0:0:0:0:0:0:0:1 - - [27/Dec/2025:13:41:17 +0700] "GET /api/v1/movies?page=2&size=10&sort=releaseDate,desc HTTP/1.1" 200 5820 62454
0:0:0:0:0:0:0:1 - - [27/Dec/2025:13:41:20 +0700] "OPTIONS /api/v1/movies?page=3&size=10&sort=releaseDate,desc HTTP/1.1" 200 - 851
0:0:0:0:0:0:0:1 - - [27/Dec/2025:13:41:20 +0700] "GET /api/v1/movies?page=3&size=10&sort=releaseDate,desc HTTP/1.1" 200 5751 75182
0:0:0:0:0:0:0:1 - - [27/Dec/2025:13:41:21 +0700] "OPTIONS /api/v1/movies/58 HTTP/1.1" 200 - 1476
0:0:0:0:0:0:0:1 - - [27/Dec/2025:13:41:21 +0700] "OPTIONS /api/v1/movies/58 HTTP/1.1" 200 - 807
0:0:0:0:0:0:0:1 - - [27/Dec/2025:13:41:21 +0700] "GET /api/v1/movies/58 HTTP/1.1" 200 1056 15828
0:0:0:0:0:0:0:1 - - [27/Dec/2025:13:41:21 +0700] "GET /api/v1/movies/58 HTTP/1.1" 200 1056 17303
0:0:0:0:0:0:0:1 - - [27/Dec/2025:13:41:24 +0700] "OPTIONS /api/v1/movies?page=0&size=10&sort=releaseDate,desc HTTP/1.1" 200 - 961
0:0:0:0:0:0:0:1 - - [27/Dec/2025:13:41:24 +0700] "OPTIONS /api/v1/genres HTTP/1.1" 200 - 1049
0:0:0:0:0:0:0:1 - - [27/Dec/2025:13:41:24 +0700] "OPTIONS /api/v1/genres HTTP/1.1" 200 - 1435
0:0:0:0:0:0:0:1 - - [27/Dec/2025:13:41:24 +0700] "OPTIONS /api/v1/movies?page=0&size=10&sort=releaseDate,desc HTTP/1.1" 200 - 1373
0:0:0:0:0:0:0:1 - - [27/Dec/2025:13:41:24 +0700] "GET /api/v1/movies?page=0&size=10&sort=releaseDate,desc HTTP/1.1" 200 5909 17603
0:0:0:0:0:0:0:1 - - [27/Dec/2025:13:41:24 +0700] "GET /api/v1/genres HTTP/1.1" 200 839 23075
0:0:0:0:0:0:0:1 - - [27/Dec/2025:13:41:24 +0700] "GET /api/v1/movies?page=0&size=10&sort=releaseDate,desc HTTP/1.1" 200 5909 16221
0:0:0:0:0:0:0:1 - - [27/Dec/2025:13:41:24 +0700] "GET /api/v1/genres HTTP/1.1" 200 840 14851
0:0:0:0:0:0:0:1 - - [27/Dec/2025:13:53:26 +0700] "OPTIONS /api/v1/movies?page=3&size=10&sort=releaseDate,desc HTTP/1.1" 200 - 1207
0:0:0:0:0:0:0:1 - - [27/Dec/2025:13:53:26 +0700] "GET /api/v1/movies?page=3&size=10&sort=releaseDate,desc HTTP/1.1" 200 5751 65141
0:0:0:0:0:0:0:1 - - [27/Dec/2025:13:53:27 +0700] "OPTIONS /api/v1/movies?page=5&size=10&sort=releaseDate,desc HTTP/1.1" 200 - 899
0:0:0:0:0:0:0:1 - - [27/Dec/2025:13:53:28 +0700] "GET /api/v1/movies?page=5&size=10&sort=releaseDate,desc HTTP/1.1" 200 5595 93903
0:0:0:0:0:0:0:1 - - [27/Dec/2025:13:53:29 +0700] "OPTIONS /api/v1/movies?page=4&size=10&sort=releaseDate,desc HTTP/1.1" 200 - 815
0:0:0:0:0:0:0:1 - - [27/Dec/2025:13:53:29 +0700] "GET /api/v1/movies?page=4&size=10&sort=releaseDate,desc HTTP/1.1" 200 5559 85098
0:0:0:0:0:0:0:1 - - [27/Dec/2025:13:53:30 +0700] "OPTIONS /api/v1/movies?page=2&size=10&sort=releaseDate,desc HTTP/1.1" 200 - 1271
0:0:0:0:0:0:0:1 - - [27/Dec/2025:13:53:31 +0700] "GET /api/v1/movies?page=2&size=10&sort=releaseDate,desc HTTP/1.1" 200 5820 105326
0:0:0:0:0:0:0:1 - - [27/Dec/2025:13:53:33 +0700] "OPTIONS /api/v1/movies?page=0&size=10&sort=releaseDate,desc HTTP/1.1" 200 - 901
0:0:0:0:0:0:0:1 - - [27/Dec/2025:13:53:33 +0700] "GET /api/v1/movies?page=0&size=10&sort=releaseDate,desc HTTP/1.1" 200 5909 99162
0:0:0:0:0:0:0:1 - - [27/Dec/2025:13:54:37 +0700] "OPTIONS /api/v1/genres HTTP/1.1" 200 - 1048
0:0:0:0:0:0:0:1 - - [27/Dec/2025:13:54:37 +0700] "OPTIONS /api/v1/movies?page=0&size=10&sort=releaseDate,desc HTTP/1.1" 200 - 636
0:0:0:0:0:0:0:1 - - [27/Dec/2025:13:54:37 +0700] "OPTIONS /api/v1/genres HTTP/1.1" 200 - 662
0:0:0:0:0:0:0:1 - - [27/Dec/2025:13:54:37 +0700] "OPTIONS /api/v1/movies?page=0&size=10&sort=releaseDate,desc HTTP/1.1" 200 - 1062
0:0:0:0:0:0:0:1 - - [27/Dec/2025:13:54:37 +0700] "OPTIONS /api/v1/genres HTTP/1.1" 200 - 924
0:0:0:0:0:0:0:1 - - [27/Dec/2025:13:54:37 +0700] "OPTIONS /api/v1/movies?page=0&size=10&sort=releaseDate,desc HTTP/1.1" 200 - 2778
0:0:0:0:0:0:0:1 - - [27/Dec/2025:13:54:37 +0700] "GET /api/v1/movies?page=0&size=10&sort=releaseDate,desc HTTP/1.1" 200 5909 28337
0:0:0:0:0:0:0:1 - - [27/Dec/2025:13:54:37 +0700] "GET /api/v1/genres HTTP/1.1" 200 840 39182
0:0:0:0:0:0:0:1 - - [27/Dec/2025:13:54:37 +0700] "GET /api/v1/movies?page=0&size=10&sort=releaseDate,desc HTTP/1.1" 200 5909 28319
0:0:0:0:0:0:0:1 - - [27/Dec/2025:13:54:37 +0700] "GET /api/v1/genres HTTP/1.1" 200 840 19073
0:0:0:0:0:0:0:1 - - [27/Dec/2025:13:54:37 +0700] "GET /api/v1/movies?page=0&size=10&sort=releaseDate,desc HTTP/1.1" 200 5909 18095
0:0:0:0:0:0:0:1 - - [27/Dec/2025:13:54:37 +0700] "GET /api/v1/genres HTTP/1.1" 200 840 19029
0:0:0:0:0:0:0:1 - - [27/Dec/2025:13:55:30 +0700] "OPTIONS /api/v1/movies?page=1&size=10&sort=releaseDate,desc HTTP/1.1" 200 - 1416
0:0:0:0:0:0:0:1 - - [27/Dec/2025:13:55:31 +0700] "GET /api/v1/movies?page=1&size=10&sort=releaseDate,desc HTTP/1.1" 200 5880 69771
0:0:0:0:0:0:0:1 - - [27/Dec/2025:13:56:53 +0700] "OPTIONS /api/v1/movies?page=1&size=20&sort=releaseDate,desc HTTP/1.1" 200 - 1249
0:0:0:0:0:0:0:1 - - [27/Dec/2025:13:56:53 +0700] "GET /api/v1/movies?page=1&size=20&sort=releaseDate,desc HTTP/1.1" 200 11365 129716
0:0:0:0:0:0:0:1 - - [27/Dec/2025:13:56:58 +0700] "OPTIONS /api/v1/movies?page=0&size=20&sort=releaseDate,desc HTTP/1.1" 200 - 1314
0:0:0:0:0:0:0:1 - - [27/Dec/2025:13:56:58 +0700] "GET /api/v1/movies?page=0&size=20&sort=releaseDate,desc HTTP/1.1" 200 11636 149994
0:0:0:0:0:0:0:1 - - [27/Dec/2025:13:59:38 +0700] "OPTIONS /api/v1/genres HTTP/1.1" 200 - 1491
0:0:0:0:0:0:0:1 - - [27/Dec/2025:13:59:38 +0700] "OPTIONS /api/v1/movies?page=0&size=10&sort=releaseDate,desc HTTP/1.1" 200 - 726
0:0:0:0:0:0:0:1 - - [27/Dec/2025:13:59:38 +0700] "GET /api/v1/genres HTTP/1.1" 200 840 20319
0:0:0:0:0:0:0:1 - - [27/Dec/2025:13:59:38 +0700] "GET /api/v1/movies?page=0&size=10&sort=releaseDate,desc HTTP/1.1" 200 5909 21141
0:0:0:0:0:0:0:1 - - [27/Dec/2025:14:09:18 +0700] "OPTIONS /api/v1/genres HTTP/1.1" 200 - 1267
0:0:0:0:0:0:0:1 - - [27/Dec/2025:14:09:18 +0700] "OPTIONS /api/v1/genres HTTP/1.1" 200 - 1146
0:0:0:0:0:0:0:1 - - [27/Dec/2025:14:09:18 +0700] "GET /api/v1/genres HTTP/1.1" 200 840 44631
0:0:0:0:0:0:0:1 - - [27/Dec/2025:14:09:18 +0700] "GET /api/v1/genres HTTP/1.1" 200 840 17289
0:0:0:0:0:0:0:1 - - [27/Dec/2025:14:09:25 +0700] "OPTIONS /api/v1/genres HTTP/1.1" 200 - 2256
0:0:0:0:0:0:0:1 - - [27/Dec/2025:14:09:25 +0700] "OPTIONS /api/v1/movies?page=0&size=10&sort=releaseDate,desc HTTP/1.1" 200 - 1869
0:0:0:0:0:0:0:1 - - [27/Dec/2025:14:09:25 +0700] "OPTIONS /api/v1/genres HTTP/1.1" 200 - 1682
0:0:0:0:0:0:0:1 - - [27/Dec/2025:14:09:25 +0700] "OPTIONS /api/v1/movies?page=0&size=10&sort=releaseDate,desc HTTP/1.1" 200 - 524
0:0:0:0:0:0:0:1 - - [27/Dec/2025:14:09:25 +0700] "GET /api/v1/genres HTTP/1.1" 200 840 19354
0:0:0:0:0:0:0:1 - - [27/Dec/2025:14:09:25 +0700] "GET /api/v1/genres HTTP/1.1" 200 840 13518
0:0:0:0:0:0:0:1 - - [27/Dec/2025:14:09:25 +0700] "GET /api/v1/movies?page=0&size=10&sort=releaseDate,desc HTTP/1.1" 200 5908 93615
0:0:0:0:0:0:0:1 - - [27/Dec/2025:14:09:25 +0700] "GET /api/v1/movies?page=0&size=10&sort=releaseDate,desc HTTP/1.1" 200 5909 15965
0:0:0:0:0:0:0:1 - - [27/Dec/2025:14:09:27 +0700] "OPTIONS /api/v1/movies/58 HTTP/1.1" 200 - 1292
0:0:0:0:0:0:0:1 - - [27/Dec/2025:14:09:27 +0700] "OPTIONS /api/v1/movies/58 HTTP/1.1" 200 - 1200
0:0:0:0:0:0:0:1 - - [27/Dec/2025:14:09:27 +0700] "GET /api/v1/movies/58 HTTP/1.1" 200 1056 48132
0:0:0:0:0:0:0:1 - - [27/Dec/2025:14:09:27 +0700] "GET /api/v1/movies/58 HTTP/1.1" 200 1055 20350
0:0:0:0:0:0:0:1 - - [27/Dec/2025:14:09:29 +0700] "GET /api/v1/movies?page=0&size=10&sort=releaseDate,desc HTTP/1.1" 200 5909 18291
0:0:0:0:0:0:0:1 - - [27/Dec/2025:14:09:29 +0700] "GET /api/v1/genres HTTP/1.1" 200 840 18344
0:0:0:0:0:0:0:1 - - [27/Dec/2025:14:09:29 +0700] "GET /api/v1/genres HTTP/1.1" 200 840 16571
0:0:0:0:0:0:0:1 - - [27/Dec/2025:14:09:29 +0700] "GET /api/v1/movies?page=0&size=10&sort=releaseDate,desc HTTP/1.1" 200 5909 16802
0:0:0:0:0:0:0:1 - - [27/Dec/2025:14:09:33 +0700] "OPTIONS /api/v1/movies?page=0&size=10&sort=releaseDate,desc HTTP/1.1" 200 - 650
0:0:0:0:0:0:0:1 - - [27/Dec/2025:14:09:33 +0700] "OPTIONS /api/v1/genres HTTP/1.1" 200 - 689
0:0:0:0:0:0:0:1 - - [27/Dec/2025:14:09:33 +0700] "OPTIONS /api/v1/genres HTTP/1.1" 200 - 471
0:0:0:0:0:0:0:1 - - [27/Dec/2025:14:09:33 +0700] "OPTIONS /api/v1/movies?page=0&size=10&sort=releaseDate,desc HTTP/1.1" 200 - 531
0:0:0:0:0:0:0:1 - - [27/Dec/2025:14:09:33 +0700] "GET /api/v1/genres HTTP/1.1" 200 840 15370
0:0:0:0:0:0:0:1 - - [27/Dec/2025:14:09:33 +0700] "GET /api/v1/movies?page=0&size=10&sort=releaseDate,desc HTTP/1.1" 200 5909 15544
0:0:0:0:0:0:0:1 - - [27/Dec/2025:14:09:33 +0700] "GET /api/v1/genres HTTP/1.1" 200 840 14219
0:0:0:0:0:0:0:1 - - [27/Dec/2025:14:09:33 +0700] "GET /api/v1/movies?page=0&size=10&sort=releaseDate,desc HTTP/1.1" 200 5909 14202
0:0:0:0:0:0:0:1 - - [27/Dec/2025:14:09:37 +0700] "OPTIONS /api/v1/movies?page=0&size=1 HTTP/1.1" 200 - 895
0:0:0:0:0:0:0:1 - - [27/Dec/2025:14:09:37 +0700] "OPTIONS /api/v1/cinemas?page=0&size=1 HTTP/1.1" 200 - 894
0:0:0:0:0:0:0:1 - - [27/Dec/2025:14:09:37 +0700] "OPTIONS /api/v1/users?page=0&size=1&sortBy=userId&sortDir=asc HTTP/1.1" 200 - 674
0:0:0:0:0:0:0:1 - - [27/Dec/2025:14:09:37 +0700] "OPTIONS /api/v1/bookings?page=0&size=5&sortBy=bookingDate&sortDir=desc HTTP/1.1" 200 - 600
0:0:0:0:0:0:0:1 - - [27/Dec/2025:14:09:37 +0700] "OPTIONS /api/v1/bookings/statistics?startDate=2025-01-01&endDate=2025-12-31 HTTP/1.1" 200 - 1717
0:0:0:0:0:0:0:1 - - [27/Dec/2025:14:09:37 +0700] "OPTIONS /api/v1/movies/coming-soon?page=0&size=5 HTTP/1.1" 200 - 899
0:0:0:0:0:0:0:1 - - [27/Dec/2025:14:09:37 +0700] "OPTIONS /api/v1/showtime?date=2025-12-27 HTTP/1.1" 200 - 1147
0:0:0:0:0:0:0:1 - - [27/Dec/2025:14:09:37 +0700] "OPTIONS /api/v1/users?page=0&size=1&sortBy=userId&sortDir=asc HTTP/1.1" 200 - 515
0:0:0:0:0:0:0:1 - - [27/Dec/2025:14:09:37 +0700] "OPTIONS /api/v1/bookings?page=0&size=5&sortBy=bookingDate&sortDir=desc HTTP/1.1" 200 - 518
0:0:0:0:0:0:0:1 - - [27/Dec/2025:14:09:37 +0700] "OPTIONS /api/v1/cinemas?page=0&size=1 HTTP/1.1" 200 - 1051
0:0:0:0:0:0:0:1 - - [27/Dec/2025:14:09:37 +0700] "OPTIONS /api/v1/movies?page=0&size=1 HTTP/1.1" 200 - 1215
0:0:0:0:0:0:0:1 - - [27/Dec/2025:14:09:37 +0700] "OPTIONS /api/v1/bookings/statistics?startDate=2025-01-01&endDate=2025-12-31 HTTP/1.1" 200 - 781
0:0:0:0:0:0:0:1 - - [27/Dec/2025:14:09:37 +0700] "OPTIONS /api/v1/movies/coming-soon?page=0&size=5 HTTP/1.1" 200 - 489
0:0:0:0:0:0:0:1 - - [27/Dec/2025:14:09:37 +0700] "OPTIONS /api/v1/showtime?date=2025-12-27 HTTP/1.1" 200 - 913
0:0:0:0:0:0:0:1 - - [27/Dec/2025:14:09:37 +0700] "GET /api/v1/bookings?page=0&size=5&sortBy=bookingDate&sortDir=desc HTTP/1.1" 200 433 31898
0:0:0:0:0:0:0:1 - - [27/Dec/2025:14:09:37 +0700] "GET /api/v1/bookings/statistics?startDate=2025-01-01&endDate=2025-12-31 HTTP/1.1" 500 287 34169
0:0:0:0:0:0:0:1 - - [27/Dec/2025:14:09:37 +0700] "GET /api/v1/users?page=0&size=1&sortBy=userId&sortDir=asc HTTP/1.1" 500 173 35202
0:0:0:0:0:0:0:1 - - [27/Dec/2025:14:09:37 +0700] "GET /api/v1/cinemas?page=0&size=1 HTTP/1.1" 200 727 58672
0:0:0:0:0:0:0:1 - - [27/Dec/2025:14:09:37 +0700] "GET /api/v1/showtime?date=2025-12-27 HTTP/1.1" 500 178 31489
0:0:0:0:0:0:0:1 - - [27/Dec/2025:14:09:37 +0700] "GET /api/v1/users?page=0&size=1&sortBy=userId&sortDir=asc HTTP/1.1" 500 173 22378
0:0:0:0:0:0:0:1 - - [27/Dec/2025:14:09:37 +0700] "GET /api/v1/bookings?page=0&size=5&sortBy=bookingDate&sortDir=desc HTTP/1.1" 200 433 24904
0:0:0:0:0:0:0:1 - - [27/Dec/2025:14:09:37 +0700] "GET /api/v1/movies?page=0&size=1 HTTP/1.1" 200 704 76048
0:0:0:0:0:0:0:1 - - [27/Dec/2025:14:09:37 +0700] "GET /api/v1/bookings/statistics?startDate=2025-01-01&endDate=2025-12-31 HTTP/1.1" 500 287 24424
0:0:0:0:0:0:0:1 - - [27/Dec/2025:14:09:37 +0700] "GET /api/v1/cinemas?page=0&size=1 HTTP/1.1" 200 727 23786
0:0:0:0:0:0:0:1 - - [27/Dec/2025:14:09:37 +0700] "GET /api/v1/movies?page=0&size=1 HTTP/1.1" 200 704 17874
0:0:0:0:0:0:0:1 - - [27/Dec/2025:14:09:37 +0700] "GET /api/v1/showtime?date=2025-12-27 HTTP/1.1" 500 178 22119
0:0:0:0:0:0:0:1 - - [27/Dec/2025:14:09:37 +0700] "GET /api/v1/movies/coming-soon?page=0&size=5 HTTP/1.1" 200 3113 107708
0:0:0:0:0:0:0:1 - - [27/Dec/2025:14:09:37 +0700] "GET /api/v1/movies/coming-soon?page=0&size=5 HTTP/1.1" 200 3113 12833
0:0:0:0:0:0:0:1 - - [27/Dec/2025:14:09:39 +0700] "OPTIONS /api/v1/movies?page=0&size=10&sort=releaseDate,desc HTTP/1.1" 200 - 672
0:0:0:0:0:0:0:1 - - [27/Dec/2025:14:09:39 +0700] "OPTIONS /api/v1/movies?page=0&size=10&sort=releaseDate,desc HTTP/1.1" 200 - 795
0:0:0:0:0:0:0:1 - - [27/Dec/2025:14:09:39 +0700] "OPTIONS /api/v1/genres HTTP/1.1" 200 - 793
0:0:0:0:0:0:0:1 - - [27/Dec/2025:14:09:39 +0700] "OPTIONS /api/v1/genres HTTP/1.1" 200 - 1386
0:0:0:0:0:0:0:1 - - [27/Dec/2025:14:09:39 +0700] "GET /api/v1/movies?page=0&size=10&sort=releaseDate,desc HTTP/1.1" 200 5909 16916
0:0:0:0:0:0:0:1 - - [27/Dec/2025:14:09:39 +0700] "GET /api/v1/genres HTTP/1.1" 200 840 16888
0:0:0:0:0:0:0:1 - - [27/Dec/2025:14:09:39 +0700] "GET /api/v1/genres HTTP/1.1" 200 840 15441
0:0:0:0:0:0:0:1 - - [27/Dec/2025:14:09:39 +0700] "GET /api/v1/movies?page=0&size=10&sort=releaseDate,desc HTTP/1.1" 200 5909 15827
0:0:0:0:0:0:0:1 - - [27/Dec/2025:14:11:03 +0700] "OPTIONS /api/v1/movies?page=0&size=10&sort=releaseDate,desc HTTP/1.1" 200 - 840
0:0:0:0:0:0:0:1 - - [27/Dec/2025:14:11:03 +0700] "OPTIONS /api/v1/genres HTTP/1.1" 200 - 860
0:0:0:0:0:0:0:1 - - [27/Dec/2025:14:11:03 +0700] "GET /api/v1/movies?page=0&size=10&sort=releaseDate,desc HTTP/1.1" 200 5909 15608
0:0:0:0:0:0:0:1 - - [27/Dec/2025:14:11:03 +0700] "GET /api/v1/genres HTTP/1.1" 200 840 15691
0:0:0:0:0:0:0:1 - - [27/Dec/2025:14:11:56 +0700] "OPTIONS /api/v1/genres HTTP/1.1" 200 - 698
0:0:0:0:0:0:0:1 - - [27/Dec/2025:14:11:56 +0700] "OPTIONS /api/v1/movies?page=0&size=10&sort=releaseDate,desc HTTP/1.1" 200 - 698
0:0:0:0:0:0:0:1 - - [27/Dec/2025:14:11:56 +0700] "GET /api/v1/genres HTTP/1.1" 200 840 19921
0:0:0:0:0:0:0:1 - - [27/Dec/2025:14:11:56 +0700] "GET /api/v1/movies?page=0&size=10&sort=releaseDate,desc HTTP/1.1" 200 5909 20246
0:0:0:0:0:0:0:1 - - [27/Dec/2025:14:13:24 +0700] "OPTIONS /api/v1/movies/58 HTTP/1.1" 200 - 1161
0:0:0:0:0:0:0:1 - - [27/Dec/2025:14:13:24 +0700] "OPTIONS /api/v1/movies/58 HTTP/1.1" 200 - 1154
0:0:0:0:0:0:0:1 - - [27/Dec/2025:14:13:24 +0700] "GET /api/v1/movies/58 HTTP/1.1" 200 1056 15586
0:0:0:0:0:0:0:1 - - [27/Dec/2025:14:13:24 +0700] "GET /api/v1/movies/58 HTTP/1.1" 200 1056 16678
0:0:0:0:0:0:0:1 - - [27/Dec/2025:14:13:27 +0700] "OPTIONS /api/v1/genres HTTP/1.1" 200 - 674
0:0:0:0:0:0:0:1 - - [27/Dec/2025:14:13:27 +0700] "OPTIONS /api/v1/movies?page=0&size=10&sort=releaseDate,desc HTTP/1.1" 200 - 486
0:0:0:0:0:0:0:1 - - [27/Dec/2025:14:13:27 +0700] "OPTIONS /api/v1/genres HTTP/1.1" 200 - 1309
0:0:0:0:0:0:0:1 - - [27/Dec/2025:14:13:27 +0700] "OPTIONS /api/v1/movies?page=0&size=10&sort=releaseDate,desc HTTP/1.1" 200 - 1490
0:0:0:0:0:0:0:1 - - [27/Dec/2025:14:13:27 +0700] "GET /api/v1/genres HTTP/1.1" 200 840 15763
0:0:0:0:0:0:0:1 - - [27/Dec/2025:14:13:27 +0700] "GET /api/v1/movies?page=0&size=10&sort=releaseDate,desc HTTP/1.1" 200 5909 15759
0:0:0:0:0:0:0:1 - - [27/Dec/2025:14:13:27 +0700] "GET /api/v1/genres HTTP/1.1" 200 840 12872
0:0:0:0:0:0:0:1 - - [27/Dec/2025:14:13:27 +0700] "GET /api/v1/movies?page=0&size=10&sort=releaseDate,desc HTTP/1.1" 200 5909 13183
0:0:0:0:0:0:0:1 - - [27/Dec/2025:14:13:28 +0700] "GET /api/v1/movies/58 HTTP/1.1" 200 1056 14223
0:0:0:0:0:0:0:1 - - [27/Dec/2025:14:13:28 +0700] "GET /api/v1/movies/58 HTTP/1.1" 200 1056 19610
0:0:0:0:0:0:0:1 - - [27/Dec/2025:14:13:31 +0700] "GET /api/v1/genres HTTP/1.1" 200 840 23139
0:0:0:0:0:0:0:1 - - [27/Dec/2025:14:13:31 +0700] "GET /api/v1/movies?page=0&size=10&sort=releaseDate,desc HTTP/1.1" 200 5909 22787
0:0:0:0:0:0:0:1 - - [27/Dec/2025:14:13:31 +0700] "GET /api/v1/genres HTTP/1.1" 200 840 14032
0:0:0:0:0:0:0:1 - - [27/Dec/2025:14:13:31 +0700] "GET /api/v1/movies?page=0&size=10&sort=releaseDate,desc HTTP/1.1" 200 5907 16538
0:0:0:0:0:0:0:1 - - [27/Dec/2025:14:13:32 +0700] "OPTIONS /api/v1/movies/58 HTTP/1.1" 200 - 1277
0:0:0:0:0:0:0:1 - - [27/Dec/2025:14:13:32 +0700] "OPTIONS /api/v1/movies/58 HTTP/1.1" 200 - 1284
0:0:0:0:0:0:0:1 - - [27/Dec/2025:14:13:32 +0700] "GET /api/v1/movies/58 HTTP/1.1" 200 1056 17352
0:0:0:0:0:0:0:1 - - [27/Dec/2025:14:13:32 +0700] "GET /api/v1/movies/58 HTTP/1.1" 200 1056 19100
0:0:0:0:0:0:0:1 - - [27/Dec/2025:14:13:33 +0700] "OPTIONS /api/v1/genres HTTP/1.1" 200 - 751
0:0:0:0:0:0:0:1 - - [27/Dec/2025:14:13:33 +0700] "OPTIONS /api/v1/movies?page=0&size=10&sort=releaseDate,desc HTTP/1.1" 200 - 469
0:0:0:0:0:0:0:1 - - [27/Dec/2025:14:13:33 +0700] "OPTIONS /api/v1/genres HTTP/1.1" 200 - 512
0:0:0:0:0:0:0:1 - - [27/Dec/2025:14:13:33 +0700] "OPTIONS /api/v1/movies?page=0&size=10&sort=releaseDate,desc HTTP/1.1" 200 - 538
0:0:0:0:0:0:0:1 - - [27/Dec/2025:14:13:33 +0700] "GET /api/v1/genres HTTP/1.1" 200 839 15950
0:0:0:0:0:0:0:1 - - [27/Dec/2025:14:13:33 +0700] "GET /api/v1/movies?page=0&size=10&sort=releaseDate,desc HTTP/1.1" 200 5908 15928
0:0:0:0:0:0:0:1 - - [27/Dec/2025:14:13:33 +0700] "GET /api/v1/genres HTTP/1.1" 200 840 12369
0:0:0:0:0:0:0:1 - - [27/Dec/2025:14:13:33 +0700] "GET /api/v1/movies?page=0&size=10&sort=releaseDate,desc HTTP/1.1" 200 5909 12359
0:0:0:0:0:0:0:1 - - [27/Dec/2025:14:13:34 +0700] "GET /api/v1/movies/58 HTTP/1.1" 200 1056 16582
0:0:0:0:0:0:0:1 - - [27/Dec/2025:14:13:34 +0700] "GET /api/v1/movies/58 HTTP/1.1" 200 1056 16238
0:0:0:0:0:0:0:1 - - [27/Dec/2025:14:13:40 +0700] "OPTIONS /api/v1/genres HTTP/1.1" 200 - 510
0:0:0:0:0:0:0:1 - - [27/Dec/2025:14:13:40 +0700] "OPTIONS /api/v1/genres HTTP/1.1" 200 - 821
0:0:0:0:0:0:0:1 - - [27/Dec/2025:14:13:40 +0700] "OPTIONS /api/v1/movies?page=0&size=10&sort=releaseDate,desc HTTP/1.1" 200 - 589
0:0:0:0:0:0:0:1 - - [27/Dec/2025:14:13:40 +0700] "OPTIONS /api/v1/movies?page=0&size=10&sort=releaseDate,desc HTTP/1.1" 200 - 466
0:0:0:0:0:0:0:1 - - [27/Dec/2025:14:13:40 +0700] "GET /api/v1/genres HTTP/1.1" 200 840 15313
0:0:0:0:0:0:0:1 - - [27/Dec/2025:14:13:40 +0700] "GET /api/v1/movies?page=0&size=10&sort=releaseDate,desc HTTP/1.1" 200 5909 14887
0:0:0:0:0:0:0:1 - - [27/Dec/2025:14:13:40 +0700] "GET /api/v1/genres HTTP/1.1" 200 840 12742
0:0:0:0:0:0:0:1 - - [27/Dec/2025:14:13:40 +0700] "GET /api/v1/movies?page=0&size=10&sort=releaseDate,desc HTTP/1.1" 200 5909 12936
0:0:0:0:0:0:0:1 - - [27/Dec/2025:14:13:41 +0700] "OPTIONS /api/v1/movies/58 HTTP/1.1" 200 - 2444
0:0:0:0:0:0:0:1 - - [27/Dec/2025:14:13:41 +0700] "OPTIONS /api/v1/movies/58 HTTP/1.1" 200 - 2324
0:0:0:0:0:0:0:1 - - [27/Dec/2025:14:13:41 +0700] "GET /api/v1/movies/58 HTTP/1.1" 200 1056 16163
0:0:0:0:0:0:0:1 - - [27/Dec/2025:14:13:41 +0700] "GET /api/v1/movies/58 HTTP/1.1" 200 1056 14186
0:0:0:0:0:0:0:1 - - [27/Dec/2025:14:13:42 +0700] "GET /api/v1/genres HTTP/1.1" 200 840 18318
0:0:0:0:0:0:0:1 - - [27/Dec/2025:14:13:42 +0700] "GET /api/v1/movies?page=0&size=10&sort=releaseDate,desc HTTP/1.1" 200 5908 18231
0:0:0:0:0:0:0:1 - - [27/Dec/2025:14:13:42 +0700] "GET /api/v1/genres HTTP/1.1" 200 840 14539
0:0:0:0:0:0:0:1 - - [27/Dec/2025:14:13:42 +0700] "GET /api/v1/movies?page=0&size=10&sort=releaseDate,desc HTTP/1.1" 200 5909 15083
0:0:0:0:0:0:0:1 - - [27/Dec/2025:14:13:43 +0700] "GET /api/v1/movies/58 HTTP/1.1" 200 1056 13862
0:0:0:0:0:0:0:1 - - [27/Dec/2025:14:13:43 +0700] "GET /api/v1/movies/58 HTTP/1.1" 200 1056 13949
0:0:0:0:0:0:0:1 - - [27/Dec/2025:14:13:44 +0700] "GET /api/v1/movies?page=0&size=10&sort=releaseDate,desc HTTP/1.1" 200 5909 16280
0:0:0:0:0:0:0:1 - - [27/Dec/2025:14:13:44 +0700] "GET /api/v1/genres HTTP/1.1" 200 840 16209
0:0:0:0:0:0:0:1 - - [27/Dec/2025:14:13:44 +0700] "GET /api/v1/genres HTTP/1.1" 200 840 13984
0:0:0:0:0:0:0:1 - - [27/Dec/2025:14:13:44 +0700] "GET /api/v1/movies?page=0&size=10&sort=releaseDate,desc HTTP/1.1" 200 5909 13992
0:0:0:0:0:0:0:1 - - [27/Dec/2025:14:13:45 +0700] "OPTIONS /api/v1/genres HTTP/1.1" 200 - 682
0:0:0:0:0:0:0:1 - - [27/Dec/2025:14:13:45 +0700] "OPTIONS /api/v1/genres HTTP/1.1" 200 - 702
0:0:0:0:0:0:0:1 - - [27/Dec/2025:14:13:45 +0700] "GET /api/v1/genres HTTP/1.1" 200 839 17683
0:0:0:0:0:0:0:1 - - [27/Dec/2025:14:13:45 +0700] "GET /api/v1/genres HTTP/1.1" 200 840 16315
0:0:0:0:0:0:0:1 - - [27/Dec/2025:14:13:47 +0700] "OPTIONS /api/v1/movies?page=0&size=10&sort=releaseDate,desc HTTP/1.1" 200 - 616
0:0:0:0:0:0:0:1 - - [27/Dec/2025:14:13:47 +0700] "OPTIONS /api/v1/movies?page=0&size=10&sort=releaseDate,desc HTTP/1.1" 200 - 375
0:0:0:0:0:0:0:1 - - [27/Dec/2025:14:13:47 +0700] "GET /api/v1/genres HTTP/1.1" 200 840 18710
0:0:0:0:0:0:0:1 - - [27/Dec/2025:14:13:47 +0700] "GET /api/v1/movies?page=0&size=10&sort=releaseDate,desc HTTP/1.1" 200 5909 20461
0:0:0:0:0:0:0:1 - - [27/Dec/2025:14:13:47 +0700] "GET /api/v1/genres HTTP/1.1" 200 840 15303
0:0:0:0:0:0:0:1 - - [27/Dec/2025:14:13:47 +0700] "GET /api/v1/movies?page=0&size=10&sort=releaseDate,desc HTTP/1.1" 200 5909 14811
0:0:0:0:0:0:0:1 - - [27/Dec/2025:14:13:48 +0700] "GET /api/v1/genres HTTP/1.1" 200 840 18945
0:0:0:0:0:0:0:1 - - [27/Dec/2025:14:13:48 +0700] "GET /api/v1/genres HTTP/1.1" 200 840 15820
0:0:0:0:0:0:0:1 - - [27/Dec/2025:14:14:32 +0700] "OPTIONS /api/v1/genres HTTP/1.1" 200 - 678
0:0:0:0:0:0:0:1 - - [27/Dec/2025:14:14:32 +0700] "OPTIONS /api/v1/movies?page=0&size=10&sort=releaseDate,desc HTTP/1.1" 200 - 673
0:0:0:0:0:0:0:1 - - [27/Dec/2025:14:14:32 +0700] "OPTIONS /api/v1/genres HTTP/1.1" 200 - 475
0:0:0:0:0:0:0:1 - - [27/Dec/2025:14:14:32 +0700] "OPTIONS /api/v1/movies?page=0&size=10&sort=releaseDate,desc HTTP/1.1" 200 - 398
0:0:0:0:0:0:0:1 - - [27/Dec/2025:14:14:32 +0700] "GET /api/v1/genres HTTP/1.1" 200 840 15608
0:0:0:0:0:0:0:1 - - [27/Dec/2025:14:14:32 +0700] "GET /api/v1/movies?page=0&size=10&sort=releaseDate,desc HTTP/1.1" 200 5909 15732
0:0:0:0:0:0:0:1 - - [27/Dec/2025:14:14:32 +0700] "GET /api/v1/genres HTTP/1.1" 200 838 11379
0:0:0:0:0:0:0:1 - - [27/Dec/2025:14:14:32 +0700] "GET /api/v1/movies?page=0&size=10&sort=releaseDate,desc HTTP/1.1" 200 5907 11386
0:0:0:0:0:0:0:1 - - [27/Dec/2025:14:14:34 +0700] "GET /api/v1/genres HTTP/1.1" 200 840 21764
0:0:0:0:0:0:0:1 - - [27/Dec/2025:14:14:34 +0700] "GET /api/v1/genres HTTP/1.1" 200 840 10769
0:0:0:0:0:0:0:1 - - [27/Dec/2025:14:26:04 +0700] "OPTIONS /api/v1/movies?page=0&size=10&sort=releaseDate,desc HTTP/1.1" 200 - 882
0:0:0:0:0:0:0:1 - - [27/Dec/2025:14:26:04 +0700] "OPTIONS /api/v1/genres HTTP/1.1" 200 - 839
0:0:0:0:0:0:0:1 - - [27/Dec/2025:14:26:04 +0700] "OPTIONS /api/v1/movies?page=0&size=10&sort=releaseDate,desc HTTP/1.1" 200 - 817
0:0:0:0:0:0:0:1 - - [27/Dec/2025:14:26:04 +0700] "OPTIONS /api/v1/genres HTTP/1.1" 200 - 941
0:0:0:0:0:0:0:1 - - [27/Dec/2025:14:26:04 +0700] "GET /api/v1/genres HTTP/1.1" 200 840 25702
0:0:0:0:0:0:0:1 - - [27/Dec/2025:14:26:04 +0700] "GET /api/v1/genres HTTP/1.1" 200 840 21065
0:0:0:0:0:0:0:1 - - [27/Dec/2025:14:26:04 +0700] "GET /api/v1/movies?page=0&size=10&sort=releaseDate,desc HTTP/1.1" 200 5909 119406
0:0:0:0:0:0:0:1 - - [27/Dec/2025:14:26:04 +0700] "GET /api/v1/movies?page=0&size=10&sort=releaseDate,desc HTTP/1.1" 200 5909 19160
0:0:0:0:0:0:0:1 - - [27/Dec/2025:14:32:50 +0700] "OPTIONS /api/v1/genres HTTP/1.1" 200 - 941
0:0:0:0:0:0:0:1 - - [27/Dec/2025:14:32:50 +0700] "OPTIONS /api/v1/genres HTTP/1.1" 200 - 1098
0:0:0:0:0:0:0:1 - - [27/Dec/2025:14:32:50 +0700] "GET /api/v1/genres HTTP/1.1" 200 839 18425
0:0:0:0:0:0:0:1 - - [27/Dec/2025:14:32:50 +0700] "GET /api/v1/genres HTTP/1.1" 200 840 16203
0:0:0:0:0:0:0:1 - - [27/Dec/2025:14:38:44 +0700] "OPTIONS /api/v1/genres HTTP/1.1" 200 - 848
0:0:0:0:0:0:0:1 - - [27/Dec/2025:14:38:44 +0700] "OPTIONS /api/v1/genres HTTP/1.1" 200 - 521
0:0:0:0:0:0:0:1 - - [27/Dec/2025:14:38:44 +0700] "OPTIONS /api/v1/genres HTTP/1.1" 200 - 522
0:0:0:0:0:0:0:1 - - [27/Dec/2025:14:38:44 +0700] "GET /api/v1/genres HTTP/1.1" 200 840 20366
0:0:0:0:0:0:0:1 - - [27/Dec/2025:14:38:44 +0700] "GET /api/v1/genres HTTP/1.1" 200 840 14594
0:0:0:0:0:0:0:1 - - [27/Dec/2025:14:38:44 +0700] "GET /api/v1/genres HTTP/1.1" 200 840 13265
0:0:0:0:0:0:0:1 - - [27/Dec/2025:14:57:46 +0700] "OPTIONS /api/v1/genres HTTP/1.1" 200 - 745
0:0:0:0:0:0:0:1 - - [27/Dec/2025:14:57:46 +0700] "OPTIONS /api/v1/movies?page=0&size=10&sort=releaseDate,desc HTTP/1.1" 200 - 797
0:0:0:0:0:0:0:1 - - [27/Dec/2025:14:57:46 +0700] "OPTIONS /api/v1/genres HTTP/1.1" 200 - 794
0:0:0:0:0:0:0:1 - - [27/Dec/2025:14:57:46 +0700] "OPTIONS /api/v1/movies?page=0&size=10&sort=releaseDate,desc HTTP/1.1" 200 - 659
0:0:0:0:0:0:0:1 - - [27/Dec/2025:14:57:46 +0700] "GET /api/v1/genres HTTP/1.1" 200 840 26022
0:0:0:0:0:0:0:1 - - [27/Dec/2025:14:57:46 +0700] "GET /api/v1/genres HTTP/1.1" 200 840 15885
0:0:0:0:0:0:0:1 - - [27/Dec/2025:14:57:46 +0700] "GET /api/v1/movies?page=0&size=10&sort=releaseDate,desc HTTP/1.1" 200 5909 109857
0:0:0:0:0:0:0:1 - - [27/Dec/2025:14:57:46 +0700] "GET /api/v1/movies?page=0&size=10&sort=releaseDate,desc HTTP/1.1" 200 5909 17368
0:0:0:0:0:0:0:1 - - [27/Dec/2025:14:57:49 +0700] "GET /api/v1/genres HTTP/1.1" 200 840 25576
0:0:0:0:0:0:0:1 - - [27/Dec/2025:14:57:49 +0700] "GET /api/v1/movies?page=0&size=10&sort=releaseDate,desc HTTP/1.1" 200 5909 26319
0:0:0:0:0:0:0:1 - - [27/Dec/2025:14:57:49 +0700] "GET /api/v1/genres HTTP/1.1" 200 840 24304
0:0:0:0:0:0:0:1 - - [27/Dec/2025:14:57:49 +0700] "GET /api/v1/movies?page=0&size=10&sort=releaseDate,desc HTTP/1.1" 200 5909 20098
0:0:0:0:0:0:0:1 - - [27/Dec/2025:14:57:53 +0700] "OPTIONS /api/v1/movies?page=0&size=1 HTTP/1.1" 200 - 737
0:0:0:0:0:0:0:1 - - [27/Dec/2025:14:57:53 +0700] "OPTIONS /api/v1/cinemas?page=0&size=1 HTTP/1.1" 200 - 1100
0:0:0:0:0:0:0:1 - - [27/Dec/2025:14:57:53 +0700] "OPTIONS /api/v1/users?page=0&size=1&sortBy=userId&sortDir=asc HTTP/1.1" 200 - 990
0:0:0:0:0:0:0:1 - - [27/Dec/2025:14:57:53 +0700] "OPTIONS /api/v1/bookings?page=0&size=5&sortBy=bookingDate&sortDir=desc HTTP/1.1" 200 - 1406
0:0:0:0:0:0:0:1 - - [27/Dec/2025:14:57:53 +0700] "OPTIONS /api/v1/movies/coming-soon?page=0&size=5 HTTP/1.1" 200 - 964
0:0:0:0:0:0:0:1 - - [27/Dec/2025:14:57:53 +0700] "OPTIONS /api/v1/showtime?date=2025-12-27 HTTP/1.1" 200 - 791
0:0:0:0:0:0:0:1 - - [27/Dec/2025:14:57:53 +0700] "OPTIONS /api/v1/bookings/statistics?startDate=2025-01-01&endDate=2025-12-31 HTTP/1.1" 200 - 2219
0:0:0:0:0:0:0:1 - - [27/Dec/2025:14:57:53 +0700] "OPTIONS /api/v1/movies?page=0&size=1 HTTP/1.1" 200 - 845
0:0:0:0:0:0:0:1 - - [27/Dec/2025:14:57:53 +0700] "OPTIONS /api/v1/cinemas?page=0&size=1 HTTP/1.1" 200 - 812
0:0:0:0:0:0:0:1 - - [27/Dec/2025:14:57:53 +0700] "OPTIONS /api/v1/users?page=0&size=1&sortBy=userId&sortDir=asc HTTP/1.1" 200 - 1367
0:0:0:0:0:0:0:1 - - [27/Dec/2025:14:57:53 +0700] "OPTIONS /api/v1/bookings?page=0&size=5&sortBy=bookingDate&sortDir=desc HTTP/1.1" 200 - 1310
0:0:0:0:0:0:0:1 - - [27/Dec/2025:14:57:53 +0700] "OPTIONS /api/v1/bookings/statistics?startDate=2025-01-01&endDate=2025-12-31 HTTP/1.1" 200 - 1941
0:0:0:0:0:0:0:1 - - [27/Dec/2025:14:57:53 +0700] "OPTIONS /api/v1/movies/coming-soon?page=0&size=5 HTTP/1.1" 200 - 864
0:0:0:0:0:0:0:1 - - [27/Dec/2025:14:57:53 +0700] "OPTIONS /api/v1/showtime?date=2025-12-27 HTTP/1.1" 200 - 709
0:0:0:0:0:0:0:1 - - [27/Dec/2025:14:57:53 +0700] "GET /api/v1/bookings?page=0&size=5&sortBy=bookingDate&sortDir=desc HTTP/1.1" 200 431 32135
0:0:0:0:0:0:0:1 - - [27/Dec/2025:14:57:53 +0700] "GET /api/v1/users?page=0&size=1&sortBy=userId&sortDir=asc HTTP/1.1" 500 173 37943
0:0:0:0:0:0:0:1 - - [27/Dec/2025:14:57:53 +0700] "GET /api/v1/showtime?date=2025-12-27 HTTP/1.1" 500 178 35270
0:0:0:0:0:0:0:1 - - [27/Dec/2025:14:57:53 +0700] "GET /api/v1/movies?page=0&size=1 HTTP/1.1" 200 704 48096
0:0:0:0:0:0:0:1 - - [27/Dec/2025:14:57:53 +0700] "GET /api/v1/cinemas?page=0&size=1 HTTP/1.1" 200 727 52731
0:0:0:0:0:0:0:1 - - [27/Dec/2025:14:57:53 +0700] "GET /api/v1/bookings/statistics?startDate=2025-01-01&endDate=2025-12-31 HTTP/1.1" 500 287 24110
0:0:0:0:0:0:0:1 - - [27/Dec/2025:14:57:53 +0700] "GET /api/v1/bookings?page=0&size=5&sortBy=bookingDate&sortDir=desc HTTP/1.1" 200 433 20757
0:0:0:0:0:0:0:1 - - [27/Dec/2025:14:57:53 +0700] "GET /api/v1/showtime?date=2025-12-27 HTTP/1.1" 500 178 23647
0:0:0:0:0:0:0:1 - - [27/Dec/2025:14:57:53 +0700] "GET /api/v1/users?page=0&size=1&sortBy=userId&sortDir=asc HTTP/1.1" 500 173 19847
0:0:0:0:0:0:0:1 - - [27/Dec/2025:14:57:53 +0700] "GET /api/v1/movies?page=0&size=1 HTTP/1.1" 200 704 16902
0:0:0:0:0:0:0:1 - - [27/Dec/2025:14:57:53 +0700] "GET /api/v1/bookings/statistics?startDate=2025-01-01&endDate=2025-12-31 HTTP/1.1" 500 287 15850
0:0:0:0:0:0:0:1 - - [27/Dec/2025:14:57:53 +0700] "GET /api/v1/cinemas?page=0&size=1 HTTP/1.1" 200 727 18664
0:0:0:0:0:0:0:1 - - [27/Dec/2025:14:57:53 +0700] "GET /api/v1/movies/coming-soon?page=0&size=5 HTTP/1.1" 200 3112 87368
0:0:0:0:0:0:0:1 - - [27/Dec/2025:14:57:53 +0700] "GET /api/v1/movies/coming-soon?page=0&size=5 HTTP/1.1" 200 3112 14844
0:0:0:0:0:0:0:1 - - [27/Dec/2025:14:57:55 +0700] "OPTIONS /api/v1/genres HTTP/1.1" 200 - 540
0:0:0:0:0:0:0:1 - - [27/Dec/2025:14:57:55 +0700] "OPTIONS /api/v1/genres HTTP/1.1" 200 - 647
0:0:0:0:0:0:0:1 - - [27/Dec/2025:14:57:55 +0700] "OPTIONS /api/v1/movies?page=0&size=10&sort=releaseDate,desc HTTP/1.1" 200 - 637
0:0:0:0:0:0:0:1 - - [27/Dec/2025:14:57:55 +0700] "OPTIONS /api/v1/movies?page=0&size=10&sort=releaseDate,desc HTTP/1.1" 200 - 851
0:0:0:0:0:0:0:1 - - [27/Dec/2025:14:57:55 +0700] "GET /api/v1/genres HTTP/1.1" 200 840 22575
0:0:0:0:0:0:0:1 - - [27/Dec/2025:14:57:55 +0700] "GET /api/v1/movies?page=0&size=10&sort=releaseDate,desc HTTP/1.1" 200 5909 23007
0:0:0:0:0:0:0:1 - - [27/Dec/2025:14:57:55 +0700] "GET /api/v1/genres HTTP/1.1" 200 840 16419
0:0:0:0:0:0:0:1 - - [27/Dec/2025:14:57:55 +0700] "GET /api/v1/movies?page=0&size=10&sort=releaseDate,desc HTTP/1.1" 200 5908 20905
0:0:0:0:0:0:0:1 - - [27/Dec/2025:14:57:57 +0700] "GET /api/v1/genres HTTP/1.1" 200 840 18001
0:0:0:0:0:0:0:1 - - [27/Dec/2025:14:57:58 +0700] "GET /api/v1/genres HTTP/1.1" 200 838 17249
0:0:0:0:0:0:0:1 - - [27/Dec/2025:14:57:59 +0700] "GET /api/v1/genres HTTP/1.1" 200 840 16048
0:0:0:0:0:0:0:1 - - [27/Dec/2025:14:57:59 +0700] "GET /api/v1/movies?page=0&size=10&sort=releaseDate,desc HTTP/1.1" 200 5909 16354
0:0:0:0:0:0:0:1 - - [27/Dec/2025:14:57:59 +0700] "GET /api/v1/genres HTTP/1.1" 200 840 14477
0:0:0:0:0:0:0:1 - - [27/Dec/2025:14:57:59 +0700] "GET /api/v1/movies?page=0&size=10&sort=releaseDate,desc HTTP/1.1" 200 5909 14359
0:0:0:0:0:0:0:1 - - [27/Dec/2025:14:58:07 +0700] "OPTIONS /api/v1/genres HTTP/1.1" 200 - 632
0:0:0:0:0:0:0:1 - - [27/Dec/2025:14:58:07 +0700] "OPTIONS /api/v1/genres HTTP/1.1" 200 - 496
0:0:0:0:0:0:0:1 - - [27/Dec/2025:14:58:07 +0700] "GET /api/v1/genres HTTP/1.1" 200 840 16178
0:0:0:0:0:0:0:1 - - [27/Dec/2025:14:58:07 +0700] "GET /api/v1/genres HTTP/1.1" 200 840 13481
0:0:0:0:0:0:0:1 - - [27/Dec/2025:14:58:13 +0700] "OPTIONS /api/v1/genres HTTP/1.1" 200 - 1221
0:0:0:0:0:0:0:1 - - [27/Dec/2025:14:58:13 +0700] "GET /api/v1/genres HTTP/1.1" 200 840 19419
0:0:0:0:0:0:0:1 - - [27/Dec/2025:14:58:15 +0700] "OPTIONS /api/v1/auth/verify HTTP/1.1" 200 - 792
0:0:0:0:0:0:0:1 - - [27/Dec/2025:14:58:15 +0700] "OPTIONS /api/v1/auth/verify HTTP/1.1" 200 - 1300
0:0:0:0:0:0:0:1 - - [27/Dec/2025:14:58:15 +0700] "GET /api/v1/auth/verify HTTP/1.1" 200 281 18412
0:0:0:0:0:0:0:1 - - [27/Dec/2025:14:58:15 +0700] "GET /api/v1/auth/verify HTTP/1.1" 200 281 26023
0:0:0:0:0:0:0:1 - - [27/Dec/2025:14:58:15 +0700] "OPTIONS /api/v1/movies?page=0&size=10&sort=releaseDate,desc HTTP/1.1" 200 - 1015
0:0:0:0:0:0:0:1 - - [27/Dec/2025:14:58:15 +0700] "OPTIONS /api/v1/movies?page=0&size=10&sort=releaseDate,desc HTTP/1.1" 200 - 761
0:0:0:0:0:0:0:1 - - [27/Dec/2025:14:58:15 +0700] "GET /api/v1/genres HTTP/1.1" 200 837 22647
0:0:0:0:0:0:0:1 - - [27/Dec/2025:14:58:15 +0700] "GET /api/v1/movies?page=0&size=10&sort=releaseDate,desc HTTP/1.1" 200 5909 21608
0:0:0:0:0:0:0:1 - - [27/Dec/2025:14:58:15 +0700] "GET /api/v1/genres HTTP/1.1" 200 840 25885
0:0:0:0:0:0:0:1 - - [27/Dec/2025:14:58:15 +0700] "GET /api/v1/movies?page=0&size=10&sort=releaseDate,desc HTTP/1.1" 200 5909 20330
0:0:0:0:0:0:0:1 - - [27/Dec/2025:14:58:17 +0700] "GET /api/v1/genres HTTP/1.1" 200 840 23854
0:0:0:0:0:0:0:1 - - [27/Dec/2025:14:58:17 +0700] "GET /api/v1/genres HTTP/1.1" 200 840 20164
0:0:0:0:0:0:0:1 - - [27/Dec/2025:14:58:20 +0700] "OPTIONS /api/v1/auth/verify HTTP/1.1" 200 - 832
0:0:0:0:0:0:0:1 - - [27/Dec/2025:14:58:20 +0700] "OPTIONS /api/v1/auth/verify HTTP/1.1" 200 - 863
0:0:0:0:0:0:0:1 - - [27/Dec/2025:14:58:20 +0700] "GET /api/v1/auth/verify HTTP/1.1" 200 281 14743
0:0:0:0:0:0:0:1 - - [27/Dec/2025:14:58:20 +0700] "GET /api/v1/auth/verify HTTP/1.1" 200 281 25208
0:0:0:0:0:0:0:1 - - [27/Dec/2025:14:58:20 +0700] "OPTIONS /api/v1/genres HTTP/1.1" 200 - 636
0:0:0:0:0:0:0:1 - - [27/Dec/2025:14:58:20 +0700] "OPTIONS /api/v1/genres HTTP/1.1" 200 - 1648
0:0:0:0:0:0:0:1 - - [27/Dec/2025:14:58:20 +0700] "GET /api/v1/movies?page=0&size=10&sort=releaseDate,desc HTTP/1.1" 200 5909 23237
0:0:0:0:0:0:0:1 - - [27/Dec/2025:14:58:20 +0700] "GET /api/v1/genres HTTP/1.1" 200 839 24830
0:0:0:0:0:0:0:1 - - [27/Dec/2025:14:58:20 +0700] "GET /api/v1/movies?page=0&size=10&sort=releaseDate,desc HTTP/1.1" 200 5909 20641
0:0:0:0:0:0:0:1 - - [27/Dec/2025:14:58:20 +0700] "GET /api/v1/genres HTTP/1.1" 200 840 15909
0:0:0:0:0:0:0:1 - - [27/Dec/2025:14:58:23 +0700] "GET /api/v1/genres HTTP/1.1" 200 839 21779
0:0:0:0:0:0:0:1 - - [27/Dec/2025:14:58:23 +0700] "GET /api/v1/genres HTTP/1.1" 200 840 21737
0:0:0:0:0:0:0:1 - - [27/Dec/2025:14:58:25 +0700] "OPTIONS /api/v1/movies?page=0&size=1 HTTP/1.1" 200 - 889
0:0:0:0:0:0:0:1 - - [27/Dec/2025:14:58:25 +0700] "OPTIONS /api/v1/cinemas?page=0&size=1 HTTP/1.1" 200 - 559
0:0:0:0:0:0:0:1 - - [27/Dec/2025:14:58:25 +0700] "OPTIONS /api/v1/users?page=0&size=1&sortBy=userId&sortDir=asc HTTP/1.1" 200 - 566
0:0:0:0:0:0:0:1 - - [27/Dec/2025:14:58:25 +0700] "OPTIONS /api/v1/bookings?page=0&size=5&sortBy=bookingDate&sortDir=desc HTTP/1.1" 200 - 485
0:0:0:0:0:0:0:1 - - [27/Dec/2025:14:58:25 +0700] "OPTIONS /api/v1/bookings/statistics?startDate=2025-01-01&endDate=2025-12-31 HTTP/1.1" 200 - 923
0:0:0:0:0:0:0:1 - - [27/Dec/2025:14:58:25 +0700] "OPTIONS /api/v1/movies/coming-soon?page=0&size=5 HTTP/1.1" 200 - 514
0:0:0:0:0:0:0:1 - - [27/Dec/2025:14:58:25 +0700] "OPTIONS /api/v1/showtime?date=2025-12-27 HTTP/1.1" 200 - 561
0:0:0:0:0:0:0:1 - - [27/Dec/2025:14:58:25 +0700] "OPTIONS /api/v1/movies?page=0&size=1 HTTP/1.1" 200 - 477
0:0:0:0:0:0:0:1 - - [27/Dec/2025:14:58:25 +0700] "OPTIONS /api/v1/cinemas?page=0&size=1 HTTP/1.1" 200 - 493
0:0:0:0:0:0:0:1 - - [27/Dec/2025:14:58:25 +0700] "OPTIONS /api/v1/users?page=0&size=1&sortBy=userId&sortDir=asc HTTP/1.1" 200 - 469
0:0:0:0:0:0:0:1 - - [27/Dec/2025:14:58:25 +0700] "OPTIONS /api/v1/bookings?page=0&size=5&sortBy=bookingDate&sortDir=desc HTTP/1.1" 200 - 937
0:0:0:0:0:0:0:1 - - [27/Dec/2025:14:58:25 +0700] "OPTIONS /api/v1/bookings/statistics?startDate=2025-01-01&endDate=2025-12-31 HTTP/1.1" 200 - 1730
0:0:0:0:0:0:0:1 - - [27/Dec/2025:14:58:25 +0700] "OPTIONS /api/v1/movies/coming-soon?page=0&size=5 HTTP/1.1" 200 - 760
0:0:0:0:0:0:0:1 - - [27/Dec/2025:14:58:25 +0700] "OPTIONS /api/v1/showtime?date=2025-12-27 HTTP/1.1" 200 - 677
0:0:0:0:0:0:0:1 - - [27/Dec/2025:14:58:25 +0700] "GET /api/v1/movies/coming-soon?page=0&size=5 HTTP/1.1" 200 3113 14805
0:0:0:0:0:0:0:1 - - [27/Dec/2025:14:58:25 +0700] "GET /api/v1/movies?page=0&size=1 HTTP/1.1" 200 704 17457
0:0:0:0:0:0:0:1 - - [27/Dec/2025:14:58:25 +0700] "GET /api/v1/cinemas?page=0&size=1 HTTP/1.1" 200 727 17518
0:0:0:0:0:0:0:1 - - [27/Dec/2025:14:58:25 +0700] "GET /api/v1/bookings/statistics?startDate=2025-01-01&endDate=2025-12-31 HTTP/1.1" 500 286 17488
0:0:0:0:0:0:0:1 - - [27/Dec/2025:14:58:25 +0700] "GET /api/v1/bookings?page=0&size=5&sortBy=bookingDate&sortDir=desc HTTP/1.1" 200 432 18535
0:0:0:0:0:0:0:1 - - [27/Dec/2025:14:58:25 +0700] "GET /api/v1/users?page=0&size=1&sortBy=userId&sortDir=asc HTTP/1.1" 500 172 18954
0:0:0:0:0:0:0:1 - - [27/Dec/2025:14:58:25 +0700] "GET /api/v1/cinemas?page=0&size=1 HTTP/1.1" 200 727 13504
0:0:0:0:0:0:0:1 - - [27/Dec/2025:14:58:25 +0700] "GET /api/v1/movies/coming-soon?page=0&size=5 HTTP/1.1" 200 3113 14102
0:0:0:0:0:0:0:1 - - [27/Dec/2025:14:58:25 +0700] "GET /api/v1/bookings/statistics?startDate=2025-01-01&endDate=2025-12-31 HTTP/1.1" 500 287 13005
0:0:0:0:0:0:0:1 - - [27/Dec/2025:14:58:25 +0700] "GET /api/v1/movies?page=0&size=1 HTTP/1.1" 200 704 13687
0:0:0:0:0:0:0:1 - - [27/Dec/2025:14:58:25 +0700] "GET /api/v1/showtime?date=2025-12-27 HTTP/1.1" 500 178 19013
0:0:0:0:0:0:0:1 - - [27/Dec/2025:14:58:25 +0700] "GET /api/v1/bookings?page=0&size=5&sortBy=bookingDate&sortDir=desc HTTP/1.1" 200 433 16909
0:0:0:0:0:0:0:1 - - [27/Dec/2025:14:58:25 +0700] "GET /api/v1/users?page=0&size=1&sortBy=userId&sortDir=asc HTTP/1.1" 500 173 13873
0:0:0:0:0:0:0:1 - - [27/Dec/2025:14:58:25 +0700] "GET /api/v1/showtime?date=2025-12-27 HTTP/1.1" 500 178 16609
0:0:0:0:0:0:0:1 - - [27/Dec/2025:14:58:26 +0700] "OPTIONS /api/v1/genres HTTP/1.1" 200 - 654
0:0:0:0:0:0:0:1 - - [27/Dec/2025:14:58:26 +0700] "OPTIONS /api/v1/movies?page=0&size=10&sort=releaseDate,desc HTTP/1.1" 200 - 459
0:0:0:0:0:0:0:1 - - [27/Dec/2025:14:58:26 +0700] "OPTIONS /api/v1/genres HTTP/1.1" 200 - 693
0:0:0:0:0:0:0:1 - - [27/Dec/2025:14:58:26 +0700] "OPTIONS /api/v1/movies?page=0&size=10&sort=releaseDate,desc HTTP/1.1" 200 - 445
0:0:0:0:0:0:0:1 - - [27/Dec/2025:14:58:26 +0700] "GET /api/v1/genres HTTP/1.1" 200 840 14812
0:0:0:0:0:0:0:1 - - [27/Dec/2025:14:58:26 +0700] "GET /api/v1/movies?page=0&size=10&sort=releaseDate,desc HTTP/1.1" 200 5909 16333
0:0:0:0:0:0:0:1 - - [27/Dec/2025:14:58:26 +0700] "GET /api/v1/genres HTTP/1.1" 200 840 12949
0:0:0:0:0:0:0:1 - - [27/Dec/2025:14:58:26 +0700] "GET /api/v1/movies?page=0&size=10&sort=releaseDate,desc HTTP/1.1" 200 5909 11361
0:0:0:0:0:0:0:1 - - [27/Dec/2025:14:58:29 +0700] "GET /api/v1/genres HTTP/1.1" 200 840 18067
0:0:0:0:0:0:0:1 - - [27/Dec/2025:14:58:29 +0700] "GET /api/v1/genres HTTP/1.1" 200 840 14602
0:0:0:0:0:0:0:1 - - [27/Dec/2025:14:58:33 +0700] "OPTIONS /api/v1/auth/verify HTTP/1.1" 200 - 631
0:0:0:0:0:0:0:1 - - [27/Dec/2025:14:58:33 +0700] "OPTIONS /api/v1/auth/verify HTTP/1.1" 200 - 581
0:0:0:0:0:0:0:1 - - [27/Dec/2025:14:58:33 +0700] "GET /api/v1/auth/verify HTTP/1.1" 200 280 13007
0:0:0:0:0:0:0:1 - - [27/Dec/2025:14:58:33 +0700] "GET /api/v1/auth/verify HTTP/1.1" 200 281 20970
0:0:0:0:0:0:0:1 - - [27/Dec/2025:14:58:33 +0700] "OPTIONS /api/v1/genres HTTP/1.1" 200 - 720
0:0:0:0:0:0:0:1 - - [27/Dec/2025:14:58:33 +0700] "OPTIONS /api/v1/genres HTTP/1.1" 200 - 567
0:0:0:0:0:0:0:1 - - [27/Dec/2025:14:58:33 +0700] "OPTIONS /api/v1/movies?page=0&size=10&sort=releaseDate,desc HTTP/1.1" 200 - 574
0:0:0:0:0:0:0:1 - - [27/Dec/2025:14:58:33 +0700] "OPTIONS /api/v1/movies?page=0&size=10&sort=releaseDate,desc HTTP/1.1" 200 - 511
0:0:0:0:0:0:0:1 - - [27/Dec/2025:14:58:33 +0700] "GET /api/v1/genres HTTP/1.1" 200 840 16598
0:0:0:0:0:0:0:1 - - [27/Dec/2025:14:58:33 +0700] "GET /api/v1/movies?page=0&size=10&sort=releaseDate,desc HTTP/1.1" 200 5909 19398
0:0:0:0:0:0:0:1 - - [27/Dec/2025:14:58:33 +0700] "GET /api/v1/genres HTTP/1.1" 200 840 13947
0:0:0:0:0:0:0:1 - - [27/Dec/2025:14:58:33 +0700] "GET /api/v1/movies?page=0&size=10&sort=releaseDate,desc HTTP/1.1" 200 5909 14157
0:0:0:0:0:0:0:1 - - [27/Dec/2025:14:58:39 +0700] "OPTIONS /api/v1/genres HTTP/1.1" 200 - 591
0:0:0:0:0:0:0:1 - - [27/Dec/2025:14:58:39 +0700] "OPTIONS /api/v1/genres HTTP/1.1" 200 - 596
0:0:0:0:0:0:0:1 - - [27/Dec/2025:14:58:39 +0700] "GET /api/v1/genres HTTP/1.1" 200 840 17304
0:0:0:0:0:0:0:1 - - [27/Dec/2025:14:58:39 +0700] "GET /api/v1/genres HTTP/1.1" 200 840 17676
0:0:0:0:0:0:0:1 - - [27/Dec/2025:14:58:41 +0700] "OPTIONS /api/v1/auth/verify HTTP/1.1" 200 - 1141
0:0:0:0:0:0:0:1 - - [27/Dec/2025:14:58:41 +0700] "OPTIONS /api/v1/auth/verify HTTP/1.1" 200 - 1222
0:0:0:0:0:0:0:1 - - [27/Dec/2025:14:58:41 +0700] "GET /api/v1/auth/verify HTTP/1.1" 200 281 28366
0:0:0:0:0:0:0:1 - - [27/Dec/2025:14:58:41 +0700] "GET /api/v1/auth/verify HTTP/1.1" 200 281 58008
0:0:0:0:0:0:0:1 - - [27/Dec/2025:14:58:42 +0700] "GET /api/v1/genres HTTP/1.1" 200 840 27211
0:0:0:0:0:0:0:1 - - [27/Dec/2025:14:58:42 +0700] "GET /api/v1/genres HTTP/1.1" 200 840 18775
0:0:0:0:0:0:0:1 - - [27/Dec/2025:14:58:45 +0700] "OPTIONS /api/v1/genres HTTP/1.1" 200 - 792
0:0:0:0:0:0:0:1 - - [27/Dec/2025:14:58:45 +0700] "OPTIONS /api/v1/movies?page=0&size=10&sort=releaseDate,desc HTTP/1.1" 200 - 554
0:0:0:0:0:0:0:1 - - [27/Dec/2025:14:58:45 +0700] "OPTIONS /api/v1/movies?page=0&size=10&sort=releaseDate,desc HTTP/1.1" 200 - 768
0:0:0:0:0:0:0:1 - - [27/Dec/2025:14:58:45 +0700] "OPTIONS /api/v1/genres HTTP/1.1" 200 - 614
0:0:0:0:0:0:0:1 - - [27/Dec/2025:14:58:45 +0700] "GET /api/v1/genres HTTP/1.1" 200 839 15653
0:0:0:0:0:0:0:1 - - [27/Dec/2025:14:58:45 +0700] "GET /api/v1/movies?page=0&size=10&sort=releaseDate,desc HTTP/1.1" 200 5908 15408
0:0:0:0:0:0:0:1 - - [27/Dec/2025:14:58:45 +0700] "GET /api/v1/genres HTTP/1.1" 200 840 12677
0:0:0:0:0:0:0:1 - - [27/Dec/2025:14:58:45 +0700] "GET /api/v1/movies?page=0&size=10&sort=releaseDate,desc HTTP/1.1" 200 5909 12869
0:0:0:0:0:0:0:1 - - [27/Dec/2025:15:00:03 +0700] "OPTIONS /api/v1/genres HTTP/1.1" 200 - 756
0:0:0:0:0:0:0:1 - - [27/Dec/2025:15:00:03 +0700] "OPTIONS /api/v1/genres HTTP/1.1" 200 - 552
0:0:0:0:0:0:0:1 - - [27/Dec/2025:15:00:03 +0700] "GET /api/v1/genres HTTP/1.1" 200 839 21779
0:0:0:0:0:0:0:1 - - [27/Dec/2025:15:00:03 +0700] "GET /api/v1/genres HTTP/1.1" 200 840 23857
0:0:0:0:0:0:0:1 - - [27/Dec/2025:15:00:04 +0700] "OPTIONS /api/v1/movies?page=0&size=10&sort=releaseDate,desc HTTP/1.1" 200 - 947
0:0:0:0:0:0:0:1 - - [27/Dec/2025:15:00:04 +0700] "OPTIONS /api/v1/movies?page=0&size=10&sort=releaseDate,desc HTTP/1.1" 200 - 844
0:0:0:0:0:0:0:1 - - [27/Dec/2025:15:00:04 +0700] "GET /api/v1/genres HTTP/1.1" 200 840 22927
0:0:0:0:0:0:0:1 - - [27/Dec/2025:15:00:04 +0700] "GET /api/v1/movies?page=0&size=10&sort=releaseDate,desc HTTP/1.1" 200 5909 34714
0:0:0:0:0:0:0:1 - - [27/Dec/2025:15:00:04 +0700] "GET /api/v1/genres HTTP/1.1" 200 840 32761
0:0:0:0:0:0:0:1 - - [27/Dec/2025:15:00:04 +0700] "GET /api/v1/movies?page=0&size=10&sort=releaseDate,desc HTTP/1.1" 200 5909 29995
0:0:0:0:0:0:0:1 - - [27/Dec/2025:15:00:05 +0700] "OPTIONS /api/v1/movies?page=0&size=1 HTTP/1.1" 200 - 1205
0:0:0:0:0:0:0:1 - - [27/Dec/2025:15:00:05 +0700] "OPTIONS /api/v1/cinemas?page=0&size=1 HTTP/1.1" 200 - 769
0:0:0:0:0:0:0:1 - - [27/Dec/2025:15:00:05 +0700] "OPTIONS /api/v1/users?page=0&size=1&sortBy=userId&sortDir=asc HTTP/1.1" 200 - 1022
0:0:0:0:0:0:0:1 - - [27/Dec/2025:15:00:05 +0700] "OPTIONS /api/v1/bookings?page=0&size=5&sortBy=bookingDate&sortDir=desc HTTP/1.1" 200 - 1420
0:0:0:0:0:0:0:1 - - [27/Dec/2025:15:00:05 +0700] "OPTIONS /api/v1/movies/coming-soon?page=0&size=5 HTTP/1.1" 200 - 882
0:0:0:0:0:0:0:1 - - [27/Dec/2025:15:00:05 +0700] "OPTIONS /api/v1/bookings/statistics?startDate=2025-01-01&endDate=2025-12-31 HTTP/1.1" 200 - 1283
0:0:0:0:0:0:0:1 - - [27/Dec/2025:15:00:05 +0700] "OPTIONS /api/v1/movies?page=0&size=1 HTTP/1.1" 200 - 2286
0:0:0:0:0:0:0:1 - - [27/Dec/2025:15:00:05 +0700] "OPTIONS /api/v1/showtime?date=2025-12-27 HTTP/1.1" 200 - 2641
0:0:0:0:0:0:0:1 - - [27/Dec/2025:15:00:05 +0700] "OPTIONS /api/v1/cinemas?page=0&size=1 HTTP/1.1" 200 - 2974
0:0:0:0:0:0:0:1 - - [27/Dec/2025:15:00:05 +0700] "OPTIONS /api/v1/users?page=0&size=1&sortBy=userId&sortDir=asc HTTP/1.1" 200 - 3283
0:0:0:0:0:0:0:1 - - [27/Dec/2025:15:00:05 +0700] "OPTIONS /api/v1/movies/coming-soon?page=0&size=5 HTTP/1.1" 200 - 721
0:0:0:0:0:0:0:1 - - [27/Dec/2025:15:00:05 +0700] "OPTIONS /api/v1/bookings?page=0&size=5&sortBy=bookingDate&sortDir=desc HTTP/1.1" 200 - 1358
0:0:0:0:0:0:0:1 - - [27/Dec/2025:15:00:05 +0700] "OPTIONS /api/v1/bookings/statistics?startDate=2025-01-01&endDate=2025-12-31 HTTP/1.1" 200 - 1191
0:0:0:0:0:0:0:1 - - [27/Dec/2025:15:00:05 +0700] "OPTIONS /api/v1/showtime?date=2025-12-27 HTTP/1.1" 200 - 1407
0:0:0:0:0:0:0:1 - - [27/Dec/2025:15:00:05 +0700] "GET /api/v1/movies?page=0&size=1 HTTP/1.1" 200 704 31645
0:0:0:0:0:0:0:1 - - [27/Dec/2025:15:00:05 +0700] "GET /api/v1/cinemas?page=0&size=1 HTTP/1.1" 200 727 30510
0:0:0:0:0:0:0:1 - - [27/Dec/2025:15:00:05 +0700] "GET /api/v1/users?page=0&size=1&sortBy=userId&sortDir=asc HTTP/1.1" 500 173 32836
0:0:0:0:0:0:0:1 - - [27/Dec/2025:15:00:05 +0700] "GET /api/v1/movies/coming-soon?page=0&size=5 HTTP/1.1" 200 3112 33637
0:0:0:0:0:0:0:1 - - [27/Dec/2025:15:00:05 +0700] "GET /api/v1/bookings?page=0&size=5&sortBy=bookingDate&sortDir=desc HTTP/1.1" 200 433 35573
0:0:0:0:0:0:0:1 - - [27/Dec/2025:15:00:05 +0700] "GET /api/v1/bookings/statistics?startDate=2025-01-01&endDate=2025-12-31 HTTP/1.1" 500 287 56292
0:0:0:0:0:0:0:1 - - [27/Dec/2025:15:00:05 +0700] "GET /api/v1/movies?page=0&size=1 HTTP/1.1" 200 704 33829
0:0:0:0:0:0:0:1 - - [27/Dec/2025:15:00:05 +0700] "GET /api/v1/cinemas?page=0&size=1 HTTP/1.1" 200 727 39275
0:0:0:0:0:0:0:1 - - [27/Dec/2025:15:00:05 +0700] "GET /api/v1/users?page=0&size=1&sortBy=userId&sortDir=asc HTTP/1.1" 500 173 38366
0:0:0:0:0:0:0:1 - - [27/Dec/2025:15:00:05 +0700] "GET /api/v1/showtime?date=2025-12-27 HTTP/1.1" 500 178 47452
0:0:0:0:0:0:0:1 - - [27/Dec/2025:15:00:05 +0700] "GET /api/v1/movies/coming-soon?page=0&size=5 HTTP/1.1" 200 3113 41586
0:0:0:0:0:0:0:1 - - [27/Dec/2025:15:00:05 +0700] "GET /api/v1/bookings?page=0&size=5&sortBy=bookingDate&sortDir=desc HTTP/1.1" 200 433 36636
0:0:0:0:0:0:0:1 - - [27/Dec/2025:15:00:05 +0700] "GET /api/v1/bookings/statistics?startDate=2025-01-01&endDate=2025-12-31 HTTP/1.1" 500 287 38302
0:0:0:0:0:0:0:1 - - [27/Dec/2025:15:00:05 +0700] "GET /api/v1/showtime?date=2025-12-27 HTTP/1.1" 500 178 37032
0:0:0:0:0:0:0:1 - - [27/Dec/2025:15:00:07 +0700] "GET /api/v1/genres HTTP/1.1" 200 840 16170
0:0:0:0:0:0:0:1 - - [27/Dec/2025:15:00:07 +0700] "GET /api/v1/movies?page=0&size=10&sort=releaseDate,desc HTTP/1.1" 200 5909 16267
0:0:0:0:0:0:0:1 - - [27/Dec/2025:15:00:07 +0700] "GET /api/v1/genres HTTP/1.1" 200 840 12505
0:0:0:0:0:0:0:1 - - [27/Dec/2025:15:00:07 +0700] "GET /api/v1/movies?page=0&size=10&sort=releaseDate,desc HTTP/1.1" 200 5909 12586
0:0:0:0:0:0:0:1 - - [27/Dec/2025:15:00:09 +0700] "OPTIONS /api/v1/genres HTTP/1.1" 200 - 901
0:0:0:0:0:0:0:1 - - [27/Dec/2025:15:00:09 +0700] "OPTIONS /api/v1/genres HTTP/1.1" 200 - 848
0:0:0:0:0:0:0:1 - - [27/Dec/2025:15:00:09 +0700] "GET /api/v1/genres HTTP/1.1" 200 840 20631
0:0:0:0:0:0:0:1 - - [27/Dec/2025:15:00:09 +0700] "GET /api/v1/genres HTTP/1.1" 200 840 16163
0:0:0:0:0:0:0:1 - - [27/Dec/2025:15:00:10 +0700] "OPTIONS /api/v1/movies?page=0&size=10&sort=releaseDate,desc HTTP/1.1" 200 - 996
0:0:0:0:0:0:0:1 - - [27/Dec/2025:15:00:10 +0700] "OPTIONS /api/v1/movies?page=0&size=10&sort=releaseDate,desc HTTP/1.1" 200 - 988
0:0:0:0:0:0:0:1 - - [27/Dec/2025:15:00:10 +0700] "GET /api/v1/genres HTTP/1.1" 200 838 16912
0:0:0:0:0:0:0:1 - - [27/Dec/2025:15:00:10 +0700] "GET /api/v1/movies?page=0&size=10&sort=releaseDate,desc HTTP/1.1" 200 5909 16777
0:0:0:0:0:0:0:1 - - [27/Dec/2025:15:00:10 +0700] "GET /api/v1/genres HTTP/1.1" 200 840 12886
0:0:0:0:0:0:0:1 - - [27/Dec/2025:15:00:10 +0700] "GET /api/v1/movies?page=0&size=10&sort=releaseDate,desc HTTP/1.1" 200 5909 13914
0:0:0:0:0:0:0:1 - - [27/Dec/2025:15:00:11 +0700] "OPTIONS /api/v1/movies?page=0&size=1 HTTP/1.1" 200 - 785
0:0:0:0:0:0:0:1 - - [27/Dec/2025:15:00:11 +0700] "OPTIONS /api/v1/cinemas?page=0&size=1 HTTP/1.1" 200 - 581
0:0:0:0:0:0:0:1 - - [27/Dec/2025:15:00:11 +0700] "OPTIONS /api/v1/users?page=0&size=1&sortBy=userId&sortDir=asc HTTP/1.1" 200 - 622
0:0:0:0:0:0:0:1 - - [27/Dec/2025:15:00:11 +0700] "OPTIONS /api/v1/bookings?page=0&size=5&sortBy=bookingDate&sortDir=desc HTTP/1.1" 200 - 581
0:0:0:0:0:0:0:1 - - [27/Dec/2025:15:00:11 +0700] "OPTIONS /api/v1/bookings/statistics?startDate=2025-01-01&endDate=2025-12-31 HTTP/1.1" 200 - 1456
0:0:0:0:0:0:0:1 - - [27/Dec/2025:15:00:11 +0700] "OPTIONS /api/v1/movies/coming-soon?page=0&size=5 HTTP/1.1" 200 - 750
0:0:0:0:0:0:0:1 - - [27/Dec/2025:15:00:11 +0700] "OPTIONS /api/v1/showtime?date=2025-12-27 HTTP/1.1" 200 - 1008
0:0:0:0:0:0:0:1 - - [27/Dec/2025:15:00:11 +0700] "OPTIONS /api/v1/movies?page=0&size=1 HTTP/1.1" 200 - 535
0:0:0:0:0:0:0:1 - - [27/Dec/2025:15:00:11 +0700] "OPTIONS /api/v1/cinemas?page=0&size=1 HTTP/1.1" 200 - 492
0:0:0:0:0:0:0:1 - - [27/Dec/2025:15:00:11 +0700] "OPTIONS /api/v1/users?page=0&size=1&sortBy=userId&sortDir=asc HTTP/1.1" 200 - 492
0:0:0:0:0:0:0:1 - - [27/Dec/2025:15:00:11 +0700] "OPTIONS /api/v1/bookings?page=0&size=5&sortBy=bookingDate&sortDir=desc HTTP/1.1" 200 - 598
0:0:0:0:0:0:0:1 - - [27/Dec/2025:15:00:11 +0700] "OPTIONS /api/v1/bookings/statistics?startDate=2025-01-01&endDate=2025-12-31 HTTP/1.1" 200 - 909
0:0:0:0:0:0:0:1 - - [27/Dec/2025:15:00:11 +0700] "OPTIONS /api/v1/movies/coming-soon?page=0&size=5 HTTP/1.1" 200 - 958
0:0:0:0:0:0:0:1 - - [27/Dec/2025:15:00:11 +0700] "OPTIONS /api/v1/showtime?date=2025-12-27 HTTP/1.1" 200 - 503
0:0:0:0:0:0:0:1 - - [27/Dec/2025:15:00:11 +0700] "GET /api/v1/cinemas?page=0&size=1 HTTP/1.1" 200 727 16070
0:0:0:0:0:0:0:1 - - [27/Dec/2025:15:00:11 +0700] "GET /api/v1/movies?page=0&size=1 HTTP/1.1" 200 704 16287
0:0:0:0:0:0:0:1 - - [27/Dec/2025:15:00:11 +0700] "GET /api/v1/movies/coming-soon?page=0&size=5 HTTP/1.1" 200 3113 14750
0:0:0:0:0:0:0:1 - - [27/Dec/2025:15:00:11 +0700] "GET /api/v1/bookings/statistics?startDate=2025-01-01&endDate=2025-12-31 HTTP/1.1" 500 287 15577
0:0:0:0:0:0:0:1 - - [27/Dec/2025:15:00:11 +0700] "GET /api/v1/users?page=0&size=1&sortBy=userId&sortDir=asc HTTP/1.1" 500 173 16064
0:0:0:0:0:0:0:1 - - [27/Dec/2025:15:00:11 +0700] "GET /api/v1/bookings?page=0&size=5&sortBy=bookingDate&sortDir=desc HTTP/1.1" 200 433 18910
0:0:0:0:0:0:0:1 - - [27/Dec/2025:15:00:11 +0700] "GET /api/v1/movies?page=0&size=1 HTTP/1.1" 200 704 13180
0:0:0:0:0:0:0:1 - - [27/Dec/2025:15:00:11 +0700] "GET /api/v1/cinemas?page=0&size=1 HTTP/1.1" 200 727 13600
0:0:0:0:0:0:0:1 - - [27/Dec/2025:15:00:11 +0700] "GET /api/v1/movies/coming-soon?page=0&size=5 HTTP/1.1" 200 3113 12288
0:0:0:0:0:0:0:1 - - [27/Dec/2025:15:00:11 +0700] "GET /api/v1/showtime?date=2025-12-27 HTTP/1.1" 500 178 17433
0:0:0:0:0:0:0:1 - - [27/Dec/2025:15:00:11 +0700] "GET /api/v1/bookings/statistics?startDate=2025-01-01&endDate=2025-12-31 HTTP/1.1" 500 287 13494
0:0:0:0:0:0:0:1 - - [27/Dec/2025:15:00:11 +0700] "GET /api/v1/users?page=0&size=1&sortBy=userId&sortDir=asc HTTP/1.1" 500 173 15018
0:0:0:0:0:0:0:1 - - [27/Dec/2025:15:00:11 +0700] "GET /api/v1/bookings?page=0&size=5&sortBy=bookingDate&sortDir=desc HTTP/1.1" 200 433 15935
0:0:0:0:0:0:0:1 - - [27/Dec/2025:15:00:11 +0700] "GET /api/v1/showtime?date=2025-12-27 HTTP/1.1" 500 178 16877
0:0:0:0:0:0:0:1 - - [27/Dec/2025:15:00:12 +0700] "GET /api/v1/movies?page=0&size=10&sort=releaseDate,desc HTTP/1.1" 200 5909 16385
0:0:0:0:0:0:0:1 - - [27/Dec/2025:15:00:12 +0700] "GET /api/v1/genres HTTP/1.1" 200 840 16420
0:0:0:0:0:0:0:1 - - [27/Dec/2025:15:00:12 +0700] "GET /api/v1/movies?page=0&size=10&sort=releaseDate,desc HTTP/1.1" 200 5909 13701
0:0:0:0:0:0:0:1 - - [27/Dec/2025:15:00:12 +0700] "GET /api/v1/genres HTTP/1.1" 200 840 13770
0:0:0:0:0:0:0:1 - - [27/Dec/2025:15:00:13 +0700] "GET /api/v1/cinemas?page=0&size=1 HTTP/1.1" 200 727 16413
0:0:0:0:0:0:0:1 - - [27/Dec/2025:15:00:13 +0700] "GET /api/v1/movies?page=0&size=1 HTTP/1.1" 200 704 18362
0:0:0:0:0:0:0:1 - - [27/Dec/2025:15:00:13 +0700] "GET /api/v1/users?page=0&size=1&sortBy=userId&sortDir=asc HTTP/1.1" 500 173 19474
0:0:0:0:0:0:0:1 - - [27/Dec/2025:15:00:13 +0700] "GET /api/v1/bookings?page=0&size=5&sortBy=bookingDate&sortDir=desc HTTP/1.1" 200 433 20105
0:0:0:0:0:0:0:1 - - [27/Dec/2025:15:00:13 +0700] "GET /api/v1/movies/coming-soon?page=0&size=5 HTTP/1.1" 200 3113 18360
0:0:0:0:0:0:0:1 - - [27/Dec/2025:15:00:13 +0700] "GET /api/v1/bookings/statistics?startDate=2025-01-01&endDate=2025-12-31 HTTP/1.1" 500 287 19429
0:0:0:0:0:0:0:1 - - [27/Dec/2025:15:00:14 +0700] "GET /api/v1/cinemas?page=0&size=1 HTTP/1.1" 200 727 16858
0:0:0:0:0:0:0:1 - - [27/Dec/2025:15:00:14 +0700] "GET /api/v1/movies?page=0&size=1 HTTP/1.1" 200 704 16430
0:0:0:0:0:0:0:1 - - [27/Dec/2025:15:00:14 +0700] "GET /api/v1/users?page=0&size=1&sortBy=userId&sortDir=asc HTTP/1.1" 500 173 16580
0:0:0:0:0:0:0:1 - - [27/Dec/2025:15:00:14 +0700] "GET /api/v1/showtime?date=2025-12-27 HTTP/1.1" 500 178 21662
0:0:0:0:0:0:0:1 - - [27/Dec/2025:15:00:14 +0700] "GET /api/v1/movies/coming-soon?page=0&size=5 HTTP/1.1" 200 3113 19287
0:0:0:0:0:0:0:1 - - [27/Dec/2025:15:00:14 +0700] "GET /api/v1/bookings?page=0&size=5&sortBy=bookingDate&sortDir=desc HTTP/1.1" 200 433 23052
0:0:0:0:0:0:0:1 - - [27/Dec/2025:15:00:14 +0700] "GET /api/v1/bookings/statistics?startDate=2025-01-01&endDate=2025-12-31 HTTP/1.1" 500 287 16734
0:0:0:0:0:0:0:1 - - [27/Dec/2025:15:00:14 +0700] "GET /api/v1/showtime?date=2025-12-27 HTTP/1.1" 500 177 17349
0:0:0:0:0:0:0:1 - - [27/Dec/2025:15:00:16 +0700] "OPTIONS /api/v1/genres HTTP/1.1" 200 - 1091
0:0:0:0:0:0:0:1 - - [27/Dec/2025:15:00:16 +0700] "OPTIONS /api/v1/movies?page=0&size=10&sort=releaseDate,desc HTTP/1.1" 200 - 1210
0:0:0:0:0:0:0:1 - - [27/Dec/2025:15:00:16 +0700] "OPTIONS /api/v1/genres HTTP/1.1" 200 - 856
0:0:0:0:0:0:0:1 - - [27/Dec/2025:15:00:16 +0700] "OPTIONS /api/v1/movies?page=0&size=10&sort=releaseDate,desc HTTP/1.1" 200 - 977
0:0:0:0:0:0:0:1 - - [27/Dec/2025:15:00:16 +0700] "GET /api/v1/genres HTTP/1.1" 200 840 23417
0:0:0:0:0:0:0:1 - - [27/Dec/2025:15:00:16 +0700] "GET /api/v1/movies?page=0&size=10&sort=releaseDate,desc HTTP/1.1" 200 5909 23360
0:0:0:0:0:0:0:1 - - [27/Dec/2025:15:00:16 +0700] "GET /api/v1/genres HTTP/1.1" 200 840 13053
0:0:0:0:0:0:0:1 - - [27/Dec/2025:15:00:16 +0700] "GET /api/v1/movies?page=0&size=10&sort=releaseDate,desc HTTP/1.1" 200 5909 12927
0:0:0:0:0:0:0:1 - - [27/Dec/2025:15:00:17 +0700] "GET /api/v1/genres HTTP/1.1" 200 839 15605
0:0:0:0:0:0:0:1 - - [27/Dec/2025:15:00:17 +0700] "GET /api/v1/genres HTTP/1.1" 200 839 15427
0:0:0:0:0:0:0:1 - - [27/Dec/2025:15:07:39 +0700] "OPTIONS /api/v1/genres HTTP/1.1" 200 - 819
0:0:0:0:0:0:0:1 - - [27/Dec/2025:15:07:39 +0700] "OPTIONS /api/v1/movies?page=0&size=10&sort=releaseDate,desc HTTP/1.1" 200 - 653
0:0:0:0:0:0:0:1 - - [27/Dec/2025:15:07:39 +0700] "OPTIONS /api/v1/genres HTTP/1.1" 200 - 720
0:0:0:0:0:0:0:1 - - [27/Dec/2025:15:07:39 +0700] "OPTIONS /api/v1/movies?page=0&size=10&sort=releaseDate,desc HTTP/1.1" 200 - 732
0:0:0:0:0:0:0:1 - - [27/Dec/2025:15:07:39 +0700] "GET /api/v1/genres HTTP/1.1" 200 840 21090
0:0:0:0:0:0:0:1 - - [27/Dec/2025:15:07:39 +0700] "GET /api/v1/movies?page=0&size=10&sort=releaseDate,desc HTTP/1.1" 200 5909 21203
0:0:0:0:0:0:0:1 - - [27/Dec/2025:15:07:39 +0700] "GET /api/v1/genres HTTP/1.1" 200 840 18380
0:0:0:0:0:0:0:1 - - [27/Dec/2025:15:07:39 +0700] "GET /api/v1/movies?page=0&size=10&sort=releaseDate,desc HTTP/1.1" 200 5909 18318
0:0:0:0:0:0:0:1 - - [27/Dec/2025:15:07:57 +0700] "OPTIONS /api/v1/genres HTTP/1.1" 200 - 910
0:0:0:0:0:0:0:1 - - [27/Dec/2025:15:07:57 +0700] "OPTIONS /api/v1/genres HTTP/1.1" 200 - 1044
0:0:0:0:0:0:0:1 - - [27/Dec/2025:15:07:58 +0700] "GET /api/v1/genres HTTP/1.1" 200 840 27441
0:0:0:0:0:0:0:1 - - [27/Dec/2025:15:07:58 +0700] "GET /api/v1/genres HTTP/1.1" 200 840 20523
0:0:0:0:0:0:0:1 - - [27/Dec/2025:15:08:15 +0700] "OPTIONS /api/v1/movies?page=0&size=10&sort=releaseDate,desc HTTP/1.1" 200 - 612
0:0:0:0:0:0:0:1 - - [27/Dec/2025:15:08:15 +0700] "OPTIONS /api/v1/genres HTTP/1.1" 200 - 527
0:0:0:0:0:0:0:1 - - [27/Dec/2025:15:08:15 +0700] "OPTIONS /api/v1/genres HTTP/1.1" 200 - 719
0:0:0:0:0:0:0:1 - - [27/Dec/2025:15:08:15 +0700] "OPTIONS /api/v1/movies?page=0&size=10&sort=releaseDate,desc HTTP/1.1" 200 - 672
0:0:0:0:0:0:0:1 - - [27/Dec/2025:15:08:15 +0700] "GET /api/v1/genres HTTP/1.1" 200 840 26048
0:0:0:0:0:0:0:1 - - [27/Dec/2025:15:08:15 +0700] "GET /api/v1/genres HTTP/1.1" 200 840 20591
0:0:0:0:0:0:0:1 - - [27/Dec/2025:15:08:15 +0700] "GET /api/v1/movies?page=0&size=10&sort=releaseDate,desc HTTP/1.1" 200 5909 102916
0:0:0:0:0:0:0:1 - - [27/Dec/2025:15:08:15 +0700] "GET /api/v1/movies?page=0&size=10&sort=releaseDate,desc HTTP/1.1" 200 5909 19199
0:0:0:0:0:0:0:1 - - [27/Dec/2025:15:08:18 +0700] "OPTIONS /api/v1/movies/58 HTTP/1.1" 200 - 910
0:0:0:0:0:0:0:1 - - [27/Dec/2025:15:08:18 +0700] "OPTIONS /api/v1/movies/58 HTTP/1.1" 200 - 896
0:0:0:0:0:0:0:1 - - [27/Dec/2025:15:08:18 +0700] "GET /api/v1/movies/58 HTTP/1.1" 200 1056 50779
0:0:0:0:0:0:0:1 - - [27/Dec/2025:15:08:18 +0700] "GET /api/v1/movies/58 HTTP/1.1" 200 1056 16316
0:0:0:0:0:0:0:1 - - [27/Dec/2025:15:08:23 +0700] "OPTIONS /api/v1/genres HTTP/1.1" 200 - 836
0:0:0:0:0:0:0:1 - - [27/Dec/2025:15:08:23 +0700] "OPTIONS /api/v1/movies?page=0&size=10&sort=releaseDate,desc HTTP/1.1" 200 - 720
0:0:0:0:0:0:0:1 - - [27/Dec/2025:15:08:23 +0700] "OPTIONS /api/v1/genres HTTP/1.1" 200 - 507
0:0:0:0:0:0:0:1 - - [27/Dec/2025:15:08:23 +0700] "OPTIONS /api/v1/movies?page=0&size=10&sort=releaseDate,desc HTTP/1.1" 200 - 471
0:0:0:0:0:0:0:1 - - [27/Dec/2025:15:08:23 +0700] "GET /api/v1/genres HTTP/1.1" 200 840 33616
0:0:0:0:0:0:0:1 - - [27/Dec/2025:15:08:23 +0700] "GET /api/v1/movies?page=0&size=10&sort=releaseDate,desc HTTP/1.1" 200 5906 33616
0:0:0:0:0:0:0:1 - - [27/Dec/2025:15:08:23 +0700] "GET /api/v1/genres HTTP/1.1" 200 838 17961
0:0:0:0:0:0:0:1 - - [27/Dec/2025:15:08:23 +0700] "GET /api/v1/movies?page=0&size=10&sort=releaseDate,desc HTTP/1.1" 200 5909 21987
0:0:0:0:0:0:0:1 - - [27/Dec/2025:15:08:24 +0700] "OPTIONS /api/v1/movies/58 HTTP/1.1" 200 - 893
0:0:0:0:0:0:0:1 - - [27/Dec/2025:15:08:24 +0700] "OPTIONS /api/v1/movies/58 HTTP/1.1" 200 - 798
0:0:0:0:0:0:0:1 - - [27/Dec/2025:15:08:24 +0700] "GET /api/v1/movies/58 HTTP/1.1" 200 1056 15266
0:0:0:0:0:0:0:1 - - [27/Dec/2025:15:08:24 +0700] "GET /api/v1/movies/58 HTTP/1.1" 200 1056 17364
0:0:0:0:0:0:0:1 - - [27/Dec/2025:15:08:37 +0700] "OPTIONS /api/v1/movies?page=0&size=10&sort=releaseDate,desc HTTP/1.1" 200 - 635
0:0:0:0:0:0:0:1 - - [27/Dec/2025:15:08:37 +0700] "OPTIONS /api/v1/genres HTTP/1.1" 200 - 597
0:0:0:0:0:0:0:1 - - [27/Dec/2025:15:08:37 +0700] "OPTIONS /api/v1/genres HTTP/1.1" 200 - 658
0:0:0:0:0:0:0:1 - - [27/Dec/2025:15:08:37 +0700] "OPTIONS /api/v1/movies?page=0&size=10&sort=releaseDate,desc HTTP/1.1" 200 - 442
0:0:0:0:0:0:0:1 - - [27/Dec/2025:15:08:37 +0700] "GET /api/v1/genres HTTP/1.1" 200 840 35684
0:0:0:0:0:0:0:1 - - [27/Dec/2025:15:08:37 +0700] "GET /api/v1/movies?page=0&size=10&sort=releaseDate,desc HTTP/1.1" 200 5909 36559
0:0:0:0:0:0:0:1 - - [27/Dec/2025:15:08:37 +0700] "GET /api/v1/genres HTTP/1.1" 200 840 12479
0:0:0:0:0:0:0:1 - - [27/Dec/2025:15:08:37 +0700] "GET /api/v1/movies?page=0&size=10&sort=releaseDate,desc HTTP/1.1" 200 5909 12226
0:0:0:0:0:0:0:1 - - [27/Dec/2025:15:08:59 +0700] "OPTIONS /api/v1/movies/58 HTTP/1.1" 200 - 978
0:0:0:0:0:0:0:1 - - [27/Dec/2025:15:08:59 +0700] "OPTIONS /api/v1/movies/58 HTTP/1.1" 200 - 1071
0:0:0:0:0:0:0:1 - - [27/Dec/2025:15:08:59 +0700] "GET /api/v1/movies/58 HTTP/1.1" 200 1056 14747
0:0:0:0:0:0:0:1 - - [27/Dec/2025:15:08:59 +0700] "GET /api/v1/movies/58 HTTP/1.1" 200 1056 11485
0:0:0:0:0:0:0:1 - - [27/Dec/2025:15:09:30 +0700] "OPTIONS /api/v1/genres HTTP/1.1" 200 - 924
0:0:0:0:0:0:0:1 - - [27/Dec/2025:15:09:30 +0700] "OPTIONS /api/v1/genres HTTP/1.1" 200 - 692
0:0:0:0:0:0:0:1 - - [27/Dec/2025:15:09:30 +0700] "OPTIONS /api/v1/movies?page=0&size=10&sort=releaseDate,desc HTTP/1.1" 200 - 734
0:0:0:0:0:0:0:1 - - [27/Dec/2025:15:09:30 +0700] "OPTIONS /api/v1/movies?page=0&size=10&sort=releaseDate,desc HTTP/1.1" 200 - 534
0:0:0:0:0:0:0:1 - - [27/Dec/2025:15:09:30 +0700] "GET /api/v1/genres HTTP/1.1" 200 840 22807
0:0:0:0:0:0:0:1 - - [27/Dec/2025:15:09:30 +0700] "GET /api/v1/movies?page=0&size=10&sort=releaseDate,desc HTTP/1.1" 200 5909 23105
0:0:0:0:0:0:0:1 - - [27/Dec/2025:15:09:30 +0700] "GET /api/v1/genres HTTP/1.1" 200 840 13874
0:0:0:0:0:0:0:1 - - [27/Dec/2025:15:09:30 +0700] "GET /api/v1/movies?page=0&size=10&sort=releaseDate,desc HTTP/1.1" 200 5909 15339
0:0:0:0:0:0:0:1 - - [27/Dec/2025:15:09:32 +0700] "OPTIONS /api/v1/movies/58 HTTP/1.1" 200 - 862
0:0:0:0:0:0:0:1 - - [27/Dec/2025:15:09:32 +0700] "OPTIONS /api/v1/movies/58 HTTP/1.1" 200 - 773
0:0:0:0:0:0:0:1 - - [27/Dec/2025:15:09:32 +0700] "GET /api/v1/movies/58 HTTP/1.1" 200 1056 16729
0:0:0:0:0:0:0:1 - - [27/Dec/2025:15:09:32 +0700] "GET /api/v1/movies/58 HTTP/1.1" 200 1056 15448
0:0:0:0:0:0:0:1 - - [27/Dec/2025:15:09:34 +0700] "GET /api/v1/genres HTTP/1.1" 200 840 15895
0:0:0:0:0:0:0:1 - - [27/Dec/2025:15:09:34 +0700] "GET /api/v1/movies?page=0&size=10&sort=releaseDate,desc HTTP/1.1" 200 5909 17901
0:0:0:0:0:0:0:1 - - [27/Dec/2025:15:09:34 +0700] "GET /api/v1/genres HTTP/1.1" 200 840 14728
0:0:0:0:0:0:0:1 - - [27/Dec/2025:15:09:34 +0700] "GET /api/v1/movies?page=0&size=10&sort=releaseDate,desc HTTP/1.1" 200 5909 13605
0:0:0:0:0:0:0:1 - - [27/Dec/2025:15:09:36 +0700] "GET /api/v1/movies/58 HTTP/1.1" 200 1056 16137
0:0:0:0:0:0:0:1 - - [27/Dec/2025:15:09:36 +0700] "GET /api/v1/movies/58 HTTP/1.1" 200 1056 16943
0:0:0:0:0:0:0:1 - - [27/Dec/2025:15:09:38 +0700] "OPTIONS /api/v1/movies?page=0&size=10&sort=releaseDate,desc HTTP/1.1" 200 - 535
0:0:0:0:0:0:0:1 - - [27/Dec/2025:15:09:38 +0700] "OPTIONS /api/v1/genres HTTP/1.1" 200 - 824
0:0:0:0:0:0:0:1 - - [27/Dec/2025:15:09:38 +0700] "OPTIONS /api/v1/genres HTTP/1.1" 200 - 429
0:0:0:0:0:0:0:1 - - [27/Dec/2025:15:09:38 +0700] "OPTIONS /api/v1/movies?page=0&size=10&sort=releaseDate,desc HTTP/1.1" 200 - 360
0:0:0:0:0:0:0:1 - - [27/Dec/2025:15:09:38 +0700] "GET /api/v1/genres HTTP/1.1" 200 840 14769
0:0:0:0:0:0:0:1 - - [27/Dec/2025:15:09:38 +0700] "GET /api/v1/movies?page=0&size=10&sort=releaseDate,desc HTTP/1.1" 200 5909 14795
0:0:0:0:0:0:0:1 - - [27/Dec/2025:15:09:38 +0700] "GET /api/v1/genres HTTP/1.1" 200 840 11221
0:0:0:0:0:0:0:1 - - [27/Dec/2025:15:09:38 +0700] "GET /api/v1/movies?page=0&size=10&sort=releaseDate,desc HTTP/1.1" 200 5909 11143
0:0:0:0:0:0:0:1 - - [27/Dec/2025:15:09:40 +0700] "GET /api/v1/genres HTTP/1.1" 200 840 16560
0:0:0:0:0:0:0:1 - - [27/Dec/2025:15:09:40 +0700] "GET /api/v1/genres HTTP/1.1" 200 840 17054
0:0:0:0:0:0:0:1 - - [27/Dec/2025:15:14:02 +0700] "OPTIONS /api/v1/genres HTTP/1.1" 200 - 766
0:0:0:0:0:0:0:1 - - [27/Dec/2025:15:14:02 +0700] "OPTIONS /api/v1/genres HTTP/1.1" 200 - 399
0:0:0:0:0:0:0:1 - - [27/Dec/2025:15:14:02 +0700] "OPTIONS /api/v1/movies?page=0&size=10&sort=releaseDate,desc HTTP/1.1" 200 - 466
0:0:0:0:0:0:0:1 - - [27/Dec/2025:15:14:02 +0700] "OPTIONS /api/v1/movies?page=0&size=10&sort=releaseDate,desc HTTP/1.1" 200 - 468
0:0:0:0:0:0:0:1 - - [27/Dec/2025:15:14:02 +0700] "GET /api/v1/genres HTTP/1.1" 200 840 16738
0:0:0:0:0:0:0:1 - - [27/Dec/2025:15:14:02 +0700] "GET /api/v1/movies?page=0&size=10&sort=releaseDate,desc HTTP/1.1" 200 5909 16035
0:0:0:0:0:0:0:1 - - [27/Dec/2025:15:14:02 +0700] "GET /api/v1/genres HTTP/1.1" 200 840 13705
0:0:0:0:0:0:0:1 - - [27/Dec/2025:15:14:02 +0700] "GET /api/v1/movies?page=0&size=10&sort=releaseDate,desc HTTP/1.1" 200 5909 16030
0:0:0:0:0:0:0:1 - - [27/Dec/2025:15:14:05 +0700] "OPTIONS /api/v1/movies/58 HTTP/1.1" 200 - 999
0:0:0:0:0:0:0:1 - - [27/Dec/2025:15:14:05 +0700] "OPTIONS /api/v1/movies/58 HTTP/1.1" 200 - 684
0:0:0:0:0:0:0:1 - - [27/Dec/2025:15:14:05 +0700] "GET /api/v1/movies/58 HTTP/1.1" 200 1056 14736
0:0:0:0:0:0:0:1 - - [27/Dec/2025:15:14:05 +0700] "GET /api/v1/movies/58 HTTP/1.1" 200 1056 14697
0:0:0:0:0:0:0:1 - - [27/Dec/2025:15:14:06 +0700] "GET /api/v1/movies?page=0&size=10&sort=releaseDate,desc HTTP/1.1" 200 5908 15840
0:0:0:0:0:0:0:1 - - [27/Dec/2025:15:14:06 +0700] "GET /api/v1/genres HTTP/1.1" 200 840 16348
0:0:0:0:0:0:0:1 - - [27/Dec/2025:15:14:06 +0700] "GET /api/v1/genres HTTP/1.1" 200 840 10605
0:0:0:0:0:0:0:1 - - [27/Dec/2025:15:14:06 +0700] "GET /api/v1/movies?page=0&size=10&sort=releaseDate,desc HTTP/1.1" 200 5909 11152
0:0:0:0:0:0:0:1 - - [27/Dec/2025:15:14:08 +0700] "GET /api/v1/movies/58 HTTP/1.1" 200 1056 15059
0:0:0:0:0:0:0:1 - - [27/Dec/2025:15:14:08 +0700] "GET /api/v1/movies/58 HTTP/1.1" 200 1056 13237
0:0:0:0:0:0:0:1 - - [27/Dec/2025:15:14:09 +0700] "OPTIONS /api/v1/genres HTTP/1.1" 200 - 833
0:0:0:0:0:0:0:1 - - [27/Dec/2025:15:14:09 +0700] "OPTIONS /api/v1/movies?page=0&size=10&sort=releaseDate,desc HTTP/1.1" 200 - 500
0:0:0:0:0:0:0:1 - - [27/Dec/2025:15:14:09 +0700] "OPTIONS /api/v1/genres HTTP/1.1" 200 - 472
0:0:0:0:0:0:0:1 - - [27/Dec/2025:15:14:09 +0700] "OPTIONS /api/v1/movies?page=0&size=10&sort=releaseDate,desc HTTP/1.1" 200 - 434
0:0:0:0:0:0:0:1 - - [27/Dec/2025:15:14:09 +0700] "GET /api/v1/genres HTTP/1.1" 200 840 18346
0:0:0:0:0:0:0:1 - - [27/Dec/2025:15:14:09 +0700] "GET /api/v1/movies?page=0&size=10&sort=releaseDate,desc HTTP/1.1" 200 5909 18076
0:0:0:0:0:0:0:1 - - [27/Dec/2025:15:14:09 +0700] "GET /api/v1/genres HTTP/1.1" 200 840 12578
0:0:0:0:0:0:0:1 - - [27/Dec/2025:15:14:09 +0700] "GET /api/v1/movies?page=0&size=10&sort=releaseDate,desc HTTP/1.1" 200 5908 14764
0:0:0:0:0:0:0:1 - - [27/Dec/2025:15:14:10 +0700] "OPTIONS /api/v1/movies/58 HTTP/1.1" 200 - 1160
0:0:0:0:0:0:0:1 - - [27/Dec/2025:15:14:10 +0700] "OPTIONS /api/v1/movies/58 HTTP/1.1" 200 - 1054
0:0:0:0:0:0:0:1 - - [27/Dec/2025:15:14:10 +0700] "GET /api/v1/movies/58 HTTP/1.1" 200 1056 18242
0:0:0:0:0:0:0:1 - - [27/Dec/2025:15:14:10 +0700] "GET /api/v1/movies/58 HTTP/1.1" 200 1056 13960
0:0:0:0:0:0:0:1 - - [27/Dec/2025:15:14:56 +0700] "OPTIONS /api/v1/genres HTTP/1.1" 200 - 927
0:0:0:0:0:0:0:1 - - [27/Dec/2025:15:14:56 +0700] "OPTIONS /api/v1/movies?page=0&size=10&sort=releaseDate,desc HTTP/1.1" 200 - 651
0:0:0:0:0:0:0:1 - - [27/Dec/2025:15:14:56 +0700] "OPTIONS /api/v1/genres HTTP/1.1" 200 - 697
0:0:0:0:0:0:0:1 - - [27/Dec/2025:15:14:56 +0700] "OPTIONS /api/v1/movies?page=0&size=10&sort=releaseDate,desc HTTP/1.1" 200 - 674
0:0:0:0:0:0:0:1 - - [27/Dec/2025:15:14:56 +0700] "GET /api/v1/genres HTTP/1.1" 200 840 16867
0:0:0:0:0:0:0:1 - - [27/Dec/2025:15:14:56 +0700] "GET /api/v1/movies?page=0&size=10&sort=releaseDate,desc HTTP/1.1" 200 5909 16824
0:0:0:0:0:0:0:1 - - [27/Dec/2025:15:14:56 +0700] "GET /api/v1/genres HTTP/1.1" 200 840 15041
0:0:0:0:0:0:0:1 - - [27/Dec/2025:15:14:56 +0700] "GET /api/v1/movies?page=0&size=10&sort=releaseDate,desc HTTP/1.1" 200 5909 15040
0:0:0:0:0:0:0:1 - - [27/Dec/2025:15:15:23 +0700] "OPTIONS /api/v1/movies?page=0&size=1 HTTP/1.1" 200 - 656
0:0:0:0:0:0:0:1 - - [27/Dec/2025:15:15:23 +0700] "OPTIONS /api/v1/cinemas?page=0&size=1 HTTP/1.1" 200 - 383
0:0:0:0:0:0:0:1 - - [27/Dec/2025:15:15:23 +0700] "OPTIONS /api/v1/users?page=0&size=1&sortBy=userId&sortDir=asc HTTP/1.1" 200 - 413
0:0:0:0:0:0:0:1 - - [27/Dec/2025:15:15:23 +0700] "OPTIONS /api/v1/bookings?page=0&size=5&sortBy=bookingDate&sortDir=desc HTTP/1.1" 200 - 392
0:0:0:0:0:0:0:1 - - [27/Dec/2025:15:15:23 +0700] "OPTIONS /api/v1/bookings/statistics?startDate=2025-01-01&endDate=2025-12-31 HTTP/1.1" 200 - 626
0:0:0:0:0:0:0:1 - - [27/Dec/2025:15:15:23 +0700] "OPTIONS /api/v1/movies/coming-soon?page=0&size=5 HTTP/1.1" 200 - 354
0:0:0:0:0:0:0:1 - - [27/Dec/2025:15:15:23 +0700] "OPTIONS /api/v1/showtime?date=2025-12-27 HTTP/1.1" 200 - 380
0:0:0:0:0:0:0:1 - - [27/Dec/2025:15:15:23 +0700] "OPTIONS /api/v1/movies?page=0&size=1 HTTP/1.1" 200 - 434
0:0:0:0:0:0:0:1 - - [27/Dec/2025:15:15:23 +0700] "OPTIONS /api/v1/cinemas?page=0&size=1 HTTP/1.1" 200 - 402
0:0:0:0:0:0:0:1 - - [27/Dec/2025:15:15:23 +0700] "OPTIONS /api/v1/users?page=0&size=1&sortBy=userId&sortDir=asc HTTP/1.1" 200 - 1426
0:0:0:0:0:0:0:1 - - [27/Dec/2025:15:15:23 +0700] "OPTIONS /api/v1/movies/coming-soon?page=0&size=5 HTTP/1.1" 200 - 442
0:0:0:0:0:0:0:1 - - [27/Dec/2025:15:15:23 +0700] "OPTIONS /api/v1/bookings?page=0&size=5&sortBy=bookingDate&sortDir=desc HTTP/1.1" 200 - 648
0:0:0:0:0:0:0:1 - - [27/Dec/2025:15:15:23 +0700] "OPTIONS /api/v1/bookings/statistics?startDate=2025-01-01&endDate=2025-12-31 HTTP/1.1" 200 - 753
0:0:0:0:0:0:0:1 - - [27/Dec/2025:15:15:23 +0700] "OPTIONS /api/v1/showtime?date=2025-12-27 HTTP/1.1" 200 - 369
0:0:0:0:0:0:0:1 - - [27/Dec/2025:15:15:23 +0700] "GET /api/v1/users?page=0&size=1&sortBy=userId&sortDir=asc HTTP/1.1" 500 173 17214
0:0:0:0:0:0:0:1 - - [27/Dec/2025:15:15:23 +0700] "GET /api/v1/bookings/statistics?startDate=2025-01-01&endDate=2025-12-31 HTTP/1.1" 500 287 18611
0:0:0:0:0:0:0:1 - - [27/Dec/2025:15:15:23 +0700] "GET /api/v1/bookings?page=0&size=5&sortBy=bookingDate&sortDir=desc HTTP/1.1" 200 433 22161
0:0:0:0:0:0:0:1 - - [27/Dec/2025:15:15:23 +0700] "GET /api/v1/cinemas?page=0&size=1 HTTP/1.1" 200 727 32423
0:0:0:0:0:0:0:1 - - [27/Dec/2025:15:15:23 +0700] "GET /api/v1/movies?page=0&size=1 HTTP/1.1" 200 704 36810
0:0:0:0:0:0:0:1 - - [27/Dec/2025:15:15:23 +0700] "GET /api/v1/showtime?date=2025-12-27 HTTP/1.1" 500 178 17358
0:0:0:0:0:0:0:1 - - [27/Dec/2025:15:15:23 +0700] "GET /api/v1/users?page=0&size=1&sortBy=userId&sortDir=asc HTTP/1.1" 500 172 15479
0:0:0:0:0:0:0:1 - - [27/Dec/2025:15:15:23 +0700] "GET /api/v1/bookings/statistics?startDate=2025-01-01&endDate=2025-12-31 HTTP/1.1" 500 287 15716
0:0:0:0:0:0:0:1 - - [27/Dec/2025:15:15:23 +0700] "GET /api/v1/cinemas?page=0&size=1 HTTP/1.1" 200 727 13490
0:0:0:0:0:0:0:1 - - [27/Dec/2025:15:15:23 +0700] "GET /api/v1/bookings?page=0&size=5&sortBy=bookingDate&sortDir=desc HTTP/1.1" 200 433 16358
0:0:0:0:0:0:0:1 - - [27/Dec/2025:15:15:23 +0700] "GET /api/v1/movies?page=0&size=1 HTTP/1.1" 200 704 15559
0:0:0:0:0:0:0:1 - - [27/Dec/2025:15:15:23 +0700] "GET /api/v1/showtime?date=2025-12-27 HTTP/1.1" 500 177 16897
0:0:0:0:0:0:0:1 - - [27/Dec/2025:15:15:23 +0700] "GET /api/v1/movies/coming-soon?page=0&size=5 HTTP/1.1" 200 3113 74241
0:0:0:0:0:0:0:1 - - [27/Dec/2025:15:15:23 +0700] "GET /api/v1/movies/coming-soon?page=0&size=5 HTTP/1.1" 200 3113 16269
0:0:0:0:0:0:0:1 - - [27/Dec/2025:15:15:25 +0700] "OPTIONS /api/v1/genres HTTP/1.1" 200 - 670
0:0:0:0:0:0:0:1 - - [27/Dec/2025:15:15:25 +0700] "OPTIONS /api/v1/movies?page=0&size=10&sort=releaseDate,desc HTTP/1.1" 200 - 670
0:0:0:0:0:0:0:1 - - [27/Dec/2025:15:15:25 +0700] "OPTIONS /api/v1/movies?page=0&size=10&sort=releaseDate,desc HTTP/1.1" 200 - 448
0:0:0:0:0:0:0:1 - - [27/Dec/2025:15:15:25 +0700] "OPTIONS /api/v1/genres HTTP/1.1" 200 - 441
0:0:0:0:0:0:0:1 - - [27/Dec/2025:15:15:25 +0700] "GET /api/v1/genres HTTP/1.1" 200 840 13118
0:0:0:0:0:0:0:1 - - [27/Dec/2025:15:15:25 +0700] "GET /api/v1/movies?page=0&size=10&sort=releaseDate,desc HTTP/1.1" 200 5909 13003
0:0:0:0:0:0:0:1 - - [27/Dec/2025:15:15:25 +0700] "GET /api/v1/movies?page=0&size=10&sort=releaseDate,desc HTTP/1.1" 200 5909 15617
0:0:0:0:0:0:0:1 - - [27/Dec/2025:15:15:25 +0700] "GET /api/v1/genres HTTP/1.1" 200 840 15636
0:0:0:0:0:0:0:1 - - [27/Dec/2025:15:15:27 +0700] "GET /api/v1/genres HTTP/1.1" 200 840 18063
0:0:0:0:0:0:0:1 - - [27/Dec/2025:15:15:27 +0700] "GET /api/v1/genres HTTP/1.1" 200 840 16681
0:0:0:0:0:0:0:1 - - [27/Dec/2025:15:21:15 +0700] "OPTIONS /api/v1/auth/verify HTTP/1.1" 200 - 696
0:0:0:0:0:0:0:1 - - [27/Dec/2025:15:21:15 +0700] "OPTIONS /api/v1/auth/verify HTTP/1.1" 200 - 381
0:0:0:0:0:0:0:1 - - [27/Dec/2025:15:21:15 +0700] "GET /api/v1/auth/verify HTTP/1.1" 200 280 16441
0:0:0:0:0:0:0:1 - - [27/Dec/2025:15:21:15 +0700] "GET /api/v1/auth/verify HTTP/1.1" 200 281 17180
0:0:0:0:0:0:0:1 - - [27/Dec/2025:15:21:16 +0700] "OPTIONS /api/v1/genres HTTP/1.1" 200 - 685
0:0:0:0:0:0:0:1 - - [27/Dec/2025:15:21:16 +0700] "OPTIONS /api/v1/genres HTTP/1.1" 200 - 561
0:0:0:0:0:0:0:1 - - [27/Dec/2025:15:21:16 +0700] "GET /api/v1/genres HTTP/1.1" 200 840 22362
0:0:0:0:0:0:0:1 - - [27/Dec/2025:15:21:16 +0700] "GET /api/v1/genres HTTP/1.1" 200 840 13667
0:0:0:0:0:0:0:1 - - [27/Dec/2025:15:27:29 +0700] "OPTIONS /api/v1/auth/verify HTTP/1.1" 200 - 942
0:0:0:0:0:0:0:1 - - [27/Dec/2025:15:27:29 +0700] "OPTIONS /api/v1/auth/verify HTTP/1.1" 200 - 675
0:0:0:0:0:0:0:1 - - [27/Dec/2025:15:27:29 +0700] "GET /api/v1/auth/verify HTTP/1.1" 200 280 22281
0:0:0:0:0:0:0:1 - - [27/Dec/2025:15:27:29 +0700] "GET /api/v1/auth/verify HTTP/1.1" 200 281 20514
0:0:0:0:0:0:0:1 - - [27/Dec/2025:15:27:30 +0700] "OPTIONS /api/v1/genres HTTP/1.1" 200 - 1660
0:0:0:0:0:0:0:1 - - [27/Dec/2025:15:27:30 +0700] "OPTIONS /api/v1/genres HTTP/1.1" 200 - 833
0:0:0:0:0:0:0:1 - - [27/Dec/2025:15:27:30 +0700] "GET /api/v1/genres HTTP/1.1" 200 840 19175
0:0:0:0:0:0:0:1 - - [27/Dec/2025:15:27:30 +0700] "GET /api/v1/genres HTTP/1.1" 200 840 12366
0:0:0:0:0:0:0:1 - - [27/Dec/2025:15:28:14 +0700] "OPTIONS /api/v1/auth/verify HTTP/1.1" 200 - 718
0:0:0:0:0:0:0:1 - - [27/Dec/2025:15:28:14 +0700] "OPTIONS /api/v1/auth/verify HTTP/1.1" 200 - 869
0:0:0:0:0:0:0:1 - - [27/Dec/2025:15:28:14 +0700] "GET /api/v1/auth/verify HTTP/1.1" 200 281 14221
0:0:0:0:0:0:0:1 - - [27/Dec/2025:15:28:14 +0700] "GET /api/v1/auth/verify HTTP/1.1" 200 281 16136
0:0:0:0:0:0:0:1 - - [27/Dec/2025:15:28:15 +0700] "OPTIONS /api/v1/genres HTTP/1.1" 200 - 571
0:0:0:0:0:0:0:1 - - [27/Dec/2025:15:28:15 +0700] "OPTIONS /api/v1/genres HTTP/1.1" 200 - 823
0:0:0:0:0:0:0:1 - - [27/Dec/2025:15:28:15 +0700] "GET /api/v1/genres HTTP/1.1" 200 840 21465
0:0:0:0:0:0:0:1 - - [27/Dec/2025:15:28:15 +0700] "GET /api/v1/genres HTTP/1.1" 200 840 14357
0:0:0:0:0:0:0:1 - - [27/Dec/2025:15:34:08 +0700] "OPTIONS /api/v1/genres HTTP/1.1" 200 - 1681
0:0:0:0:0:0:0:1 - - [27/Dec/2025:15:34:08 +0700] "OPTIONS /api/v1/movies?page=0&size=10&sort=releaseDate,desc HTTP/1.1" 200 - 1177
0:0:0:0:0:0:0:1 - - [27/Dec/2025:15:34:08 +0700] "OPTIONS /api/v1/genres HTTP/1.1" 200 - 431
0:0:0:0:0:0:0:1 - - [27/Dec/2025:15:34:08 +0700] "OPTIONS /api/v1/movies?page=0&size=10&sort=releaseDate,desc HTTP/1.1" 200 - 419
0:0:0:0:0:0:0:1 - - [27/Dec/2025:15:34:09 +0700] "GET /api/v1/genres HTTP/1.1" 200 840 42250
0:0:0:0:0:0:0:1 - - [27/Dec/2025:15:34:09 +0700] "GET /api/v1/genres HTTP/1.1" 200 840 11991
0:0:0:0:0:0:0:1 - - [27/Dec/2025:15:34:09 +0700] "GET /api/v1/movies?page=0&size=10&sort=releaseDate,desc HTTP/1.1" 200 5909 101371
0:0:0:0:0:0:0:1 - - [27/Dec/2025:15:34:09 +0700] "GET /api/v1/movies?page=0&size=10&sort=releaseDate,desc HTTP/1.1" 200 5909 12037
0:0:0:0:0:0:0:1 - - [27/Dec/2025:15:34:12 +0700] "OPTIONS /api/v1/movies/58 HTTP/1.1" 200 - 886
0:0:0:0:0:0:0:1 - - [27/Dec/2025:15:34:12 +0700] "OPTIONS /api/v1/movies/58 HTTP/1.1" 200 - 831
0:0:0:0:0:0:0:1 - - [27/Dec/2025:15:34:12 +0700] "GET /api/v1/movies/58 HTTP/1.1" 200 1056 45945
0:0:0:0:0:0:0:1 - - [27/Dec/2025:15:34:12 +0700] "GET /api/v1/movies/58 HTTP/1.1" 200 1056 15174
0:0:0:0:0:0:0:1 - - [27/Dec/2025:15:34:16 +0700] "OPTIONS /api/v1/movies?page=0&size=10&sort=releaseDate,desc HTTP/1.1" 200 - 508
0:0:0:0:0:0:0:1 - - [27/Dec/2025:15:34:16 +0700] "OPTIONS /api/v1/genres HTTP/1.1" 200 - 554
0:0:0:0:0:0:0:1 - - [27/Dec/2025:15:34:16 +0700] "OPTIONS /api/v1/genres HTTP/1.1" 200 - 350
0:0:0:0:0:0:0:1 - - [27/Dec/2025:15:34:16 +0700] "OPTIONS /api/v1/movies?page=0&size=10&sort=releaseDate,desc HTTP/1.1" 200 - 505
0:0:0:0:0:0:0:1 - - [27/Dec/2025:15:34:16 +0700] "GET /api/v1/movies?page=0&size=10&sort=releaseDate,desc HTTP/1.1" 200 5909 14239
0:0:0:0:0:0:0:1 - - [27/Dec/2025:15:34:16 +0700] "GET /api/v1/genres HTTP/1.1" 200 840 14239
0:0:0:0:0:0:0:1 - - [27/Dec/2025:15:34:16 +0700] "GET /api/v1/genres HTTP/1.1" 200 840 11479
0:0:0:0:0:0:0:1 - - [27/Dec/2025:15:34:16 +0700] "GET /api/v1/movies?page=0&size=10&sort=releaseDate,desc HTTP/1.1" 200 5909 11576
0:0:0:0:0:0:0:1 - - [27/Dec/2025:15:45:31 +0700] "OPTIONS /api/v1/genres HTTP/1.1" 200 - 825
0:0:0:0:0:0:0:1 - - [27/Dec/2025:15:45:31 +0700] "OPTIONS /api/v1/movies?page=0&size=10&sort=releaseDate,desc HTTP/1.1" 200 - 1999
0:0:0:0:0:0:0:1 - - [27/Dec/2025:15:45:31 +0700] "GET /api/v1/genres HTTP/1.1" 200 840 21040
0:0:0:0:0:0:0:1 - - [27/Dec/2025:15:45:31 +0700] "GET /api/v1/movies?page=0&size=10&sort=releaseDate,desc HTTP/1.1" 200 5909 83858
0:0:0:0:0:0:0:1 - - [27/Dec/2025:15:47:00 +0700] "OPTIONS /api/v1/movies/58 HTTP/1.1" 200 - 667
0:0:0:0:0:0:0:1 - - [27/Dec/2025:15:47:00 +0700] "OPTIONS /api/v1/movies/58 HTTP/1.1" 200 - 776
0:0:0:0:0:0:0:1 - - [27/Dec/2025:15:47:00 +0700] "GET /api/v1/movies/58 HTTP/1.1" 200 1056 46266
0:0:0:0:0:0:0:1 - - [27/Dec/2025:15:47:00 +0700] "GET /api/v1/movies/58 HTTP/1.1" 200 1056 16938
0:0:0:0:0:0:0:1 - - [27/Dec/2025:15:47:03 +0700] "OPTIONS /api/v1/genres HTTP/1.1" 200 - 1148
0:0:0:0:0:0:0:1 - - [27/Dec/2025:15:47:03 +0700] "OPTIONS /api/v1/movies?page=0&size=10&sort=releaseDate,desc HTTP/1.1" 200 - 400
0:0:0:0:0:0:0:1 - - [27/Dec/2025:15:47:03 +0700] "OPTIONS /api/v1/genres HTTP/1.1" 200 - 367
0:0:0:0:0:0:0:1 - - [27/Dec/2025:15:47:03 +0700] "OPTIONS /api/v1/movies?page=0&size=10&sort=releaseDate,desc HTTP/1.1" 200 - 403
0:0:0:0:0:0:0:1 - - [27/Dec/2025:15:47:03 +0700] "GET /api/v1/movies?page=0&size=10&sort=releaseDate,desc HTTP/1.1" 200 5909 21285
0:0:0:0:0:0:0:1 - - [27/Dec/2025:15:47:03 +0700] "GET /api/v1/genres HTTP/1.1" 200 840 25821
0:0:0:0:0:0:0:1 - - [27/Dec/2025:15:47:03 +0700] "GET /api/v1/genres HTTP/1.1" 200 840 11049
0:0:0:0:0:0:0:1 - - [27/Dec/2025:15:47:03 +0700] "GET /api/v1/movies?page=0&size=10&sort=releaseDate,desc HTTP/1.1" 200 5909 15533
0:0:0:0:0:0:0:1 - - [27/Dec/2025:15:47:05 +0700] "OPTIONS /api/v1/movies/58 HTTP/1.1" 200 - 753
0:0:0:0:0:0:0:1 - - [27/Dec/2025:15:47:05 +0700] "OPTIONS /api/v1/movies/58 HTTP/1.1" 200 - 814
0:0:0:0:0:0:0:1 - - [27/Dec/2025:15:47:05 +0700] "GET /api/v1/genres HTTP/1.1" 200 840 18732
0:0:0:0:0:0:0:1 - - [27/Dec/2025:15:47:05 +0700] "GET /api/v1/movies/58 HTTP/1.1" 200 1056 17811
0:0:0:0:0:0:0:1 - - [27/Dec/2025:15:47:05 +0700] "GET /api/v1/genres HTTP/1.1" 200 840 11848
0:0:0:0:0:0:0:1 - - [27/Dec/2025:15:47:05 +0700] "GET /api/v1/movies/58 HTTP/1.1" 200 1056 13288
0:0:0:0:0:0:0:1 - - [27/Dec/2025:15:47:07 +0700] "GET /api/v1/genres HTTP/1.1" 200 840 18776
0:0:0:0:0:0:0:1 - - [27/Dec/2025:15:47:07 +0700] "GET /api/v1/movies?page=0&size=10&sort=releaseDate,desc HTTP/1.1" 200 5909 18886
0:0:0:0:0:0:0:1 - - [27/Dec/2025:15:47:07 +0700] "GET /api/v1/genres HTTP/1.1" 200 840 12337
0:0:0:0:0:0:0:1 - - [27/Dec/2025:15:47:07 +0700] "GET /api/v1/movies?page=0&size=10&sort=releaseDate,desc HTTP/1.1" 200 5909 12350
0:0:0:0:0:0:0:1 - - [27/Dec/2025:15:47:09 +0700] "OPTIONS /api/v1/genres HTTP/1.1" 200 - 756
0:0:0:0:0:0:0:1 - - [27/Dec/2025:15:47:09 +0700] "OPTIONS /api/v1/genres HTTP/1.1" 200 - 533
0:0:0:0:0:0:0:1 - - [27/Dec/2025:15:47:09 +0700] "GET /api/v1/movies/58 HTTP/1.1" 200 1056 13294
0:0:0:0:0:0:0:1 - - [27/Dec/2025:15:47:09 +0700] "GET /api/v1/genres HTTP/1.1" 200 840 10387
0:0:0:0:0:0:0:1 - - [27/Dec/2025:15:47:09 +0700] "GET /api/v1/movies/58 HTTP/1.1" 200 1056 12728
0:0:0:0:0:0:0:1 - - [27/Dec/2025:15:47:09 +0700] "GET /api/v1/genres HTTP/1.1" 200 840 12725
0:0:0:0:0:0:0:1 - - [27/Dec/2025:15:47:18 +0700] "OPTIONS /api/v1/genres HTTP/1.1" 200 - 620
0:0:0:0:0:0:0:1 - - [27/Dec/2025:15:47:18 +0700] "OPTIONS /api/v1/movies?page=0&size=10&sort=releaseDate,desc HTTP/1.1" 200 - 577
0:0:0:0:0:0:0:1 - - [27/Dec/2025:15:47:18 +0700] "OPTIONS /api/v1/genres HTTP/1.1" 200 - 770
0:0:0:0:0:0:0:1 - - [27/Dec/2025:15:47:18 +0700] "OPTIONS /api/v1/movies?page=0&size=10&sort=releaseDate,desc HTTP/1.1" 200 - 826
0:0:0:0:0:0:0:1 - - [27/Dec/2025:15:47:18 +0700] "GET /api/v1/genres HTTP/1.1" 200 840 13825
0:0:0:0:0:0:0:1 - - [27/Dec/2025:15:47:18 +0700] "GET /api/v1/movies?page=0&size=10&sort=releaseDate,desc HTTP/1.1" 200 5909 13628
0:0:0:0:0:0:0:1 - - [27/Dec/2025:15:47:18 +0700] "GET /api/v1/genres HTTP/1.1" 200 840 9566
0:0:0:0:0:0:0:1 - - [27/Dec/2025:15:47:18 +0700] "GET /api/v1/movies?page=0&size=10&sort=releaseDate,desc HTTP/1.1" 200 5909 9759
0:0:0:0:0:0:0:1 - - [27/Dec/2025:15:47:20 +0700] "OPTIONS /api/v1/movies/58 HTTP/1.1" 200 - 818
0:0:0:0:0:0:0:1 - - [27/Dec/2025:15:47:20 +0700] "OPTIONS /api/v1/movies/58 HTTP/1.1" 200 - 513
0:0:0:0:0:0:0:1 - - [27/Dec/2025:15:47:20 +0700] "GET /api/v1/movies/58 HTTP/1.1" 200 1056 12838
0:0:0:0:0:0:0:1 - - [27/Dec/2025:15:47:20 +0700] "GET /api/v1/movies/58 HTTP/1.1" 200 1055 10963
0:0:0:0:0:0:0:1 - - [27/Dec/2025:15:47:22 +0700] "GET /api/v1/genres HTTP/1.1" 200 840 15128
0:0:0:0:0:0:0:1 - - [27/Dec/2025:15:47:22 +0700] "GET /api/v1/movies?page=0&size=10&sort=releaseDate,desc HTTP/1.1" 200 5909 15302
0:0:0:0:0:0:0:1 - - [27/Dec/2025:15:47:22 +0700] "GET /api/v1/genres HTTP/1.1" 200 840 11664
0:0:0:0:0:0:0:1 - - [27/Dec/2025:15:47:22 +0700] "GET /api/v1/movies?page=0&size=10&sort=releaseDate,desc HTTP/1.1" 200 5909 11636
0:0:0:0:0:0:0:1 - - [27/Dec/2025:15:47:23 +0700] "OPTIONS /api/v1/genres HTTP/1.1" 200 - 612
0:0:0:0:0:0:0:1 - - [27/Dec/2025:15:47:23 +0700] "OPTIONS /api/v1/genres HTTP/1.1" 200 - 623
0:0:0:0:0:0:0:1 - - [27/Dec/2025:15:47:23 +0700] "GET /api/v1/genres HTTP/1.1" 200 840 13371
0:0:0:0:0:0:0:1 - - [27/Dec/2025:15:47:23 +0700] "GET /api/v1/genres HTTP/1.1" 200 840 16044
0:0:0:0:0:0:0:1 - - [27/Dec/2025:15:47:28 +0700] "OPTIONS /api/v1/movies?page=0&size=10&sort=releaseDate,desc HTTP/1.1" 200 - 542
0:0:0:0:0:0:0:1 - - [27/Dec/2025:15:47:28 +0700] "OPTIONS /api/v1/movies?page=0&size=10&sort=releaseDate,desc HTTP/1.1" 200 - 541
0:0:0:0:0:0:0:1 - - [27/Dec/2025:15:47:28 +0700] "GET /api/v1/genres HTTP/1.1" 200 840 13222
0:0:0:0:0:0:0:1 - - [27/Dec/2025:15:47:28 +0700] "GET /api/v1/movies?page=0&size=10&sort=releaseDate,desc HTTP/1.1" 200 5909 14955
0:0:0:0:0:0:0:1 - - [27/Dec/2025:15:47:28 +0700] "GET /api/v1/genres HTTP/1.1" 200 839 11600
0:0:0:0:0:0:0:1 - - [27/Dec/2025:15:47:28 +0700] "GET /api/v1/movies?page=0&size=10&sort=releaseDate,desc HTTP/1.1" 200 5909 13012
0:0:0:0:0:0:0:1 - - [27/Dec/2025:15:47:30 +0700] "OPTIONS /api/v1/genres HTTP/1.1" 200 - 704
0:0:0:0:0:0:0:1 - - [27/Dec/2025:15:47:30 +0700] "OPTIONS /api/v1/genres HTTP/1.1" 200 - 771
0:0:0:0:0:0:0:1 - - [27/Dec/2025:15:47:30 +0700] "OPTIONS /api/v1/movies/58 HTTP/1.1" 200 - 693
0:0:0:0:0:0:0:1 - - [27/Dec/2025:15:47:30 +0700] "OPTIONS /api/v1/movies/58 HTTP/1.1" 200 - 1049
0:0:0:0:0:0:0:1 - - [27/Dec/2025:15:47:30 +0700] "GET /api/v1/movies/58 HTTP/1.1" 200 1055 12379
0:0:0:0:0:0:0:1 - - [27/Dec/2025:15:47:30 +0700] "GET /api/v1/genres HTTP/1.1" 200 839 12552
0:0:0:0:0:0:0:1 - - [27/Dec/2025:15:47:30 +0700] "GET /api/v1/genres HTTP/1.1" 200 840 10526
0:0:0:0:0:0:0:1 - - [27/Dec/2025:15:47:30 +0700] "GET /api/v1/movies/58 HTTP/1.1" 200 1056 10744
0:0:0:0:0:0:0:1 - - [27/Dec/2025:15:47:35 +0700] "GET /api/v1/movies/58 HTTP/1.1" 200 1056 15712
0:0:0:0:0:0:0:1 - - [27/Dec/2025:15:50:07 +0700] "OPTIONS /api/v1/genres HTTP/1.1" 200 - 1161
0:0:0:0:0:0:0:1 - - [27/Dec/2025:15:50:07 +0700] "OPTIONS /api/v1/movies?page=0&size=10&sort=releaseDate,desc HTTP/1.1" 200 - 1022
0:0:0:0:0:0:0:1 - - [27/Dec/2025:15:50:07 +0700] "OPTIONS /api/v1/genres HTTP/1.1" 200 - 1287
0:0:0:0:0:0:0:1 - - [27/Dec/2025:15:50:07 +0700] "OPTIONS /api/v1/movies?page=0&size=10&sort=releaseDate,desc HTTP/1.1" 200 - 1139
0:0:0:0:0:0:0:1 - - [27/Dec/2025:15:50:07 +0700] "GET /api/v1/genres HTTP/1.1" 200 840 27803
0:0:0:0:0:0:0:1 - - [27/Dec/2025:15:50:07 +0700] "GET /api/v1/movies?page=0&size=10&sort=releaseDate,desc HTTP/1.1" 200 5909 27812
0:0:0:0:0:0:0:1 - - [27/Dec/2025:15:50:07 +0700] "GET /api/v1/movies?page=0&size=10&sort=releaseDate,desc HTTP/1.1" 200 5909 24817
0:0:0:0:0:0:0:1 - - [27/Dec/2025:15:50:07 +0700] "GET /api/v1/genres HTTP/1.1" 200 840 24727
0:0:0:0:0:0:0:1 - - [27/Dec/2025:15:50:09 +0700] "OPTIONS /api/v1/movies/58 HTTP/1.1" 200 - 1103
0:0:0:0:0:0:0:1 - - [27/Dec/2025:15:50:09 +0700] "OPTIONS /api/v1/movies/58 HTTP/1.1" 200 - 904
0:0:0:0:0:0:0:1 - - [27/Dec/2025:15:50:09 +0700] "GET /api/v1/movies/58 HTTP/1.1" 200 1056 22086
0:0:0:0:0:0:0:1 - - [27/Dec/2025:15:50:09 +0700] "GET /api/v1/movies/58 HTTP/1.1" 200 1054 26679
0:0:0:0:0:0:0:1 - - [27/Dec/2025:15:50:11 +0700] "GET /api/v1/movies?page=0&size=10&sort=releaseDate,desc HTTP/1.1" 200 5909 23325
0:0:0:0:0:0:0:1 - - [27/Dec/2025:15:50:11 +0700] "GET /api/v1/genres HTTP/1.1" 200 840 23580
0:0:0:0:0:0:0:1 - - [27/Dec/2025:15:50:11 +0700] "GET /api/v1/genres HTTP/1.1" 200 840 25712
0:0:0:0:0:0:0:1 - - [27/Dec/2025:15:50:11 +0700] "GET /api/v1/movies?page=0&size=10&sort=releaseDate,desc HTTP/1.1" 200 5908 25863
0:0:0:0:0:0:0:1 - - [27/Dec/2025:15:50:12 +0700] "GET /api/v1/movies/58 HTTP/1.1" 200 1056 21592
0:0:0:0:0:0:0:1 - - [27/Dec/2025:15:50:12 +0700] "GET /api/v1/movies/58 HTTP/1.1" 200 1056 22972
0:0:0:0:0:0:0:1 - - [27/Dec/2025:15:54:28 +0700] "OPTIONS /api/v1/auth/verify HTTP/1.1" 200 - 766
0:0:0:0:0:0:0:1 - - [27/Dec/2025:15:54:28 +0700] "OPTIONS /api/v1/auth/verify HTTP/1.1" 200 - 697
0:0:0:0:0:0:0:1 - - [27/Dec/2025:15:54:28 +0700] "GET /api/v1/auth/verify HTTP/1.1" 200 281 20762
0:0:0:0:0:0:0:1 - - [27/Dec/2025:15:54:28 +0700] "GET /api/v1/auth/verify HTTP/1.1" 200 281 9542
0:0:0:0:0:0:0:1 - - [27/Dec/2025:15:54:29 +0700] "OPTIONS /api/v1/movies/58 HTTP/1.1" 200 - 1712
0:0:0:0:0:0:0:1 - - [27/Dec/2025:15:54:29 +0700] "OPTIONS /api/v1/movies/58 HTTP/1.1" 200 - 1548
0:0:0:0:0:0:0:1 - - [27/Dec/2025:15:54:29 +0700] "GET /api/v1/movies/58 HTTP/1.1" 200 1056 19523
0:0:0:0:0:0:0:1 - - [27/Dec/2025:15:54:29 +0700] "GET /api/v1/movies/58 HTTP/1.1" 200 1056 18484
0:0:0:0:0:0:0:1 - - [27/Dec/2025:16:00:01 +0700] "OPTIONS /api/v1/genres HTTP/1.1" 200 - 808
0:0:0:0:0:0:0:1 - - [27/Dec/2025:16:00:01 +0700] "OPTIONS /api/v1/movies?page=0&size=10&sort=releaseDate,desc HTTP/1.1" 200 - 600
0:0:0:0:0:0:0:1 - - [27/Dec/2025:16:00:01 +0700] "OPTIONS /api/v1/genres HTTP/1.1" 200 - 463
0:0:0:0:0:0:0:1 - - [27/Dec/2025:16:00:01 +0700] "OPTIONS /api/v1/movies?page=0&size=10&sort=releaseDate,desc HTTP/1.1" 200 - 371
0:0:0:0:0:0:0:1 - - [27/Dec/2025:16:00:01 +0700] "GET /api/v1/genres HTTP/1.1" 200 840 31939
0:0:0:0:0:0:0:1 - - [27/Dec/2025:16:00:01 +0700] "GET /api/v1/genres HTTP/1.1" 200 840 13548
0:0:0:0:0:0:0:1 - - [27/Dec/2025:16:00:01 +0700] "GET /api/v1/movies?page=0&size=10&sort=releaseDate,desc HTTP/1.1" 200 5909 107839
0:0:0:0:0:0:0:1 - - [27/Dec/2025:16:00:01 +0700] "GET /api/v1/movies?page=0&size=10&sort=releaseDate,desc HTTP/1.1" 200 5909 14700
0:0:0:0:0:0:0:1 - - [27/Dec/2025:16:00:03 +0700] "OPTIONS /api/v1/movies/58 HTTP/1.1" 200 - 1147
0:0:0:0:0:0:0:1 - - [27/Dec/2025:16:00:03 +0700] "OPTIONS /api/v1/movies/58 HTTP/1.1" 200 - 1021
0:0:0:0:0:0:0:1 - - [27/Dec/2025:16:00:03 +0700] "GET /api/v1/movies/58 HTTP/1.1" 200 1056 59135
0:0:0:0:0:0:0:1 - - [27/Dec/2025:16:00:03 +0700] "GET /api/v1/movies/58 HTTP/1.1" 200 1056 16963
0:0:0:0:0:0:0:1 - - [27/Dec/2025:16:00:04 +0700] "GET /api/v1/genres HTTP/1.1" 200 840 17521
0:0:0:0:0:0:0:1 - - [27/Dec/2025:16:00:04 +0700] "GET /api/v1/movies?page=0&size=10&sort=releaseDate,desc HTTP/1.1" 200 5909 17737
0:0:0:0:0:0:0:1 - - [27/Dec/2025:16:00:04 +0700] "GET /api/v1/genres HTTP/1.1" 200 840 12761
0:0:0:0:0:0:0:1 - - [27/Dec/2025:16:00:04 +0700] "GET /api/v1/movies?page=0&size=10&sort=releaseDate,desc HTTP/1.1" 200 5909 12759
0:0:0:0:0:0:0:1 - - [27/Dec/2025:16:00:06 +0700] "OPTIONS /api/v1/genres HTTP/1.1" 200 - 1556
0:0:0:0:0:0:0:1 - - [27/Dec/2025:16:00:06 +0700] "OPTIONS /api/v1/genres HTTP/1.1" 200 - 2067
0:0:0:0:0:0:0:1 - - [27/Dec/2025:16:00:06 +0700] "GET /api/v1/movies/58 HTTP/1.1" 200 1055 25147
0:0:0:0:0:0:0:1 - - [27/Dec/2025:16:00:06 +0700] "GET /api/v1/genres HTTP/1.1" 200 840 17704
0:0:0:0:0:0:0:1 - - [27/Dec/2025:16:00:06 +0700] "GET /api/v1/movies/58 HTTP/1.1" 200 1056 20652
0:0:0:0:0:0:0:1 - - [27/Dec/2025:16:00:06 +0700] "GET /api/v1/genres HTTP/1.1" 200 840 19922
0:0:0:0:0:0:0:1 - - [27/Dec/2025:16:00:08 +0700] "OPTIONS /api/v1/movies?page=0&size=10&sort=releaseDate,desc HTTP/1.1" 200 - 974
0:0:0:0:0:0:0:1 - - [27/Dec/2025:16:00:08 +0700] "OPTIONS /api/v1/movies?page=0&size=10&sort=releaseDate,desc HTTP/1.1" 200 - 662
0:0:0:0:0:0:0:1 - - [27/Dec/2025:16:00:08 +0700] "GET /api/v1/genres HTTP/1.1" 200 840 24548
0:0:0:0:0:0:0:1 - - [27/Dec/2025:16:00:08 +0700] "GET /api/v1/movies?page=0&size=10&sort=releaseDate,desc HTTP/1.1" 200 5909 24993
0:0:0:0:0:0:0:1 - - [27/Dec/2025:16:00:08 +0700] "GET /api/v1/genres HTTP/1.1" 200 840 11704
0:0:0:0:0:0:0:1 - - [27/Dec/2025:16:00:08 +0700] "GET /api/v1/movies?page=0&size=10&sort=releaseDate,desc HTTP/1.1" 200 5909 11714
0:0:0:0:0:0:0:1 - - [27/Dec/2025:16:00:10 +0700] "OPTIONS /api/v1/movies/58 HTTP/1.1" 200 - 1037
0:0:0:0:0:0:0:1 - - [27/Dec/2025:16:00:10 +0700] "OPTIONS /api/v1/movies/58 HTTP/1.1" 200 - 923
0:0:0:0:0:0:0:1 - - [27/Dec/2025:16:00:10 +0700] "GET /api/v1/genres HTTP/1.1" 200 840 15307
0:0:0:0:0:0:0:1 - - [27/Dec/2025:16:00:10 +0700] "GET /api/v1/movies/58 HTTP/1.1" 200 1056 14582
0:0:0:0:0:0:0:1 - - [27/Dec/2025:16:00:10 +0700] "GET /api/v1/genres HTTP/1.1" 200 840 14068
0:0:0:0:0:0:0:1 - - [27/Dec/2025:16:00:10 +0700] "GET /api/v1/movies/58 HTTP/1.1" 200 1056 12591
0:0:0:0:0:0:0:1 - - [27/Dec/2025:16:00:12 +0700] "OPTIONS /api/v1/genres HTTP/1.1" 200 - 913
0:0:0:0:0:0:0:1 - - [27/Dec/2025:16:00:12 +0700] "OPTIONS /api/v1/genres HTTP/1.1" 200 - 539
0:0:0:0:0:0:0:1 - - [27/Dec/2025:16:00:12 +0700] "GET /api/v1/movies?page=0&size=10&sort=releaseDate,desc HTTP/1.1" 200 5909 14542
0:0:0:0:0:0:0:1 - - [27/Dec/2025:16:00:12 +0700] "GET /api/v1/genres HTTP/1.1" 200 840 13371
0:0:0:0:0:0:0:1 - - [27/Dec/2025:16:00:12 +0700] "GET /api/v1/genres HTTP/1.1" 200 840 11464
0:0:0:0:0:0:0:1 - - [27/Dec/2025:16:00:12 +0700] "GET /api/v1/movies?page=0&size=10&sort=releaseDate,desc HTTP/1.1" 200 5909 13294
0:0:0:0:0:0:0:1 - - [27/Dec/2025:16:00:18 +0700] "OPTIONS /api/v1/genres HTTP/1.1" 200 - 992
0:0:0:0:0:0:0:1 - - [27/Dec/2025:16:00:18 +0700] "OPTIONS /api/v1/genres HTTP/1.1" 200 - 717
0:0:0:0:0:0:0:1 - - [27/Dec/2025:16:00:18 +0700] "GET /api/v1/genres HTTP/1.1" 200 840 20142
0:0:0:0:0:0:0:1 - - [27/Dec/2025:16:00:18 +0700] "GET /api/v1/genres HTTP/1.1" 200 840 17368
0:0:0:0:0:0:0:1 - - [27/Dec/2025:16:00:28 +0700] "OPTIONS /api/v1/genres HTTP/1.1" 200 - 665
0:0:0:0:0:0:0:1 - - [27/Dec/2025:16:00:28 +0700] "OPTIONS /api/v1/genres HTTP/1.1" 200 - 674
0:0:0:0:0:0:0:1 - - [27/Dec/2025:16:00:28 +0700] "OPTIONS /api/v1/movies?page=0&size=10&sort=releaseDate,desc HTTP/1.1" 200 - 433
0:0:0:0:0:0:0:1 - - [27/Dec/2025:16:00:28 +0700] "OPTIONS /api/v1/movies?page=0&size=10&sort=releaseDate,desc HTTP/1.1" 200 - 656
0:0:0:0:0:0:0:1 - - [27/Dec/2025:16:00:28 +0700] "GET /api/v1/genres HTTP/1.1" 200 840 14378
0:0:0:0:0:0:0:1 - - [27/Dec/2025:16:00:28 +0700] "GET /api/v1/movies?page=0&size=10&sort=releaseDate,desc HTTP/1.1" 200 5909 14451
0:0:0:0:0:0:0:1 - - [27/Dec/2025:16:00:28 +0700] "GET /api/v1/genres HTTP/1.1" 200 838 12005
0:0:0:0:0:0:0:1 - - [27/Dec/2025:16:00:28 +0700] "GET /api/v1/movies?page=0&size=10&sort=releaseDate,desc HTTP/1.1" 200 5907 11986
0:0:0:0:0:0:0:1 - - [27/Dec/2025:16:00:31 +0700] "OPTIONS /api/v1/movies/58 HTTP/1.1" 200 - 987
0:0:0:0:0:0:0:1 - - [27/Dec/2025:16:00:31 +0700] "GET /api/v1/genres HTTP/1.1" 200 840 13565
0:0:0:0:0:0:0:1 - - [27/Dec/2025:16:00:31 +0700] "GET /api/v1/movies/58 HTTP/1.1" 200 1056 14555
0:0:0:0:0:0:0:1 - - [27/Dec/2025:16:00:31 +0700] "GET /api/v1/genres HTTP/1.1" 200 840 12220
0:0:0:0:0:0:0:1 - - [27/Dec/2025:16:00:31 +0700] "GET /api/v1/movies/58 HTTP/1.1" 200 1056 12362
0:0:0:0:0:0:0:1 - - [27/Dec/2025:16:00:37 +0700] "OPTIONS /api/v1/genres HTTP/1.1" 200 - 893
0:0:0:0:0:0:0:1 - - [27/Dec/2025:16:00:37 +0700] "OPTIONS /api/v1/genres HTTP/1.1" 200 - 586
0:0:0:0:0:0:0:1 - - [27/Dec/2025:16:00:37 +0700] "OPTIONS /api/v1/movies?page=0&size=10&sort=releaseDate,desc HTTP/1.1" 200 - 762
0:0:0:0:0:0:0:1 - - [27/Dec/2025:16:00:37 +0700] "OPTIONS /api/v1/movies?page=0&size=10&sort=releaseDate,desc HTTP/1.1" 200 - 559
0:0:0:0:0:0:0:1 - - [27/Dec/2025:16:00:37 +0700] "GET /api/v1/movies?page=0&size=10&sort=releaseDate,desc HTTP/1.1" 200 5909 16203
0:0:0:0:0:0:0:1 - - [27/Dec/2025:16:00:37 +0700] "GET /api/v1/genres HTTP/1.1" 200 840 16598
0:0:0:0:0:0:0:1 - - [27/Dec/2025:16:00:37 +0700] "GET /api/v1/genres HTTP/1.1" 200 840 11926
0:0:0:0:0:0:0:1 - - [27/Dec/2025:16:00:37 +0700] "GET /api/v1/movies?page=0&size=10&sort=releaseDate,desc HTTP/1.1" 200 5909 12082
0:0:0:0:0:0:0:1 - - [27/Dec/2025:16:00:40 +0700] "OPTIONS /api/v1/movies/58 HTTP/1.1" 200 - 994
0:0:0:0:0:0:0:1 - - [27/Dec/2025:16:00:40 +0700] "OPTIONS /api/v1/movies/58 HTTP/1.1" 200 - 755
0:0:0:0:0:0:0:1 - - [27/Dec/2025:16:00:40 +0700] "GET /api/v1/movies/58 HTTP/1.1" 200 1056 14895
0:0:0:0:0:0:0:1 - - [27/Dec/2025:16:00:40 +0700] "GET /api/v1/movies/58 HTTP/1.1" 200 1056 13568
0:0:0:0:0:0:0:1 - - [27/Dec/2025:16:04:33 +0700] "OPTIONS /api/v1/genres HTTP/1.1" 200 - 744
0:0:0:0:0:0:0:1 - - [27/Dec/2025:16:04:33 +0700] "OPTIONS /api/v1/movies?page=0&size=10&sort=releaseDate,desc HTTP/1.1" 200 - 575
0:0:0:0:0:0:0:1 - - [27/Dec/2025:16:04:33 +0700] "OPTIONS /api/v1/movies?page=0&size=10&sort=releaseDate,desc HTTP/1.1" 200 - 536
0:0:0:0:0:0:0:1 - - [27/Dec/2025:16:04:33 +0700] "OPTIONS /api/v1/genres HTTP/1.1" 200 - 688
0:0:0:0:0:0:0:1 - - [27/Dec/2025:16:04:33 +0700] "GET /api/v1/genres HTTP/1.1" 200 840 21671
0:0:0:0:0:0:0:1 - - [27/Dec/2025:16:04:33 +0700] "GET /api/v1/movies?page=0&size=10&sort=releaseDate,desc HTTP/1.1" 200 5909 28921
0:0:0:0:0:0:0:1 - - [27/Dec/2025:16:04:33 +0700] "GET /api/v1/genres HTTP/1.1" 200 840 24116
0:0:0:0:0:0:0:1 - - [27/Dec/2025:16:04:33 +0700] "GET /api/v1/movies?page=0&size=10&sort=releaseDate,desc HTTP/1.1" 200 5908 22577
0:0:0:0:0:0:0:1 - - [27/Dec/2025:16:04:34 +0700] "GET /api/v1/genres HTTP/1.1" 200 840 20705
0:0:0:0:0:0:0:1 - - [27/Dec/2025:16:04:34 +0700] "GET /api/v1/genres HTTP/1.1" 200 840 16827
0:0:0:0:0:0:0:1 - - [27/Dec/2025:16:04:50 +0700] "OPTIONS /api/v1/genres HTTP/1.1" 200 - 899
0:0:0:0:0:0:0:1 - - [27/Dec/2025:16:04:50 +0700] "OPTIONS /api/v1/genres HTTP/1.1" 200 - 651
0:0:0:0:0:0:0:1 - - [27/Dec/2025:16:04:50 +0700] "OPTIONS /api/v1/movies?page=0&size=10&sort=releaseDate,desc HTTP/1.1" 200 - 813
0:0:0:0:0:0:0:1 - - [27/Dec/2025:16:04:50 +0700] "OPTIONS /api/v1/movies?page=0&size=10&sort=releaseDate,desc HTTP/1.1" 200 - 793
0:0:0:0:0:0:0:1 - - [27/Dec/2025:16:04:50 +0700] "GET /api/v1/genres HTTP/1.1" 200 840 18396
0:0:0:0:0:0:0:1 - - [27/Dec/2025:16:04:50 +0700] "GET /api/v1/movies?page=0&size=10&sort=releaseDate,desc HTTP/1.1" 200 5909 18950
0:0:0:0:0:0:0:1 - - [27/Dec/2025:16:04:50 +0700] "GET /api/v1/genres HTTP/1.1" 200 840 13635
0:0:0:0:0:0:0:1 - - [27/Dec/2025:16:04:50 +0700] "GET /api/v1/movies?page=0&size=10&sort=releaseDate,desc HTTP/1.1" 200 5909 13626
0:0:0:0:0:0:0:1 - - [27/Dec/2025:16:04:51 +0700] "OPTIONS /api/v1/movies/58 HTTP/1.1" 200 - 1298
0:0:0:0:0:0:0:1 - - [27/Dec/2025:16:04:51 +0700] "OPTIONS /api/v1/movies/58 HTTP/1.1" 200 - 1199
0:0:0:0:0:0:0:1 - - [27/Dec/2025:16:04:51 +0700] "GET /api/v1/movies/58 HTTP/1.1" 200 1056 16605
0:0:0:0:0:0:0:1 - - [27/Dec/2025:16:04:51 +0700] "GET /api/v1/movies/58 HTTP/1.1" 200 1056 13959
0:0:0:0:0:0:0:1 - - [27/Dec/2025:16:05:37 +0700] "OPTIONS /api/v1/movies/58 HTTP/1.1" 200 - 1713
0:0:0:0:0:0:0:1 - - [27/Dec/2025:16:05:37 +0700] "GET /api/v1/movies/58 HTTP/1.1" 200 1056 15514
0:0:0:0:0:0:0:1 - - [27/Dec/2025:16:05:42 +0700] "GET /api/v1/movies/58 HTTP/1.1" 200 1055 17487
0:0:0:0:0:0:0:1 - - [27/Dec/2025:16:05:47 +0700] "OPTIONS /api/v1/movies/58 HTTP/1.1" 200 - 2253
0:0:0:0:0:0:0:1 - - [27/Dec/2025:16:05:47 +0700] "GET /api/v1/movies/58 HTTP/1.1" 200 1056 22980
0:0:0:0:0:0:0:1 - - [27/Dec/2025:16:05:53 +0700] "OPTIONS /api/v1/movies/58 HTTP/1.1" 200 - 1109
0:0:0:0:0:0:0:1 - - [27/Dec/2025:16:05:53 +0700] "GET /api/v1/movies/58 HTTP/1.1" 200 1056 18692
0:0:0:0:0:0:0:1 - - [27/Dec/2025:16:14:41 +0700] "OPTIONS /api/v1/movies/58 HTTP/1.1" 200 - 1134
0:0:0:0:0:0:0:1 - - [27/Dec/2025:16:14:41 +0700] "GET /api/v1/movies/58 HTTP/1.1" 200 1056 37471
