0:0:0:0:0:0:0:1 - - [25/Dec/2025:00:15:42 +0700] "GET /api/v1/movies/top-rated?page=0&size=10 HTTP/1.1" 404 165 29095
0:0:0:0:0:0:0:1 - - [25/Dec/2025:00:15:42 +0700] "GET /api/v1/movies/top-rated?page=0&size=10 HTTP/1.1" 404 165 12019
0:0:0:0:0:0:0:1 - - [25/Dec/2025:00:15:42 +0700] "GET /api/v1/movies/coming-soon?page=0&size=12 HTTP/1.1" 200 5914 81021
0:0:0:0:0:0:0:1 - - [25/Dec/2025:00:15:42 +0700] "GET /api/v1/movies/coming-soon?page=0&size=12 HTTP/1.1" 200 5914 7033
0:0:0:0:0:0:0:1 - - [25/Dec/2025:00:15:42 +0700] "GET /api/v1/movies/now-showing?page=0&size=12 HTTP/1.1" 200 7055 91472
0:0:0:0:0:0:0:1 - - [25/Dec/2025:00:15:42 +0700] "GET /api/v1/movies/now-showing?page=0&size=12 HTTP/1.1" 200 7055 4838
0:0:0:0:0:0:0:1 - - [25/Dec/2025:00:15:42 +0700] "GET /api/v1/movies?page=0&size=20 HTTP/1.1" 200 11162 128142
0:0:0:0:0:0:0:1 - - [25/Dec/2025:00:15:42 +0700] "GET /api/v1/movies?page=0&size=20 HTTP/1.1" 200 11162 5037
0:0:0:0:0:0:0:1 - - [25/Dec/2025:00:16:00 +0700] "OPTIONS /api/v1/auth/login HTTP/1.1" 200 - 8874
0:0:0:0:0:0:0:1 - - [25/Dec/2025:00:16:01 +0700] "POST /api/v1/auth/login HTTP/1.1" 500 149 466346
0:0:0:0:0:0:0:1 - - [25/Dec/2025:00:16:44 +0700] "GET /api/v1/movies/coming-soon?page=0&size=12 HTTP/1.1" 200 5914 4922
0:0:0:0:0:0:0:1 - - [25/Dec/2025:00:16:44 +0700] "GET /api/v1/movies?page=0&size=20 HTTP/1.1" 200 11162 11294
0:0:0:0:0:0:0:1 - - [25/Dec/2025:00:16:44 +0700] "GET /api/v1/movies/now-showing?page=0&size=12 HTTP/1.1" 200 7055 6083
0:0:0:0:0:0:0:1 - - [25/Dec/2025:00:16:44 +0700] "GET /api/v1/movies/coming-soon?page=0&size=12 HTTP/1.1" 200 5914 5879
0:0:0:0:0:0:0:1 - - [25/Dec/2025:00:16:44 +0700] "GET /api/v1/movies?page=0&size=20 HTTP/1.1" 200 11162 6508
0:0:0:0:0:0:0:1 - - [25/Dec/2025:00:16:44 +0700] "GET /api/v1/movies/now-showing?page=0&size=12 HTTP/1.1" 200 7055 7407
0:0:0:0:0:0:0:1 - - [25/Dec/2025:00:16:44 +0700] "GET /api/v1/movies/top-rated?page=0&size=10 HTTP/1.1" 404 165 16360
0:0:0:0:0:0:0:1 - - [25/Dec/2025:00:16:44 +0700] "GET /api/v1/movies/top-rated?page=0&size=10 HTTP/1.1" 404 165 10263
0:0:0:0:0:0:0:1 - - [25/Dec/2025:00:17:27 +0700] "GET /api/v1/genres HTTP/1.1" 200 840 15467
0:0:0:0:0:0:0:1 - - [25/Dec/2025:00:17:27 +0700] "GET /api/v1/genres HTTP/1.1" 200 840 3864
0:0:0:0:0:0:0:1 - - [25/Dec/2025:00:17:27 +0700] "GET /api/v1/movies/search?page=0&size=15&sort=id,desc HTTP/1.1" 200 9118 119569
0:0:0:0:0:0:0:1 - - [25/Dec/2025:00:17:27 +0700] "GET /api/v1/movies/search?page=0&size=15&sort=id,desc HTTP/1.1" 200 9118 89756
0:0:0:0:0:0:0:1 - - [25/Dec/2025:00:17:33 +0700] "GET /api/v1/movies/now-showing?page=0&size=12 HTTP/1.1" 200 7055 6537
0:0:0:0:0:0:0:1 - - [25/Dec/2025:00:17:33 +0700] "GET /api/v1/movies?page=0&size=20 HTTP/1.1" 200 11162 6588
0:0:0:0:0:0:0:1 - - [25/Dec/2025:00:17:33 +0700] "GET /api/v1/movies/coming-soon?page=0&size=12 HTTP/1.1" 200 5914 6629
0:0:0:0:0:0:0:1 - - [25/Dec/2025:00:17:33 +0700] "GET /api/v1/movies/top-rated?page=0&size=10 HTTP/1.1" 404 165 14832
0:0:0:0:0:0:0:1 - - [25/Dec/2025:00:17:33 +0700] "GET /api/v1/movies/coming-soon?page=0&size=12 HTTP/1.1" 200 5914 6968
0:0:0:0:0:0:0:1 - - [25/Dec/2025:00:17:33 +0700] "GET /api/v1/movies?page=0&size=20 HTTP/1.1" 200 11162 7923
0:0:0:0:0:0:0:1 - - [25/Dec/2025:00:17:33 +0700] "GET /api/v1/movies/now-showing?page=0&size=12 HTTP/1.1" 200 7055 7734
0:0:0:0:0:0:0:1 - - [25/Dec/2025:00:17:33 +0700] "GET /api/v1/movies/top-rated?page=0&size=10 HTTP/1.1" 404 165 12194
0:0:0:0:0:0:0:1 - - [25/Dec/2025:00:17:48 +0700] "GET /api/v1/movies/now-showing?page=0&size=12 HTTP/1.1" 200 7055 6148
0:0:0:0:0:0:0:1 - - [25/Dec/2025:00:17:48 +0700] "GET /api/v1/movies?page=0&size=20 HTTP/1.1" 200 11162 6706
0:0:0:0:0:0:0:1 - - [25/Dec/2025:00:17:48 +0700] "GET /api/v1/movies/coming-soon?page=0&size=12 HTTP/1.1" 200 5914 6978
0:0:0:0:0:0:0:1 - - [25/Dec/2025:00:17:48 +0700] "GET /api/v1/movies/now-showing?page=0&size=12 HTTP/1.1" 200 7055 4985
0:0:0:0:0:0:0:1 - - [25/Dec/2025:00:17:48 +0700] "GET /api/v1/movies?page=0&size=20 HTTP/1.1" 200 11162 5266
0:0:0:0:0:0:0:1 - - [25/Dec/2025:00:17:48 +0700] "GET /api/v1/movies/coming-soon?page=0&size=12 HTTP/1.1" 200 5914 4519
0:0:0:0:0:0:0:1 - - [25/Dec/2025:00:17:48 +0700] "GET /api/v1/movies/top-rated?page=0&size=10 HTTP/1.1" 404 165 15438
0:0:0:0:0:0:0:1 - - [25/Dec/2025:00:17:48 +0700] "GET /api/v1/movies/top-rated?page=0&size=10 HTTP/1.1" 404 165 11118
0:0:0:0:0:0:0:1 - - [25/Dec/2025:00:17:53 +0700] "GET /api/v1/movies/now-showing?page=0&size=12 HTTP/1.1" 200 7055 6353
0:0:0:0:0:0:0:1 - - [25/Dec/2025:00:17:53 +0700] "GET /api/v1/movies?page=0&size=20 HTTP/1.1" 200 11162 5554
0:0:0:0:0:0:0:1 - - [25/Dec/2025:00:17:53 +0700] "GET /api/v1/movies/coming-soon?page=0&size=12 HTTP/1.1" 200 5914 7226
0:0:0:0:0:0:0:1 - - [25/Dec/2025:00:17:53 +0700] "GET /api/v1/movies/now-showing?page=0&size=12 HTTP/1.1" 200 7055 5022
0:0:0:0:0:0:0:1 - - [25/Dec/2025:00:17:53 +0700] "GET /api/v1/movies?page=0&size=20 HTTP/1.1" 200 11162 4854
0:0:0:0:0:0:0:1 - - [25/Dec/2025:00:17:53 +0700] "GET /api/v1/movies/coming-soon?page=0&size=12 HTTP/1.1" 200 5914 4760
0:0:0:0:0:0:0:1 - - [25/Dec/2025:00:17:53 +0700] "GET /api/v1/movies/top-rated?page=0&size=10 HTTP/1.1" 404 165 15341
0:0:0:0:0:0:0:1 - - [25/Dec/2025:00:17:53 +0700] "GET /api/v1/movies/top-rated?page=0&size=10 HTTP/1.1" 404 165 11861
0:0:0:0:0:0:0:1 - - [25/Dec/2025:00:17:57 +0700] "GET /api/v1/cities?page=0&size=20 HTTP/1.1" 500 157 13958
0:0:0:0:0:0:0:1 - - [25/Dec/2025:00:17:57 +0700] "GET /api/v1/cities?page=0&size=20 HTTP/1.1" 500 157 4302
0:0:0:0:0:0:0:1 - - [25/Dec/2025:00:17:57 +0700] "GET /api/v1/cinemas?size=1000 HTTP/1.1" 200 438 20961
0:0:0:0:0:0:0:1 - - [25/Dec/2025:00:17:57 +0700] "GET /api/v1/cinemas?size=1000 HTTP/1.1" 200 437 7495
0:0:0:0:0:0:0:1 - - [25/Dec/2025:00:18:04 +0700] "GET /api/v1/cities/all-no-page HTTP/1.1" 500 169 12413
0:0:0:0:0:0:0:1 - - [25/Dec/2025:00:18:04 +0700] "GET /api/v1/cities/all-no-page HTTP/1.1" 500 169 5935
0:0:0:0:0:0:0:1 - - [25/Dec/2025:00:18:40 +0700] "GET /api/v1/cities/all-no-page HTTP/1.1" 500 169 13984
0:0:0:0:0:0:0:1 - - [25/Dec/2025:00:18:40 +0700] "GET /api/v1/cities/all-no-page HTTP/1.1" 500 169 5692
0:0:0:0:0:0:0:1 - - [25/Dec/2025:00:21:30 +0700] "GET /api/v1/cities/all-no-page HTTP/1.1" 500 169 9486
0:0:0:0:0:0:0:1 - - [25/Dec/2025:00:21:30 +0700] "GET /api/v1/cities/all-no-page HTTP/1.1" 500 169 6363
0:0:0:0:0:0:0:1 - - [25/Dec/2025:00:21:30 +0700] "GET /api/v1/cities/all-no-page HTTP/1.1" 500 169 5882
0:0:0:0:0:0:0:1 - - [25/Dec/2025:00:21:38 +0700] "GET /api/v1/cities/all-no-page HTTP/1.1" 500 169 7969
0:0:0:0:0:0:0:1 - - [25/Dec/2025:00:21:38 +0700] "GET /api/v1/cities/all-no-page HTTP/1.1" 500 168 5318
0:0:0:0:0:0:0:1 - - [25/Dec/2025:00:21:38 +0700] "GET /api/v1/cities/all-no-page HTTP/1.1" 500 169 5467
0:0:0:0:0:0:0:1 - - [25/Dec/2025:01:16:51 +0700] "GET /api/v1/genres HTTP/1.1" 200 840 126391
0:0:0:0:0:0:0:1 - - [25/Dec/2025:01:16:51 +0700] "GET /api/v1/genres HTTP/1.1" 200 840 16884
0:0:0:0:0:0:0:1 - - [25/Dec/2025:01:16:51 +0700] "GET /api/v1/movies/search?page=0&size=15&sort=id,desc HTTP/1.1" 200 9118 280036
0:0:0:0:0:0:0:1 - - [25/Dec/2025:01:16:51 +0700] "GET /api/v1/movies/search?page=0&size=15&sort=id,desc HTTP/1.1" 200 9118 124240
0:0:0:0:0:0:0:1 - - [25/Dec/2025:01:16:55 +0700] "GET /api/v1/cities/all-no-page HTTP/1.1" 500 168 62698
0:0:0:0:0:0:0:1 - - [25/Dec/2025:01:16:55 +0700] "GET /api/v1/movies/109 HTTP/1.1" 200 1071 72372
0:0:0:0:0:0:0:1 - - [25/Dec/2025:01:16:55 +0700] "GET /api/v1/cities/all-no-page HTTP/1.1" 500 169 10383
0:0:0:0:0:0:0:1 - - [25/Dec/2025:01:16:55 +0700] "GET /api/v1/movies/109 HTTP/1.1" 200 1071 6394
0:0:0:0:0:0:0:1 - - [25/Dec/2025:01:16:55 +0700] "GET /api/v1/movies/search?page=0&size=7&status=NOW_SHOWING&sort=createdAt,desc HTTP/1.1" 200 4653 104069
0:0:0:0:0:0:0:1 - - [25/Dec/2025:01:16:55 +0700] "GET /api/v1/comments/average-rating/109 HTTP/1.1" 500 178 7045
0:0:0:0:0:0:0:1 - - [25/Dec/2025:01:16:55 +0700] "GET /api/v1/comments/movie/109?page=0&size=10&sort=createdAt,desc HTTP/1.1" 500 169 8101
0:0:0:0:0:0:0:1 - - [25/Dec/2025:01:16:55 +0700] "GET /api/v1/comments/average-rating/109 HTTP/1.1" 500 178 6527
0:0:0:0:0:0:0:1 - - [25/Dec/2025:01:16:55 +0700] "GET /api/v1/comments/movie/109?page=0&size=10&sort=createdAt,desc HTTP/1.1" 500 168 6391
0:0:0:0:0:0:0:1 - - [25/Dec/2025:01:16:55 +0700] "GET /api/v1/showtime/movie/109/date/2025-12-24?page=0&size=5 HTTP/1.1" 200 441 33985
0:0:0:0:0:0:0:1 - - [25/Dec/2025:01:16:55 +0700] "GET /api/v1/movies/search?page=0&size=7&status=NOW_SHOWING&sort=createdAt,desc HTTP/1.1" 200 4653 72826
0:0:0:0:0:0:0:1 - - [25/Dec/2025:01:16:56 +0700] "GET /api/v1/showtime/movie/109/date/2025-12-24?page=0&size=5 HTTP/1.1" 200 441 14410
0:0:0:0:0:0:0:1 - - [25/Dec/2025:01:16:56 +0700] "GET /api/v1/movies/search?page=0&size=7&status=NOW_SHOWING&sort=createdAt,desc HTTP/1.1" 200 4653 68486
0:0:0:0:0:0:0:1 - - [25/Dec/2025:01:17:11 +0700] "GET /api/v1/movies/search?page=1&size=6&status=NOW_SHOWING&sort=createdAt,desc HTTP/1.1" 200 3963 49388
0:0:0:0:0:0:0:1 - - [25/Dec/2025:01:21:58 +0700] "GET /api/v1/movies/109 HTTP/1.1" 200 1071 12712
0:0:0:0:0:0:0:1 - - [25/Dec/2025:01:21:58 +0700] "GET /api/v1/comments/movie/109?page=0&size=10&sort=createdAt,desc HTTP/1.1" 500 169 9460
0:0:0:0:0:0:0:1 - - [25/Dec/2025:01:21:58 +0700] "GET /api/v1/comments/average-rating/109 HTTP/1.1" 500 178 7462
0:0:0:0:0:0:0:1 - - [25/Dec/2025:01:21:58 +0700] "GET /api/v1/comments/average-rating/109 HTTP/1.1" 500 178 14522
0:0:0:0:0:0:0:1 - - [25/Dec/2025:01:21:58 +0700] "GET /api/v1/comments/movie/109?page=0&size=10&sort=createdAt,desc HTTP/1.1" 500 169 15514
0:0:0:0:0:0:0:1 - - [25/Dec/2025:01:21:58 +0700] "GET /api/v1/showtime/movie/109/date/2025-12-24?page=0&size=5 HTTP/1.1" 200 441 32676
0:0:0:0:0:0:0:1 - - [25/Dec/2025:01:22:12 +0700] "GET /api/v1/movies/109 HTTP/1.1" 200 1071 4451
0:0:0:0:0:0:0:1 - - [25/Dec/2025:01:22:13 +0700] "GET /api/v1/comments/movie/109?page=0&size=10&sort=createdAt,desc HTTP/1.1" 500 169 12254
0:0:0:0:0:0:0:1 - - [25/Dec/2025:01:22:13 +0700] "GET /api/v1/comments/average-rating/109 HTTP/1.1" 500 178 11257
0:0:0:0:0:0:0:1 - - [25/Dec/2025:01:22:13 +0700] "GET /api/v1/comments/average-rating/109 HTTP/1.1" 500 178 6157
0:0:0:0:0:0:0:1 - - [25/Dec/2025:01:22:13 +0700] "GET /api/v1/comments/movie/109?page=0&size=10&sort=createdAt,desc HTTP/1.1" 500 169 6169
0:0:0:0:0:0:0:1 - - [25/Dec/2025:01:22:13 +0700] "GET /api/v1/showtime/movie/109/date/2025-12-24?page=0&size=5 HTTP/1.1" 200 441 21025
0:0:0:0:0:0:0:1 - - [25/Dec/2025:01:24:20 +0700] "GET /api/v1/genres HTTP/1.1" 200 840 6637
0:0:0:0:0:0:0:1 - - [25/Dec/2025:01:24:20 +0700] "GET /api/v1/genres HTTP/1.1" 200 840 4401
0:0:0:0:0:0:0:1 - - [25/Dec/2025:01:24:20 +0700] "GET /api/v1/movies/search?page=0&size=15&sort=id,desc HTTP/1.1" 200 9118 203629
0:0:0:0:0:0:0:1 - - [25/Dec/2025:01:24:20 +0700] "GET /api/v1/movies/search?page=0&size=15&sort=id,desc HTTP/1.1" 200 9118 169485
0:0:0:0:0:0:0:1 - - [25/Dec/2025:01:24:28 +0700] "GET /api/v1/movies/search?page=1&size=15&sort=id,desc HTTP/1.1" 200 9095 154536
0:0:0:0:0:0:0:1 - - [25/Dec/2025:01:24:33 +0700] "GET /api/v1/cities/all-no-page HTTP/1.1" 500 169 10781
0:0:0:0:0:0:0:1 - - [25/Dec/2025:01:24:33 +0700] "GET /api/v1/cities/all-no-page HTTP/1.1" 500 169 4955
0:0:0:0:0:0:0:1 - - [25/Dec/2025:01:24:33 +0700] "GET /api/v1/movies/96 HTTP/1.1" 200 1217 39365
0:0:0:0:0:0:0:1 - - [25/Dec/2025:01:24:33 +0700] "GET /api/v1/movies/96 HTTP/1.1" 200 1217 3998
0:0:0:0:0:0:0:1 - - [25/Dec/2025:01:24:33 +0700] "GET /api/v1/movies/search?page=0&size=7&status=NOW_SHOWING&sort=createdAt,desc HTTP/1.1" 200 4653 74852
0:0:0:0:0:0:0:1 - - [25/Dec/2025:01:24:33 +0700] "GET /api/v1/movies/search?page=0&size=7&status=NOW_SHOWING&sort=createdAt,desc HTTP/1.1" 200 4653 68341
0:0:0:0:0:0:0:1 - - [25/Dec/2025:01:24:33 +0700] "GET /api/v1/comments/movie/96?page=0&size=10&sort=createdAt,desc HTTP/1.1" 500 168 10690
0:0:0:0:0:0:0:1 - - [25/Dec/2025:01:24:33 +0700] "GET /api/v1/comments/average-rating/96 HTTP/1.1" 500 177 11004
0:0:0:0:0:0:0:1 - - [25/Dec/2025:01:24:33 +0700] "GET /api/v1/showtime/movie/96/date/2025-12-24?page=0&size=5 HTTP/1.1" 200 441 16038
0:0:0:0:0:0:0:1 - - [25/Dec/2025:01:24:33 +0700] "GET /api/v1/comments/average-rating/96 HTTP/1.1" 500 177 6491
0:0:0:0:0:0:0:1 - - [25/Dec/2025:01:24:33 +0700] "GET /api/v1/comments/movie/96?page=0&size=10&sort=createdAt,desc HTTP/1.1" 500 168 6658
0:0:0:0:0:0:0:1 - - [25/Dec/2025:01:24:33 +0700] "GET /api/v1/movies/search?page=0&size=7&status=NOW_SHOWING&sort=createdAt,desc HTTP/1.1" 200 4653 74214
0:0:0:0:0:0:0:1 - - [25/Dec/2025:01:24:33 +0700] "GET /api/v1/showtime/movie/96/date/2025-12-24?page=0&size=5 HTTP/1.1" 200 441 21420
0:0:0:0:0:0:0:1 - - [25/Dec/2025:01:25:15 +0700] "GET /api/v1/showtime/movie/96/date/2025-12-25?page=0&size=5 HTTP/1.1" 200 440 15210
0:0:0:0:0:0:0:1 - - [25/Dec/2025:01:25:16 +0700] "GET /api/v1/showtime/movie/96/date/2025-12-26?page=0&size=5 HTTP/1.1" 200 441 15081
0:0:0:0:0:0:0:1 - - [25/Dec/2025:01:25:16 +0700] "GET /api/v1/showtime/movie/96/date/2025-12-27?page=0&size=5 HTTP/1.1" 200 441 15744
0:0:0:0:0:0:0:1 - - [25/Dec/2025:01:25:17 +0700] "GET /api/v1/showtime/movie/96/date/2025-12-28?page=0&size=5 HTTP/1.1" 200 441 12861
0:0:0:0:0:0:0:1 - - [25/Dec/2025:01:25:17 +0700] "GET /api/v1/showtime/movie/96/date/2025-12-29?page=0&size=5 HTTP/1.1" 200 441 12979
0:0:0:0:0:0:0:1 - - [25/Dec/2025:01:25:17 +0700] "GET /api/v1/showtime/movie/96/date/2025-12-30?page=0&size=5 HTTP/1.1" 200 441 18132
0:0:0:0:0:0:0:1 - - [25/Dec/2025:01:25:39 +0700] "GET /api/v1/cities/all-no-page HTTP/1.1" 500 168 9521
0:0:0:0:0:0:0:1 - - [25/Dec/2025:01:25:39 +0700] "GET /api/v1/cities/all-no-page HTTP/1.1" 500 169 5912
0:0:0:0:0:0:0:1 - - [25/Dec/2025:01:25:48 +0700] "GET /api/v1/cities?page=0&size=20 HTTP/1.1" 500 157 17624
0:0:0:0:0:0:0:1 - - [25/Dec/2025:01:25:48 +0700] "GET /api/v1/cities?page=0&size=20 HTTP/1.1" 500 157 10983
0:0:0:0:0:0:0:1 - - [25/Dec/2025:01:25:48 +0700] "GET /api/v1/cinemas?size=1000 HTTP/1.1" 200 438 34008
0:0:0:0:0:0:0:1 - - [25/Dec/2025:01:25:48 +0700] "GET /api/v1/cinemas?size=1000 HTTP/1.1" 200 438 4896
0:0:0:0:0:0:0:1 - - [25/Dec/2025:16:33:15 +0700] "GET /api/v1/genres HTTP/1.1" 200 840 468859
0:0:0:0:0:0:0:1 - - [25/Dec/2025:16:33:15 +0700] "GET /api/v1/genres HTTP/1.1" 200 840 78751
0:0:0:0:0:0:0:1 - - [25/Dec/2025:16:33:15 +0700] "GET /api/v1/movies/search?page=0&size=15&sort=id,desc HTTP/1.1" 200 9118 642648
0:0:0:0:0:0:0:1 - - [25/Dec/2025:16:33:15 +0700] "GET /api/v1/movies/search?page=0&size=15&sort=id,desc HTTP/1.1" 200 9118 206354
0:0:0:0:0:0:0:1 - - [25/Dec/2025:16:36:08 +0700] "GET /api/v1/cities/all-no-page HTTP/1.1" 500 169 62557
0:0:0:0:0:0:0:1 - - [25/Dec/2025:16:36:08 +0700] "GET /api/v1/cities/all-no-page HTTP/1.1" 500 168 16882
0:0:0:0:0:0:0:1 - - [25/Dec/2025:16:36:09 +0700] "GET /api/v1/cities?page=0&size=20 HTTP/1.1" 500 157 19024
0:0:0:0:0:0:0:1 - - [25/Dec/2025:16:36:09 +0700] "GET /api/v1/cities?page=0&size=20 HTTP/1.1" 500 157 10811
0:0:0:0:0:0:0:1 - - [25/Dec/2025:16:36:09 +0700] "GET /api/v1/cinemas?size=1000 HTTP/1.1" 200 5709 234894
0:0:0:0:0:0:0:1 - - [25/Dec/2025:16:36:09 +0700] "GET /api/v1/cinemas?size=1000 HTTP/1.1" 200 5711 20255
0:0:0:0:0:0:0:1 - - [25/Dec/2025:16:42:08 +0700] "GET /api/v1/cinemas?size=1000 HTTP/1.1" 200 5710 13520
0:0:0:0:0:0:0:1 - - [25/Dec/2025:16:42:08 +0700] "GET /api/v1/cities?page=0&size=20 HTTP/1.1" 500 157 14715
0:0:0:0:0:0:0:1 - - [25/Dec/2025:16:42:08 +0700] "GET /api/v1/cities?page=0&size=20 HTTP/1.1" 500 157 12981
0:0:0:0:0:0:0:1 - - [25/Dec/2025:16:42:08 +0700] "GET /api/v1/cinemas?size=1000 HTTP/1.1" 200 5711 15293
0:0:0:0:0:0:0:1 - - [25/Dec/2025:16:43:20 +0700] "GET /api/v1/cinemas?size=1000 HTTP/1.1" 200 5711 9609
0:0:0:0:0:0:0:1 - - [25/Dec/2025:16:43:20 +0700] "GET /api/v1/cities?page=0&size=20 HTTP/1.1" 500 157 9163
0:0:0:0:0:0:0:1 - - [25/Dec/2025:16:43:20 +0700] "GET /api/v1/cinemas?size=1000 HTTP/1.1" 200 5711 9765
0:0:0:0:0:0:0:1 - - [25/Dec/2025:16:43:20 +0700] "GET /api/v1/cities?page=0&size=20 HTTP/1.1" 500 157 9161
0:0:0:0:0:0:0:1 - - [25/Dec/2025:16:43:21 +0700] "GET /api/v1/cinemas?size=1000 HTTP/1.1" 200 5711 9602
0:0:0:0:0:0:0:1 - - [25/Dec/2025:16:43:21 +0700] "GET /api/v1/cities?page=0&size=20 HTTP/1.1" 500 157 7923
0:0:0:0:0:0:0:1 - - [25/Dec/2025:16:43:21 +0700] "GET /api/v1/cities?page=0&size=20 HTTP/1.1" 500 157 10282
0:0:0:0:0:0:0:1 - - [25/Dec/2025:16:43:21 +0700] "GET /api/v1/cinemas?size=1000 HTTP/1.1" 200 5711 10840
0:0:0:0:0:0:0:1 - - [25/Dec/2025:16:43:48 +0700] "GET /api/v1/cinemas?size=1000 HTTP/1.1" 200 5711 12782
0:0:0:0:0:0:0:1 - - [25/Dec/2025:16:43:48 +0700] "GET /api/v1/cinemas?size=1000 HTTP/1.1" 200 5711 7541
0:0:0:0:0:0:0:1 - - [25/Dec/2025:16:43:48 +0700] "GET /api/v1/cinemas?size=1000 HTTP/1.1" 200 5711 13007
0:0:0:0:0:0:0:1 - - [25/Dec/2025:16:43:55 +0700] "GET /api/v1/cinemas?size=1000 HTTP/1.1" 200 5711 11077
0:0:0:0:0:0:0:1 - - [25/Dec/2025:16:43:56 +0700] "GET /api/v1/regions?page=0&size=20 HTTP/1.1" 200 2636 34894
0:0:0:0:0:0:0:1 - - [25/Dec/2025:16:44:01 +0700] "GET /api/v1/cinemas?size=1000 HTTP/1.1" 200 5711 12583
0:0:0:0:0:0:0:1 - - [25/Dec/2025:16:44:01 +0700] "GET /api/v1/regions?page=0&size=20 HTTP/1.1" 200 2636 12400
0:0:0:0:0:0:0:1 - - [25/Dec/2025:16:44:09 +0700] "GET /api/v1/cinemas?size=1000 HTTP/1.1" 200 5711 6339
0:0:0:0:0:0:0:1 - - [25/Dec/2025:16:44:09 +0700] "GET /api/v1/regions?page=0&size=20 HTTP/1.1" 200 2636 5611
0:0:0:0:0:0:0:1 - - [25/Dec/2025:16:44:25 +0700] "GET /api/v1/regions?page=0&size=20 HTTP/1.1" 200 2636 9225
0:0:0:0:0:0:0:1 - - [25/Dec/2025:16:44:25 +0700] "GET /api/v1/cinemas?size=1000 HTTP/1.1" 200 5711 10178
0:0:0:0:0:0:0:1 - - [25/Dec/2025:16:44:25 +0700] "GET /api/v1/regions?page=0&size=20 HTTP/1.1" 200 2636 11090
0:0:0:0:0:0:0:1 - - [25/Dec/2025:16:44:25 +0700] "GET /api/v1/cinemas?size=1000 HTTP/1.1" 200 5711 11342
0:0:0:0:0:0:0:1 - - [25/Dec/2025:16:44:27 +0700] "GET /api/v1/regions?page=0&size=20 HTTP/1.1" 200 2636 4830
0:0:0:0:0:0:0:1 - - [25/Dec/2025:16:44:27 +0700] "GET /api/v1/cinemas?size=1000 HTTP/1.1" 200 5711 6523
0:0:0:0:0:0:0:1 - - [25/Dec/2025:16:44:27 +0700] "GET /api/v1/regions?page=0&size=20 HTTP/1.1" 200 2636 6356
0:0:0:0:0:0:0:1 - - [25/Dec/2025:16:44:27 +0700] "GET /api/v1/cinemas?size=1000 HTTP/1.1" 200 5711 7612
0:0:0:0:0:0:0:1 - - [25/Dec/2025:16:50:45 +0700] "GET /api/v1/cinemas/4 HTTP/1.1" 200 391 41484
0:0:0:0:0:0:0:1 - - [25/Dec/2025:16:50:45 +0700] "GET /api/v1/cinemas/4 HTTP/1.1" 200 391 5593
0:0:0:0:0:0:0:1 - - [25/Dec/2025:16:50:45 +0700] "GET /api/v1/showtime/cinema/4/date/2025-12-25?page=0&size=5 HTTP/1.1" 200 434 48107
0:0:0:0:0:0:0:1 - - [25/Dec/2025:17:05:20 +0700] "GET /api/v1/showtime/cinema/4/date/2025-12-26?page=0&size=5 HTTP/1.1" 200 434 21775
0:0:0:0:0:0:0:1 - - [25/Dec/2025:17:05:20 +0700] "GET /api/v1/showtime/cinema/4/date/2025-12-27?page=0&size=5 HTTP/1.1" 200 433 14811
0:0:0:0:0:0:0:1 - - [25/Dec/2025:17:05:21 +0700] "GET /api/v1/showtime/cinema/4/date/2025-12-28?page=0&size=5 HTTP/1.1" 200 434 16219
0:0:0:0:0:0:0:1 - - [25/Dec/2025:17:05:21 +0700] "GET /api/v1/showtime/cinema/4/date/2025-12-29?page=0&size=5 HTTP/1.1" 200 434 13097
0:0:0:0:0:0:0:1 - - [25/Dec/2025:17:05:22 +0700] "GET /api/v1/showtime/cinema/4/date/2025-12-30?page=0&size=5 HTTP/1.1" 200 434 15425
0:0:0:0:0:0:0:1 - - [25/Dec/2025:17:05:23 +0700] "GET /api/v1/cities/all-no-page HTTP/1.1" 500 169 10945
0:0:0:0:0:0:0:1 - - [25/Dec/2025:17:05:23 +0700] "GET /api/v1/cities/all-no-page HTTP/1.1" 500 169 7210
0:0:0:0:0:0:0:1 - - [25/Dec/2025:17:05:58 +0700] "GET /api/v1/regions?page=0&size=20 HTTP/1.1" 200 2636 31936
0:0:0:0:0:0:0:1 - - [25/Dec/2025:17:05:58 +0700] "GET /api/v1/regions?page=0&size=20 HTTP/1.1" 200 2636 7669
0:0:0:0:0:0:0:1 - - [25/Dec/2025:17:05:59 +0700] "GET /api/v1/cinemas?size=1000 HTTP/1.1" 200 5711 244562
0:0:0:0:0:0:0:1 - - [25/Dec/2025:17:05:59 +0700] "GET /api/v1/cinemas?size=1000 HTTP/1.1" 200 5711 10312
0:0:0:0:0:0:0:1 - - [25/Dec/2025:17:11:46 +0700] "GET /api/v1/cinemas?size=1000 HTTP/1.1" 200 5711 9486
0:0:0:0:0:0:0:1 - - [25/Dec/2025:17:11:46 +0700] "GET /api/v1/regions?page=0&size=20 HTTP/1.1" 200 2636 9458
0:0:0:0:0:0:0:1 - - [25/Dec/2025:17:11:46 +0700] "GET /api/v1/cinemas?size=1000 HTTP/1.1" 200 5711 7652
0:0:0:0:0:0:0:1 - - [25/Dec/2025:17:11:46 +0700] "GET /api/v1/regions?page=0&size=20 HTTP/1.1" 200 2636 7516
0:0:0:0:0:0:0:1 - - [25/Dec/2025:17:12:44 +0700] "GET /api/v1/cities/all-no-page HTTP/1.1" 500 169 11440
0:0:0:0:0:0:0:1 - - [25/Dec/2025:17:12:44 +0700] "GET /api/v1/cities/all-no-page HTTP/1.1" 500 168 9460
0:0:0:0:0:0:0:1 - - [25/Dec/2025:17:12:55 +0700] "GET /api/v1/cinemas?size=1000 HTTP/1.1" 200 5711 7343
0:0:0:0:0:0:0:1 - - [25/Dec/2025:17:12:55 +0700] "GET /api/v1/regions?page=0&size=20 HTTP/1.1" 200 2636 7080
0:0:0:0:0:0:0:1 - - [25/Dec/2025:17:12:55 +0700] "GET /api/v1/regions?page=0&size=20 HTTP/1.1" 200 2636 8717
0:0:0:0:0:0:0:1 - - [25/Dec/2025:17:12:55 +0700] "GET /api/v1/cinemas?size=1000 HTTP/1.1" 200 5711 8689
0:0:0:0:0:0:0:1 - - [25/Dec/2025:17:12:58 +0700] "GET /api/v1/movies/top-rated?page=0&size=10 HTTP/1.1" 404 164 85204
0:0:0:0:0:0:0:1 - - [25/Dec/2025:17:12:58 +0700] "GET /api/v1/movies/top-rated?page=0&size=10 HTTP/1.1" 404 165 14347
0:0:0:0:0:0:0:1 - - [25/Dec/2025:17:12:58 +0700] "GET /api/v1/movies/now-showing?page=0&size=12 HTTP/1.1" 200 7055 159731
0:0:0:0:0:0:0:1 - - [25/Dec/2025:17:12:58 +0700] "GET /api/v1/movies/coming-soon?page=0&size=12 HTTP/1.1" 200 5914 161448
0:0:0:0:0:0:0:1 - - [25/Dec/2025:17:12:58 +0700] "GET /api/v1/movies/coming-soon?page=0&size=12 HTTP/1.1" 200 5914 7929
0:0:0:0:0:0:0:1 - - [25/Dec/2025:17:12:58 +0700] "GET /api/v1/movies/now-showing?page=0&size=12 HTTP/1.1" 200 7055 9145
0:0:0:0:0:0:0:1 - - [25/Dec/2025:17:12:58 +0700] "GET /api/v1/movies?page=0&size=20 HTTP/1.1" 200 11162 219077
0:0:0:0:0:0:0:1 - - [25/Dec/2025:17:12:58 +0700] "GET /api/v1/movies?page=0&size=20 HTTP/1.1" 200 11162 11090
0:0:0:0:0:0:0:1 - - [25/Dec/2025:17:13:18 +0700] "GET /api/v1/cities/all-no-page HTTP/1.1" 500 169 19946
0:0:0:0:0:0:0:1 - - [25/Dec/2025:17:13:18 +0700] "GET /api/v1/cities/all-no-page HTTP/1.1" 500 169 12784
0:0:0:0:0:0:0:1 - - [25/Dec/2025:17:13:18 +0700] "GET /api/v1/movies/96 HTTP/1.1" 200 1217 69825
0:0:0:0:0:0:0:1 - - [25/Dec/2025:17:13:18 +0700] "GET /api/v1/movies/96 HTTP/1.1" 200 1217 7230
0:0:0:0:0:0:0:1 - - [25/Dec/2025:17:13:18 +0700] "GET /api/v1/movies/search?page=0&size=7&status=NOW_SHOWING&sort=createdAt,desc HTTP/1.1" 200 4653 110070
0:0:0:0:0:0:0:1 - - [25/Dec/2025:17:13:18 +0700] "GET /api/v1/comments/movie/96?page=0&size=10&sort=createdAt,desc HTTP/1.1" 500 168 8506
0:0:0:0:0:0:0:1 - - [25/Dec/2025:17:13:18 +0700] "GET /api/v1/comments/average-rating/96 HTTP/1.1" 500 177 9780
0:0:0:0:0:0:0:1 - - [25/Dec/2025:17:13:18 +0700] "GET /api/v1/comments/average-rating/96 HTTP/1.1" 500 177 6225
0:0:0:0:0:0:0:1 - - [25/Dec/2025:17:13:18 +0700] "GET /api/v1/comments/movie/96?page=0&size=10&sort=createdAt,desc HTTP/1.1" 500 167 6868
0:0:0:0:0:0:0:1 - - [25/Dec/2025:17:13:18 +0700] "GET /api/v1/showtime/movie/96/date/2025-12-24?page=0&size=5 HTTP/1.1" 200 443 35198
0:0:0:0:0:0:0:1 - - [25/Dec/2025:17:13:18 +0700] "GET /api/v1/showtime/movie/96/date/2025-12-24?page=0&size=5 HTTP/1.1" 200 443 22006
0:0:0:0:0:0:0:1 - - [25/Dec/2025:17:13:18 +0700] "GET /api/v1/movies/search?page=0&size=7&status=NOW_SHOWING&sort=createdAt,desc HTTP/1.1" 200 4653 80101
0:0:0:0:0:0:0:1 - - [25/Dec/2025:17:13:18 +0700] "GET /api/v1/movies/search?page=0&size=7&status=NOW_SHOWING&sort=createdAt,desc HTTP/1.1" 200 4653 85596
0:0:0:0:0:0:0:1 - - [25/Dec/2025:17:15:08 +0700] "GET /api/v1/movies/96 HTTP/1.1" 200 1217 7445
0:0:0:0:0:0:0:1 - - [25/Dec/2025:17:15:09 +0700] "GET /api/v1/comments/average-rating/96 HTTP/1.1" 500 177 15072
0:0:0:0:0:0:0:1 - - [25/Dec/2025:17:15:09 +0700] "GET /api/v1/comments/movie/96?page=0&size=10&sort=createdAt,desc HTTP/1.1" 500 168 15306
0:0:0:0:0:0:0:1 - - [25/Dec/2025:17:15:09 +0700] "GET /api/v1/comments/average-rating/96 HTTP/1.1" 500 177 10420
0:0:0:0:0:0:0:1 - - [25/Dec/2025:17:15:09 +0700] "GET /api/v1/comments/movie/96?page=0&size=10&sort=createdAt,desc HTTP/1.1" 500 168 11984
0:0:0:0:0:0:0:1 - - [25/Dec/2025:17:15:09 +0700] "GET /api/v1/showtime/movie/96/date/2025-12-24?page=0&size=5 HTTP/1.1" 200 443 34878
0:0:0:0:0:0:0:1 - - [25/Dec/2025:17:15:32 +0700] "GET /api/v1/movies/96 HTTP/1.1" 200 1217 11262
0:0:0:0:0:0:0:1 - - [25/Dec/2025:17:15:33 +0700] "GET /api/v1/comments/movie/96?page=0&size=10&sort=createdAt,desc HTTP/1.1" 500 168 11281
0:0:0:0:0:0:0:1 - - [25/Dec/2025:17:15:33 +0700] "GET /api/v1/comments/average-rating/96 HTTP/1.1" 500 177 9656
0:0:0:0:0:0:0:1 - - [25/Dec/2025:17:15:33 +0700] "GET /api/v1/comments/movie/96?page=0&size=10&sort=createdAt,desc HTTP/1.1" 500 168 7282
0:0:0:0:0:0:0:1 - - [25/Dec/2025:17:15:33 +0700] "GET /api/v1/comments/average-rating/96 HTTP/1.1" 500 177 7641
0:0:0:0:0:0:0:1 - - [25/Dec/2025:17:15:33 +0700] "GET /api/v1/showtime/movie/96/date/2025-12-24?page=0&size=5 HTTP/1.1" 200 443 24799
0:0:0:0:0:0:0:1 - - [25/Dec/2025:17:16:13 +0700] "GET /api/v1/showtime/movie/96/date/2025-12-24?page=1&size=5 HTTP/1.1" 200 443 29130
0:0:0:0:0:0:0:1 - - [25/Dec/2025:17:16:14 +0700] "GET /api/v1/showtime/movie/96/date/2025-12-24?page=2&size=5 HTTP/1.1" 200 445 27112
0:0:0:0:0:0:0:1 - - [25/Dec/2025:17:17:33 +0700] "GET /api/v1/movies/96 HTTP/1.1" 200 1217 8467
0:0:0:0:0:0:0:1 - - [25/Dec/2025:17:17:33 +0700] "GET /api/v1/comments/average-rating/96 HTTP/1.1" 500 177 9372
0:0:0:0:0:0:0:1 - - [25/Dec/2025:17:17:33 +0700] "GET /api/v1/comments/movie/96?page=0&size=10&sort=createdAt,desc HTTP/1.1" 500 168 9457
0:0:0:0:0:0:0:1 - - [25/Dec/2025:17:17:33 +0700] "GET /api/v1/comments/movie/96?page=0&size=10&sort=createdAt,desc HTTP/1.1" 500 168 9763
0:0:0:0:0:0:0:1 - - [25/Dec/2025:17:17:33 +0700] "GET /api/v1/comments/average-rating/96 HTTP/1.1" 500 177 9747
0:0:0:0:0:0:0:1 - - [25/Dec/2025:17:17:33 +0700] "GET /api/v1/showtime/movie/96/date/2025-12-24?page=0&size=5 HTTP/1.1" 200 442 30431
0:0:0:0:0:0:0:1 - - [25/Dec/2025:17:21:15 +0700] "GET /api/v1/movies/110 HTTP/1.1" 200 1198 33717
0:0:0:0:0:0:0:1 - - [25/Dec/2025:17:21:16 +0700] "GET /api/v1/comments/movie/110?page=0&size=10&sort=createdAt,desc HTTP/1.1" 500 169 10091
0:0:0:0:0:0:0:1 - - [25/Dec/2025:17:21:16 +0700] "GET /api/v1/comments/average-rating/110 HTTP/1.1" 500 178 9665
0:0:0:0:0:0:0:1 - - [25/Dec/2025:17:21:16 +0700] "GET /api/v1/comments/average-rating/110 HTTP/1.1" 500 178 8593
0:0:0:0:0:0:0:1 - - [25/Dec/2025:17:21:16 +0700] "GET /api/v1/comments/movie/110?page=0&size=10&sort=createdAt,desc HTTP/1.1" 500 169 9195
0:0:0:0:0:0:0:1 - - [25/Dec/2025:17:21:16 +0700] "GET /api/v1/showtime/movie/110/date/2025-12-24?page=0&size=5 HTTP/1.1" 200 443 35980
0:0:0:0:0:0:0:1 - - [25/Dec/2025:17:21:16 +0700] "GET /api/v1/movies/search?page=0&size=7&status=NOW_SHOWING&sort=createdAt,desc HTTP/1.1" 200 4653 85170
0:0:0:0:0:0:0:1 - - [25/Dec/2025:17:21:50 +0700] "GET /api/v1/movies/coming-soon?page=0&size=12 HTTP/1.1" 200 5914 7596
0:0:0:0:0:0:0:1 - - [25/Dec/2025:17:21:50 +0700] "GET /api/v1/movies/now-showing?page=0&size=12 HTTP/1.1" 200 7055 7425
0:0:0:0:0:0:0:1 - - [25/Dec/2025:17:21:50 +0700] "GET /api/v1/movies?page=0&size=20 HTTP/1.1" 200 11162 8466
0:0:0:0:0:0:0:1 - - [25/Dec/2025:17:21:50 +0700] "GET /api/v1/movies/now-showing?page=0&size=12 HTTP/1.1" 200 7055 9102
0:0:0:0:0:0:0:1 - - [25/Dec/2025:17:21:50 +0700] "GET /api/v1/movies/coming-soon?page=0&size=12 HTTP/1.1" 200 5914 9247
0:0:0:0:0:0:0:1 - - [25/Dec/2025:17:21:50 +0700] "GET /api/v1/movies?page=0&size=20 HTTP/1.1" 200 11162 10096
0:0:0:0:0:0:0:1 - - [25/Dec/2025:17:21:50 +0700] "GET /api/v1/movies/top-rated?page=0&size=10 HTTP/1.1" 404 165 22620
0:0:0:0:0:0:0:1 - - [25/Dec/2025:17:21:50 +0700] "GET /api/v1/movies/top-rated?page=0&size=10 HTTP/1.1" 404 165 10914
0:0:0:0:0:0:0:1 - - [25/Dec/2025:17:22:11 +0700] "GET /api/v1/cities/all-no-page HTTP/1.1" 500 169 12542
0:0:0:0:0:0:0:1 - - [25/Dec/2025:17:22:11 +0700] "GET /api/v1/cities/all-no-page HTTP/1.1" 500 169 9751
0:0:0:0:0:0:0:1 - - [25/Dec/2025:17:22:11 +0700] "GET /api/v1/movies/98 HTTP/1.1" 200 1305 44867
0:0:0:0:0:0:0:1 - - [25/Dec/2025:17:22:11 +0700] "GET /api/v1/movies/98 HTTP/1.1" 200 1305 6487
0:0:0:0:0:0:0:1 - - [25/Dec/2025:17:22:11 +0700] "GET /api/v1/movies/search?page=0&size=7&status=NOW_SHOWING&sort=createdAt,desc HTTP/1.1" 200 4653 102748
0:0:0:0:0:0:0:1 - - [25/Dec/2025:17:22:11 +0700] "GET /api/v1/comments/movie/98?page=0&size=10&sort=createdAt,desc HTTP/1.1" 500 168 8435
0:0:0:0:0:0:0:1 - - [25/Dec/2025:17:22:11 +0700] "GET /api/v1/comments/average-rating/98 HTTP/1.1" 500 176 8883
0:0:0:0:0:0:0:1 - - [25/Dec/2025:17:22:11 +0700] "GET /api/v1/comments/movie/98?page=0&size=10&sort=createdAt,desc HTTP/1.1" 500 168 7665
0:0:0:0:0:0:0:1 - - [25/Dec/2025:17:22:11 +0700] "GET /api/v1/comments/average-rating/98 HTTP/1.1" 500 177 7821
0:0:0:0:0:0:0:1 - - [25/Dec/2025:17:22:11 +0700] "GET /api/v1/movies/search?page=0&size=7&status=NOW_SHOWING&sort=createdAt,desc HTTP/1.1" 200 4653 68553
0:0:0:0:0:0:0:1 - - [25/Dec/2025:17:22:11 +0700] "GET /api/v1/showtime/movie/98/date/2025-12-24?page=0&size=5 HTTP/1.1" 200 443 27290
0:0:0:0:0:0:0:1 - - [25/Dec/2025:17:22:11 +0700] "GET /api/v1/movies/search?page=0&size=7&status=NOW_SHOWING&sort=createdAt,desc HTTP/1.1" 200 4653 72644
0:0:0:0:0:0:0:1 - - [25/Dec/2025:17:22:11 +0700] "GET /api/v1/showtime/movie/98/date/2025-12-24?page=0&size=5 HTTP/1.1" 200 443 22761
0:0:0:0:0:0:0:1 - - [25/Dec/2025:17:33:58 +0700] "GET /api/v1/cities/all-no-page HTTP/1.1" 500 169 11312
0:0:0:0:0:0:0:1 - - [25/Dec/2025:17:33:58 +0700] "GET /api/v1/cities/all-no-page HTTP/1.1" 500 168 7824
0:0:0:0:0:0:0:1 - - [25/Dec/2025:17:33:59 +0700] "GET /api/v1/regions?page=0&size=20 HTTP/1.1" 200 2636 21077
0:0:0:0:0:0:0:1 - - [25/Dec/2025:17:33:59 +0700] "GET /api/v1/regions?page=0&size=20 HTTP/1.1" 200 2636 4301
0:0:0:0:0:0:0:1 - - [25/Dec/2025:17:33:59 +0700] "GET /api/v1/cinemas?size=1000 HTTP/1.1" 200 5711 144017
0:0:0:0:0:0:0:1 - - [25/Dec/2025:17:33:59 +0700] "GET /api/v1/cinemas?size=1000 HTTP/1.1" 200 5711 8628
0:0:0:0:0:0:0:1 - - [25/Dec/2025:17:34:02 +0700] "GET /api/v1/showtime/cinema/2/date/2025-12-25?page=0&size=5 HTTP/1.1" 200 434 15888
0:0:0:0:0:0:0:1 - - [25/Dec/2025:17:34:02 +0700] "GET /api/v1/cinemas/2 HTTP/1.1" 200 398 18967
0:0:0:0:0:0:0:1 - - [25/Dec/2025:17:34:02 +0700] "GET /api/v1/cinemas/2 HTTP/1.1" 200 399 4309
0:0:0:0:0:0:0:1 - - [25/Dec/2025:17:43:01 +0700] "GET /api/v1/cities/all-no-page HTTP/1.1" 500 169 10036
0:0:0:0:0:0:0:1 - - [25/Dec/2025:17:43:01 +0700] "GET /api/v1/cities/all-no-page HTTP/1.1" 500 169 6278
0:0:0:0:0:0:0:1 - - [25/Dec/2025:17:43:17 +0700] "GET /api/v1/regions?page=0&size=20 HTTP/1.1" 200 2636 5823
0:0:0:0:0:0:0:1 - - [25/Dec/2025:17:43:17 +0700] "GET /api/v1/cinemas?size=1000 HTTP/1.1" 200 5711 6256
0:0:0:0:0:0:0:1 - - [25/Dec/2025:17:43:17 +0700] "GET /api/v1/cinemas?size=1000 HTTP/1.1" 200 5711 7336
0:0:0:0:0:0:0:1 - - [25/Dec/2025:17:43:17 +0700] "GET /api/v1/regions?page=0&size=20 HTTP/1.1" 200 2636 7834
0:0:0:0:0:0:0:1 - - [25/Dec/2025:17:43:37 +0700] "GET /api/v1/cinemas/11 HTTP/1.1" 200 385 28879
0:0:0:0:0:0:0:1 - - [25/Dec/2025:17:43:37 +0700] "GET /api/v1/showtime/cinema/11/date/2025-12-25?page=0&size=5 HTTP/1.1" 200 434 32554
0:0:0:0:0:0:0:1 - - [25/Dec/2025:17:43:37 +0700] "GET /api/v1/cinemas/11 HTTP/1.1" 200 385 7313
0:0:0:0:0:0:0:1 - - [25/Dec/2025:17:44:57 +0700] "GET /api/v1/cinemas/11 HTTP/1.1" 200 385 4531
0:0:0:0:0:0:0:1 - - [25/Dec/2025:17:44:57 +0700] "GET /api/v1/showtime/cinema/11/date/2025-12-25?page=0&size=5 HTTP/1.1" 200 434 11462
0:0:0:0:0:0:0:1 - - [25/Dec/2025:17:45:43 +0700] "GET /api/v1/cinemas/11 HTTP/1.1" 200 385 5652
0:0:0:0:0:0:0:1 - - [25/Dec/2025:17:45:43 +0700] "GET /api/v1/showtime/cinema/11/date/2025-12-25?page=0&size=5 HTTP/1.1" 200 434 9553
0:0:0:0:0:0:0:1 - - [25/Dec/2025:17:57:29 +0700] "OPTIONS /api/v1/auth/login HTTP/1.1" 200 - 3483
0:0:0:0:0:0:0:1 - - [25/Dec/2025:17:57:30 +0700] "POST /api/v1/auth/login HTTP/1.1" 500 149 501834
0:0:0:0:0:0:0:1 - - [25/Dec/2025:17:58:35 +0700] "OPTIONS /api/v1/auth/login HTTP/1.1" 200 - 1186
0:0:0:0:0:0:0:1 - - [25/Dec/2025:17:58:35 +0700] "POST /api/v1/auth/login HTTP/1.1" 500 149 228127
0:0:0:0:0:0:0:1 - - [25/Dec/2025:18:02:52 +0700] "OPTIONS /api/v1/auth/login HTTP/1.1" 200 - 1189
0:0:0:0:0:0:0:1 - - [25/Dec/2025:18:02:52 +0700] "POST /api/v1/auth/login HTTP/1.1" 500 149 218431
0:0:0:0:0:0:0:1 - - [25/Dec/2025:18:03:22 +0700] "OPTIONS /api/v1/auth/login HTTP/1.1" 200 - 1704
0:0:0:0:0:0:0:1 - - [25/Dec/2025:18:03:22 +0700] "POST /api/v1/auth/login HTTP/1.1" 500 149 248724
0:0:0:0:0:0:0:1 - - [25/Dec/2025:18:06:59 +0700] "OPTIONS /api/v1/auth/login HTTP/1.1" 200 - 2954
0:0:0:0:0:0:0:1 - - [25/Dec/2025:18:06:59 +0700] "POST /api/v1/auth/login HTTP/1.1" 500 148 201118
0:0:0:0:0:0:0:1 - - [25/Dec/2025:18:28:13 +0700] "GET /swagger-ui/index.html HTTP/1.1" 200 734 256062
0:0:0:0:0:0:0:1 - - [25/Dec/2025:18:28:14 +0700] "GET /swagger-ui/index.css HTTP/1.1" 200 202 13130
0:0:0:0:0:0:0:1 - - [25/Dec/2025:18:28:14 +0700] "GET /swagger-ui/swagger-ui.css HTTP/1.1" 200 154986 48034
0:0:0:0:0:0:0:1 - - [25/Dec/2025:18:28:14 +0700] "GET /swagger-ui/swagger-ui-standalone-preset.js HTTP/1.1" 200 229223 56552
0:0:0:0:0:0:0:1 - - [25/Dec/2025:18:28:14 +0700] "GET /swagger-ui/swagger-ui-bundle.js HTTP/1.1" 200 1468326 89533
0:0:0:0:0:0:0:1 - - [25/Dec/2025:18:28:14 +0700] "GET /swagger-ui/swagger-initializer.js HTTP/1.1" 200 612 405711
0:0:0:0:0:0:0:1 - - [25/Dec/2025:18:28:14 +0700] "GET /api-docs/swagger-config HTTP/1.1" 200 163 31283
0:0:0:0:0:0:0:1 - - [25/Dec/2025:18:28:14 +0700] "GET /swagger-ui/favicon-32x32.png HTTP/1.1" 200 628 5566
0:0:0:0:0:0:0:1 - - [25/Dec/2025:18:28:14 +0700] "GET /swagger-ui/favicon-32x32.png HTTP/1.1" 200 628 5361
0:0:0:0:0:0:0:1 - - [25/Dec/2025:18:28:20 +0700] "GET /api-docs HTTP/1.1" 200 107443 5978424
0:0:0:0:0:0:0:1 - - [25/Dec/2025:18:29:24 +0700] "GET /api-docs HTTP/1.1" 200 107443 255945
0:0:0:0:0:0:0:1 - - [25/Dec/2025:18:29:24 +0700] "GET /favicon.ico HTTP/1.1" 500 155 19391
0:0:0:0:0:0:0:1 - - [25/Dec/2025:18:31:00 +0700] "GET /swagger-ui/index.html HTTP/1.1" 200 734 4939
0:0:0:0:0:0:0:1 - - [25/Dec/2025:18:31:00 +0700] "GET /swagger-ui/swagger-ui.css HTTP/1.1" 200 154986 4129
0:0:0:0:0:0:0:1 - - [25/Dec/2025:18:31:00 +0700] "GET /swagger-ui/index.css HTTP/1.1" 200 202 3402
0:0:0:0:0:0:0:1 - - [25/Dec/2025:18:31:00 +0700] "GET /swagger-ui/swagger-initializer.js HTTP/1.1" 200 612 3442
0:0:0:0:0:0:0:1 - - [25/Dec/2025:18:31:00 +0700] "GET /swagger-ui/swagger-ui-standalone-preset.js HTTP/1.1" 200 229223 5720
0:0:0:0:0:0:0:1 - - [25/Dec/2025:18:31:00 +0700] "GET /swagger-ui/swagger-ui-bundle.js HTTP/1.1" 200 1468326 20351
0:0:0:0:0:0:0:1 - - [25/Dec/2025:18:31:00 +0700] "GET /api-docs/swagger-config HTTP/1.1" 200 163 1906
0:0:0:0:0:0:0:1 - - [25/Dec/2025:18:31:00 +0700] "GET /api-docs HTTP/1.1" 200 107443 24969
0:0:0:0:0:0:0:1 - - [25/Dec/2025:18:31:15 +0700] "GET /swagger-ui/index.html HTTP/1.1" 200 734 3905
0:0:0:0:0:0:0:1 - - [25/Dec/2025:18:31:26 +0700] "GET /swagger-ui/index.html HTTP/1.1" 200 734 3198
0:0:0:0:0:0:0:1 - - [25/Dec/2025:18:34:48 +0700] "GET /swagger-ui/index.html HTTP/1.1" 200 734 4426
0:0:0:0:0:0:0:1 - - [25/Dec/2025:18:35:40 +0700] "GET /api-docs HTTP/1.1" 200 107443 24454
0:0:0:0:0:0:0:1 - - [25/Dec/2025:18:35:40 +0700] "GET /favicon.ico HTTP/1.1" 500 155 8233
0:0:0:0:0:0:0:1 - - [25/Dec/2025:18:35:52 +0700] "GET /api-docs HTTP/1.1" 200 107443 2102451
0:0:0:0:0:0:0:1 - - [25/Dec/2025:18:39:07 +0700] "POST /api/v1/auth/login HTTP/1.1" 200 - 102907
0:0:0:0:0:0:0:1 - - [25/Dec/2025:18:39:45 +0700] "POST /api/v1/auth/login HTTP/1.1" 500 675 182731
0:0:0:0:0:0:0:1 - - [25/Dec/2025:18:44:24 +0700] "POST /api/v1/auth/login HTTP/1.1" 500 403 879851
0:0:0:0:0:0:0:1 - - [25/Dec/2025:18:48:03 +0700] "POST /api/v1/auth/login HTTP/1.1" 500 403 751903
0:0:0:0:0:0:0:1 - - [25/Dec/2025:18:48:39 +0700] "POST /api/v1/auth/login HTTP/1.1" 200 1122 741383
0:0:0:0:0:0:0:1 - - [25/Dec/2025:18:54:35 +0700] "OPTIONS /api/v1/auth/login HTTP/1.1" 200 - 25434
0:0:0:0:0:0:0:1 - - [25/Dec/2025:18:54:36 +0700] "POST /api/v1/auth/login HTTP/1.1" 500 149 204132
0:0:0:0:0:0:0:1 - - [25/Dec/2025:18:54:37 +0700] "POST /api/v1/auth/login HTTP/1.1" 500 149 166317
0:0:0:0:0:0:0:1 - - [25/Dec/2025:18:57:06 +0700] "OPTIONS /api/v1/auth/login HTTP/1.1" 200 - 13551
0:0:0:0:0:0:0:1 - - [25/Dec/2025:18:57:07 +0700] "POST /api/v1/auth/login HTTP/1.1" 200 1122 244111
0:0:0:0:0:0:0:1 - - [25/Dec/2025:18:57:07 +0700] "OPTIONS /api/v1/auth/verify HTTP/1.1" 200 - 2088
0:0:0:0:0:0:0:1 - - [25/Dec/2025:18:57:07 +0700] "OPTIONS /api/v1/movies?page=0&size=20 HTTP/1.1" 200 - 2398
0:0:0:0:0:0:0:1 - - [25/Dec/2025:18:57:07 +0700] "OPTIONS /api/v1/movies/coming-soon?page=0&size=12 HTTP/1.1" 200 - 2037
0:0:0:0:0:0:0:1 - - [25/Dec/2025:18:57:07 +0700] "OPTIONS /api/v1/movies/now-showing?page=0&size=12 HTTP/1.1" 200 - 2137
0:0:0:0:0:0:0:1 - - [25/Dec/2025:18:57:07 +0700] "OPTIONS /api/v1/movies/top-rated?page=0&size=10 HTTP/1.1" 200 - 1819
0:0:0:0:0:0:0:1 - - [25/Dec/2025:18:57:07 +0700] "OPTIONS /api/v1/movies?page=0&size=20 HTTP/1.1" 200 - 1672
0:0:0:0:0:0:0:1 - - [25/Dec/2025:18:57:07 +0700] "OPTIONS /api/v1/movies/coming-soon?page=0&size=12 HTTP/1.1" 200 - 1854
0:0:0:0:0:0:0:1 - - [25/Dec/2025:18:57:07 +0700] "OPTIONS /api/v1/movies/now-showing?page=0&size=12 HTTP/1.1" 200 - 2757
0:0:0:0:0:0:0:1 - - [25/Dec/2025:18:57:07 +0700] "OPTIONS /api/v1/movies/top-rated?page=0&size=10 HTTP/1.1" 200 - 3718
0:0:0:0:0:0:0:1 - - [25/Dec/2025:18:57:07 +0700] "GET /api/v1/movies/now-showing?page=0&size=12 HTTP/1.1" 200 - 147066
0:0:0:0:0:0:0:1 - - [25/Dec/2025:18:57:07 +0700] "GET /api/v1/movies/coming-soon?page=0&size=12 HTTP/1.1" 200 - 148221
0:0:0:0:0:0:0:1 - - [25/Dec/2025:18:57:07 +0700] "GET /api/v1/movies?page=0&size=20 HTTP/1.1" 200 - 167231
0:0:0:0:0:0:0:1 - - [25/Dec/2025:18:57:07 +0700] "GET /api/v1/movies/top-rated?page=0&size=10 HTTP/1.1" 200 - 165638
0:0:0:0:0:0:0:1 - - [25/Dec/2025:18:57:07 +0700] "GET /api/v1/movies/now-showing?page=0&size=12 HTTP/1.1" 200 - 18727
0:0:0:0:0:0:0:1 - - [25/Dec/2025:18:57:07 +0700] "GET /api/v1/movies/coming-soon?page=0&size=12 HTTP/1.1" 200 - 17249
0:0:0:0:0:0:0:1 - - [25/Dec/2025:18:57:07 +0700] "GET /api/v1/auth/verify HTTP/1.1" 200 - 170260
0:0:0:0:0:0:0:1 - - [25/Dec/2025:18:57:07 +0700] "GET /api/v1/movies/top-rated?page=0&size=10 HTTP/1.1" 200 - 15822
0:0:0:0:0:0:0:1 - - [25/Dec/2025:18:57:07 +0700] "GET /api/v1/movies?page=0&size=20 HTTP/1.1" 200 - 15123
0:0:0:0:0:0:0:1 - - [25/Dec/2025:18:57:24 +0700] "OPTIONS /api/v1/auth/verify HTTP/1.1" 200 - 2011
0:0:0:0:0:0:0:1 - - [25/Dec/2025:18:57:24 +0700] "OPTIONS /api/v1/movies?page=0&size=20 HTTP/1.1" 200 - 1115
0:0:0:0:0:0:0:1 - - [25/Dec/2025:18:57:24 +0700] "OPTIONS /api/v1/movies/coming-soon?page=0&size=12 HTTP/1.1" 200 - 933
0:0:0:0:0:0:0:1 - - [25/Dec/2025:18:57:24 +0700] "OPTIONS /api/v1/movies/now-showing?page=0&size=12 HTTP/1.1" 200 - 1508
0:0:0:0:0:0:0:1 - - [25/Dec/2025:18:57:24 +0700] "OPTIONS /api/v1/movies/top-rated?page=0&size=10 HTTP/1.1" 200 - 1369
0:0:0:0:0:0:0:1 - - [25/Dec/2025:18:57:24 +0700] "OPTIONS /api/v1/auth/verify HTTP/1.1" 200 - 1113
0:0:0:0:0:0:0:1 - - [25/Dec/2025:18:57:24 +0700] "OPTIONS /api/v1/movies?page=0&size=20 HTTP/1.1" 200 - 3305
0:0:0:0:0:0:0:1 - - [25/Dec/2025:18:57:24 +0700] "OPTIONS /api/v1/movies/coming-soon?page=0&size=12 HTTP/1.1" 200 - 3515
0:0:0:0:0:0:0:1 - - [25/Dec/2025:18:57:24 +0700] "OPTIONS /api/v1/movies/now-showing?page=0&size=12 HTTP/1.1" 200 - 2106
0:0:0:0:0:0:0:1 - - [25/Dec/2025:18:57:24 +0700] "OPTIONS /api/v1/movies/top-rated?page=0&size=10 HTTP/1.1" 200 - 1558
0:0:0:0:0:0:0:1 - - [25/Dec/2025:18:57:24 +0700] "OPTIONS /api/v1/auth/verify HTTP/1.1" 200 - 1097
0:0:0:0:0:0:0:1 - - [25/Dec/2025:18:57:24 +0700] "GET /api/v1/auth/verify HTTP/1.1" 200 - 18300
0:0:0:0:0:0:0:1 - - [25/Dec/2025:18:57:24 +0700] "GET /api/v1/movies/coming-soon?page=0&size=12 HTTP/1.1" 200 - 16496
0:0:0:0:0:0:0:1 - - [25/Dec/2025:18:57:24 +0700] "GET /api/v1/movies?page=0&size=20 HTTP/1.1" 200 - 17203
0:0:0:0:0:0:0:1 - - [25/Dec/2025:18:57:24 +0700] "GET /api/v1/movies/top-rated?page=0&size=10 HTTP/1.1" 200 - 16952
0:0:0:0:0:0:0:1 - - [25/Dec/2025:18:57:24 +0700] "GET /api/v1/movies/now-showing?page=0&size=12 HTTP/1.1" 200 - 18362
0:0:0:0:0:0:0:1 - - [25/Dec/2025:18:57:24 +0700] "GET /api/v1/auth/verify HTTP/1.1" 200 - 12491
0:0:0:0:0:0:0:1 - - [25/Dec/2025:18:57:24 +0700] "GET /api/v1/movies?page=0&size=20 HTTP/1.1" 200 - 13692
0:0:0:0:0:0:0:1 - - [25/Dec/2025:18:57:24 +0700] "GET /api/v1/movies/coming-soon?page=0&size=12 HTTP/1.1" 200 - 14562
0:0:0:0:0:0:0:1 - - [25/Dec/2025:18:57:24 +0700] "GET /api/v1/movies/now-showing?page=0&size=12 HTTP/1.1" 200 - 13081
0:0:0:0:0:0:0:1 - - [25/Dec/2025:18:57:24 +0700] "GET /api/v1/movies/top-rated?page=0&size=10 HTTP/1.1" 200 - 13989
0:0:0:0:0:0:0:1 - - [25/Dec/2025:18:57:24 +0700] "GET /api/v1/auth/verify HTTP/1.1" 200 - 10493
0:0:0:0:0:0:0:1 - - [25/Dec/2025:20:42:58 +0700] "POST /api/v1/auth/login HTTP/1.1" 200 1122 222885
0:0:0:0:0:0:0:1 - - [25/Dec/2025:20:43:48 +0700] "POST /api/v1/auth/login HTTP/1.1" 200 1122 196869
0:0:0:0:0:0:0:1 - - [25/Dec/2025:20:46:00 +0700] "GET /api/v1/users?page=0&size=10&sortBy=createdAt&sortDir=asc HTTP/1.1" 200 - 55571
0:0:0:0:0:0:0:1 - - [25/Dec/2025:20:54:55 +0700] "GET /api/v1/users?page=0&size=10&sortBy=createdAt&sortDir=asc HTTP/1.1" 200 - 265055
0:0:0:0:0:0:0:1 - - [25/Dec/2025:21:02:31 +0700] "GET /api/v1/users?page=0&size=10&sortBy=createdAt&sortDir=asc HTTP/1.1" 200 848 472354
0:0:0:0:0:0:0:1 - - [25/Dec/2025:21:12:53 +0700] "GET /api/v1/users/1 HTTP/1.1" 200 529 53769
0:0:0:0:0:0:0:1 - - [25/Dec/2025:21:13:46 +0700] "GET /api/v1/users/2 HTTP/1.1" 404 155 41797
0:0:0:0:0:0:0:1 - - [25/Dec/2025:21:15:17 +0700] "GET /api/v1/users/1 HTTP/1.1" 200 529 39761
0:0:0:0:0:0:0:1 - - [25/Dec/2025:21:16:37 +0700] "GET /api/v1/regions HTTP/1.1" 200 2636 80115
0:0:0:0:0:0:0:1 - - [25/Dec/2025:21:18:19 +0700] "GET /api/v1/regions HTTP/1.1" 200 2678 437698
0:0:0:0:0:0:0:1 - - [25/Dec/2025:21:24:16 +0700] "OPTIONS /api/v1/auth/verify HTTP/1.1" 200 - 38709
0:0:0:0:0:0:0:1 - - [25/Dec/2025:21:24:16 +0700] "OPTIONS /api/v1/auth/verify HTTP/1.1" 200 - 35297
0:0:0:0:0:0:0:1 - - [25/Dec/2025:21:24:16 +0700] "OPTIONS /api/v1/movies/coming-soon?page=0&size=12 HTTP/1.1" 200 - 36501
0:0:0:0:0:0:0:1 - - [25/Dec/2025:21:24:16 +0700] "OPTIONS /api/v1/movies/top-rated?page=0&size=10 HTTP/1.1" 200 - 36283
0:0:0:0:0:0:0:1 - - [25/Dec/2025:21:24:16 +0700] "OPTIONS /api/v1/movies?page=0&size=20 HTTP/1.1" 200 - 39406
0:0:0:0:0:0:0:1 - - [25/Dec/2025:21:24:16 +0700] "OPTIONS /api/v1/movies/now-showing?page=0&size=12 HTTP/1.1" 200 - 37407
0:0:0:0:0:0:0:1 - - [25/Dec/2025:21:24:16 +0700] "OPTIONS /api/v1/movies/top-rated?page=0&size=10 HTTP/1.1" 200 - 2335
0:0:0:0:0:0:0:1 - - [25/Dec/2025:21:24:16 +0700] "OPTIONS /api/v1/movies?page=0&size=20 HTTP/1.1" 200 - 3531
0:0:0:0:0:0:0:1 - - [25/Dec/2025:21:24:16 +0700] "OPTIONS /api/v1/movies/coming-soon?page=0&size=12 HTTP/1.1" 200 - 2233
0:0:0:0:0:0:0:1 - - [25/Dec/2025:21:24:16 +0700] "OPTIONS /api/v1/auth/verify HTTP/1.1" 200 - 2748
0:0:0:0:0:0:0:1 - - [25/Dec/2025:21:24:16 +0700] "OPTIONS /api/v1/movies/now-showing?page=0&size=12 HTTP/1.1" 200 - 4460
0:0:0:0:0:0:0:1 - - [25/Dec/2025:21:24:16 +0700] "GET /api/v1/auth/verify HTTP/1.1" 200 315 63471
0:0:0:0:0:0:0:1 - - [25/Dec/2025:21:24:16 +0700] "GET /api/v1/auth/verify HTTP/1.1" 200 314 46667
0:0:0:0:0:0:0:1 - - [25/Dec/2025:21:24:16 +0700] "GET /api/v1/auth/verify HTTP/1.1" 200 315 39674
0:0:0:0:0:0:0:1 - - [25/Dec/2025:21:24:16 +0700] "GET /api/v1/movies/top-rated?page=0&size=10 HTTP/1.1" 404 165 289402
0:0:0:0:0:0:0:1 - - [25/Dec/2025:21:24:16 +0700] "GET /api/v1/movies/top-rated?page=0&size=10 HTTP/1.1" 404 165 55151
0:0:0:0:0:0:0:1 - - [25/Dec/2025:21:24:16 +0700] "GET /api/v1/movies/coming-soon?page=0&size=12 HTTP/1.1" 200 5956 606414
0:0:0:0:0:0:0:1 - - [25/Dec/2025:21:24:16 +0700] "GET /api/v1/movies/now-showing?page=0&size=12 HTTP/1.1" 200 7097 603934
0:0:0:0:0:0:0:1 - - [25/Dec/2025:21:24:16 +0700] "GET /api/v1/movies?page=0&size=20 HTTP/1.1" 200 11204 640665
0:0:0:0:0:0:0:1 - - [25/Dec/2025:21:24:16 +0700] "GET /api/v1/movies/now-showing?page=0&size=12 HTTP/1.1" 200 7097 62681
0:0:0:0:0:0:0:1 - - [25/Dec/2025:21:24:16 +0700] "GET /api/v1/movies/coming-soon?page=0&size=12 HTTP/1.1" 200 5956 64803
0:0:0:0:0:0:0:1 - - [25/Dec/2025:21:24:16 +0700] "GET /api/v1/movies?page=0&size=20 HTTP/1.1" 200 11204 45462
0:0:0:0:0:0:0:1 - - [25/Dec/2025:21:24:22 +0700] "POST /api/v1/auth/logout HTTP/1.1" 500 162 18049
0:0:0:0:0:0:0:1 - - [25/Dec/2025:21:27:23 +0700] "GET /api/v1/movies/coming-soon?page=0&size=12 HTTP/1.1" 200 5956 11125
0:0:0:0:0:0:0:1 - - [25/Dec/2025:21:27:23 +0700] "GET /api/v1/movies/now-showing?page=0&size=12 HTTP/1.1" 200 7097 10409
0:0:0:0:0:0:0:1 - - [25/Dec/2025:21:27:23 +0700] "GET /api/v1/movies?page=0&size=20 HTTP/1.1" 200 11204 12176
0:0:0:0:0:0:0:1 - - [25/Dec/2025:21:27:23 +0700] "GET /api/v1/movies/top-rated?page=0&size=10 HTTP/1.1" 404 165 17513
0:0:0:0:0:0:0:1 - - [25/Dec/2025:21:27:23 +0700] "GET /api/v1/movies/coming-soon?page=0&size=12 HTTP/1.1" 200 5956 8056
0:0:0:0:0:0:0:1 - - [25/Dec/2025:21:27:23 +0700] "GET /api/v1/movies?page=0&size=20 HTTP/1.1" 200 11204 6896
0:0:0:0:0:0:0:1 - - [25/Dec/2025:21:27:23 +0700] "GET /api/v1/movies/now-showing?page=0&size=12 HTTP/1.1" 200 7097 6933
0:0:0:0:0:0:0:1 - - [25/Dec/2025:21:27:23 +0700] "GET /api/v1/movies/top-rated?page=0&size=10 HTTP/1.1" 404 165 14032
0:0:0:0:0:0:0:1 - - [25/Dec/2025:21:28:27 +0700] "GET /api/v1/movies/coming-soon?page=0&size=12 HTTP/1.1" 200 5956 8665
0:0:0:0:0:0:0:1 - - [25/Dec/2025:21:28:27 +0700] "GET /api/v1/movies/now-showing?page=0&size=12 HTTP/1.1" 200 7097 7232
0:0:0:0:0:0:0:1 - - [25/Dec/2025:21:28:27 +0700] "GET /api/v1/movies?page=0&size=20 HTTP/1.1" 200 11204 9708
0:0:0:0:0:0:0:1 - - [25/Dec/2025:21:28:27 +0700] "GET /api/v1/movies/top-rated?page=0&size=10 HTTP/1.1" 404 165 13977
0:0:0:0:0:0:0:1 - - [25/Dec/2025:21:28:27 +0700] "GET /api/v1/movies/coming-soon?page=0&size=12 HTTP/1.1" 200 5956 6281
0:0:0:0:0:0:0:1 - - [25/Dec/2025:21:28:27 +0700] "GET /api/v1/movies/now-showing?page=0&size=12 HTTP/1.1" 200 7097 5989
0:0:0:0:0:0:0:1 - - [25/Dec/2025:21:28:27 +0700] "GET /api/v1/movies?page=0&size=20 HTTP/1.1" 200 11204 6725
0:0:0:0:0:0:0:1 - - [25/Dec/2025:21:28:27 +0700] "GET /api/v1/movies/top-rated?page=0&size=10 HTTP/1.1" 404 165 12489
0:0:0:0:0:0:0:1 - - [25/Dec/2025:21:28:44 +0700] "OPTIONS /api/v1/auth/login HTTP/1.1" 200 - 1969
0:0:0:0:0:0:0:1 - - [25/Dec/2025:21:28:44 +0700] "POST /api/v1/auth/login HTTP/1.1" 500 141 391702
0:0:0:0:0:0:0:1 - - [25/Dec/2025:21:28:49 +0700] "OPTIONS /api/v1/auth/login HTTP/1.1" 200 - 1143
0:0:0:0:0:0:0:1 - - [25/Dec/2025:21:28:50 +0700] "POST /api/v1/auth/login HTTP/1.1" 500 141 168851
0:0:0:0:0:0:0:1 - - [25/Dec/2025:21:30:51 +0700] "OPTIONS /api/v1/auth/login HTTP/1.1" 200 - 101636
0:0:0:0:0:0:0:1 - - [25/Dec/2025:21:30:51 +0700] "POST /api/v1/auth/login HTTP/1.1" 500 166 442040
0:0:0:0:0:0:0:1 - - [25/Dec/2025:21:32:09 +0700] "OPTIONS /api/v1/auth/login HTTP/1.1" 200 - 103623
0:0:0:0:0:0:0:1 - - [25/Dec/2025:21:32:09 +0700] "POST /api/v1/auth/login HTTP/1.1" 500 166 381948
0:0:0:0:0:0:0:1 - - [25/Dec/2025:21:33:01 +0700] "OPTIONS /api/v1/auth/login HTTP/1.1" 200 - 87280
0:0:0:0:0:0:0:1 - - [25/Dec/2025:21:33:01 +0700] "POST /api/v1/auth/login HTTP/1.1" 400 764 337902
0:0:0:0:0:0:0:1 - - [25/Dec/2025:21:34:11 +0700] "OPTIONS /api/v1/auth/login HTTP/1.1" 200 - 106476
0:0:0:0:0:0:0:1 - - [25/Dec/2025:21:34:12 +0700] "POST /api/v1/auth/login HTTP/1.1" 400 750 293236
0:0:0:0:0:0:0:1 - - [25/Dec/2025:21:35:40 +0700] "OPTIONS /api/v1/auth/login HTTP/1.1" 200 - 121192
0:0:0:0:0:0:0:1 - - [25/Dec/2025:21:35:41 +0700] "POST /api/v1/auth/login HTTP/1.1" 400 158 309510
0:0:0:0:0:0:0:1 - - [25/Dec/2025:21:42:17 +0700] "OPTIONS /api/v1/auth/login HTTP/1.1" 200 - 4537
0:0:0:0:0:0:0:1 - - [25/Dec/2025:21:42:17 +0700] "POST /api/v1/auth/login HTTP/1.1" 400 158 10428
0:0:0:0:0:0:0:1 - - [25/Dec/2025:21:45:05 +0700] "OPTIONS /api/v1/auth/login HTTP/1.1" 200 - 2193
0:0:0:0:0:0:0:1 - - [25/Dec/2025:21:45:05 +0700] "POST /api/v1/auth/login HTTP/1.1" 400 158 5699
0:0:0:0:0:0:0:1 - - [25/Dec/2025:21:45:10 +0700] "POST /api/v1/auth/login HTTP/1.1" 400 158 7437
0:0:0:0:0:0:0:1 - - [25/Dec/2025:21:45:13 +0700] "OPTIONS /api/v1/auth/login HTTP/1.1" 200 - 1755
0:0:0:0:0:0:0:1 - - [25/Dec/2025:21:45:13 +0700] "POST /api/v1/auth/login HTTP/1.1" 400 158 7055
0:0:0:0:0:0:0:1 - - [25/Dec/2025:21:45:16 +0700] "POST /api/v1/auth/login HTTP/1.1" 400 158 6898
0:0:0:0:0:0:0:1 - - [25/Dec/2025:21:45:24 +0700] "OPTIONS /api/v1/auth/login HTTP/1.1" 200 - 1753
0:0:0:0:0:0:0:1 - - [25/Dec/2025:21:45:24 +0700] "POST /api/v1/auth/login HTTP/1.1" 400 157 5212
0:0:0:0:0:0:0:1 - - [25/Dec/2025:21:45:39 +0700] "OPTIONS /api/v1/auth/login HTTP/1.1" 200 - 3689
0:0:0:0:0:0:0:1 - - [25/Dec/2025:21:45:39 +0700] "POST /api/v1/auth/login HTTP/1.1" 500 151 410028
0:0:0:0:0:0:0:1 - - [25/Dec/2025:21:45:43 +0700] "POST /api/v1/auth/login HTTP/1.1" 500 151 181225
0:0:0:0:0:0:0:1 - - [25/Dec/2025:21:50:21 +0700] "OPTIONS /api/v1/auth/login HTTP/1.1" 200 - 1681
0:0:0:0:0:0:0:1 - - [25/Dec/2025:21:50:22 +0700] "POST /api/v1/auth/login HTTP/1.1" 500 151 167221
0:0:0:0:0:0:0:1 - - [25/Dec/2025:21:57:56 +0700] "OPTIONS /api/v1/auth/login HTTP/1.1" 200 - 140203
0:0:0:0:0:0:0:1 - - [25/Dec/2025:21:57:57 +0700] "POST /api/v1/auth/login HTTP/1.1" 401 159 773235
0:0:0:0:0:0:0:1 - - [25/Dec/2025:21:58:22 +0700] "OPTIONS /api/v1/auth/login HTTP/1.1" 200 - 4632
0:0:0:0:0:0:0:1 - - [25/Dec/2025:21:58:22 +0700] "POST /api/v1/auth/login HTTP/1.1" 200 1164 535242
0:0:0:0:0:0:0:1 - - [25/Dec/2025:21:58:22 +0700] "OPTIONS /api/v1/movies?page=0&size=20 HTTP/1.1" 200 - 2250
0:0:0:0:0:0:0:1 - - [25/Dec/2025:21:58:22 +0700] "OPTIONS /api/v1/movies/coming-soon?page=0&size=12 HTTP/1.1" 200 - 4357
0:0:0:0:0:0:0:1 - - [25/Dec/2025:21:58:22 +0700] "OPTIONS /api/v1/movies/top-rated?page=0&size=10 HTTP/1.1" 200 - 4809
0:0:0:0:0:0:0:1 - - [25/Dec/2025:21:58:22 +0700] "OPTIONS /api/v1/movies/now-showing?page=0&size=12 HTTP/1.1" 200 - 5535
0:0:0:0:0:0:0:1 - - [25/Dec/2025:21:58:22 +0700] "OPTIONS /api/v1/movies?page=0&size=20 HTTP/1.1" 200 - 4631
0:0:0:0:0:0:0:1 - - [25/Dec/2025:21:58:22 +0700] "OPTIONS /api/v1/movies/now-showing?page=0&size=12 HTTP/1.1" 200 - 3063
0:0:0:0:0:0:0:1 - - [25/Dec/2025:21:58:22 +0700] "OPTIONS /api/v1/movies/coming-soon?page=0&size=12 HTTP/1.1" 200 - 3522
0:0:0:0:0:0:0:1 - - [25/Dec/2025:21:58:22 +0700] "OPTIONS /api/v1/movies/top-rated?page=0&size=10 HTTP/1.1" 200 - 3220
0:0:0:0:0:0:0:1 - - [25/Dec/2025:21:58:23 +0700] "GET /api/v1/movies/top-rated?page=0&size=10 HTTP/1.1" 404 165 283508
0:0:0:0:0:0:0:1 - - [25/Dec/2025:21:58:23 +0700] "GET /api/v1/movies/top-rated?page=0&size=10 HTTP/1.1" 404 165 57974
0:0:0:0:0:0:0:1 - - [25/Dec/2025:21:58:23 +0700] "GET /api/v1/movies/coming-soon?page=0&size=12 HTTP/1.1" 200 5956 475317
0:0:0:0:0:0:0:1 - - [25/Dec/2025:21:58:23 +0700] "GET /api/v1/movies/now-showing?page=0&size=12 HTTP/1.1" 200 7097 475534
0:0:0:0:0:0:0:1 - - [25/Dec/2025:21:58:23 +0700] "GET /api/v1/movies/now-showing?page=0&size=12 HTTP/1.1" 200 7097 49946
0:0:0:0:0:0:0:1 - - [25/Dec/2025:21:58:23 +0700] "GET /api/v1/movies/coming-soon?page=0&size=12 HTTP/1.1" 200 5956 50191
0:0:0:0:0:0:0:1 - - [25/Dec/2025:21:58:23 +0700] "GET /api/v1/movies?page=0&size=20 HTTP/1.1" 200 11204 562531
0:0:0:0:0:0:0:1 - - [25/Dec/2025:21:58:23 +0700] "GET /api/v1/movies?page=0&size=20 HTTP/1.1" 200 11204 47381
0:0:0:0:0:0:0:1 - - [25/Dec/2025:21:58:40 +0700] "OPTIONS /api/v1/movies/search?page=0&size=7&status=NOW_SHOWING&sort=createdAt,desc HTTP/1.1" 200 - 1565
0:0:0:0:0:0:0:1 - - [25/Dec/2025:21:58:40 +0700] "OPTIONS /api/v1/movies/search?page=0&size=7&status=NOW_SHOWING&sort=createdAt,desc HTTP/1.1" 200 - 1344
0:0:0:0:0:0:0:1 - - [25/Dec/2025:21:58:40 +0700] "OPTIONS /api/v1/movies/119 HTTP/1.1" 200 - 3890
0:0:0:0:0:0:0:1 - - [25/Dec/2025:21:58:40 +0700] "OPTIONS /api/v1/movies/119 HTTP/1.1" 200 - 8788
0:0:0:0:0:0:0:1 - - [25/Dec/2025:21:58:40 +0700] "OPTIONS /api/v1/cities/all-no-page HTTP/1.1" 200 - 26539
0:0:0:0:0:0:0:1 - - [25/Dec/2025:21:58:40 +0700] "OPTIONS /api/v1/cities/all-no-page HTTP/1.1" 200 - 26724
0:0:0:0:0:0:0:1 - - [25/Dec/2025:21:58:40 +0700] "GET /api/v1/cities/all-no-page HTTP/1.1" 500 168 41600
0:0:0:0:0:0:0:1 - - [25/Dec/2025:21:58:40 +0700] "GET /api/v1/movies/119 HTTP/1.1" 200 1230 85786
0:0:0:0:0:0:0:1 - - [25/Dec/2025:21:58:40 +0700] "GET /api/v1/cities/all-no-page HTTP/1.1" 500 168 26589
0:0:0:0:0:0:0:1 - - [25/Dec/2025:21:58:40 +0700] "GET /api/v1/movies/119 HTTP/1.1" 200 1230 46052
0:0:0:0:0:0:0:1 - - [25/Dec/2025:21:58:40 +0700] "OPTIONS /api/v1/showtime/movie/119/date/2025-12-24?page=0&size=5 HTTP/1.1" 200 - 2057
0:0:0:0:0:0:0:1 - - [25/Dec/2025:21:58:40 +0700] "GET /api/v1/movies/search?page=0&size=7&status=NOW_SHOWING&sort=createdAt,desc HTTP/1.1" 200 4695 217162
0:0:0:0:0:0:0:1 - - [25/Dec/2025:21:58:40 +0700] "GET /api/v1/showtime/movie/119/date/2025-12-24?page=0&size=5 HTTP/1.1" 200 443 98293
0:0:0:0:0:0:0:1 - - [25/Dec/2025:21:58:40 +0700] "GET /api/v1/showtime/movie/119/date/2025-12-24?page=0&size=5 HTTP/1.1" 200 443 46448
0:0:0:0:0:0:0:1 - - [25/Dec/2025:21:58:40 +0700] "GET /api/v1/movies/search?page=0&size=7&status=NOW_SHOWING&sort=createdAt,desc HTTP/1.1" 200 4695 120535
0:0:0:0:0:0:0:1 - - [25/Dec/2025:21:58:40 +0700] "GET /api/v1/movies/search?page=0&size=7&status=NOW_SHOWING&sort=createdAt,desc HTTP/1.1" 200 4695 111743
0:0:0:0:0:0:0:1 - - [25/Dec/2025:21:59:33 +0700] "OPTIONS /api/v1/cities/all-no-page HTTP/1.1" 200 - 2346
0:0:0:0:0:0:0:1 - - [25/Dec/2025:21:59:33 +0700] "OPTIONS /api/v1/cities/all-no-page HTTP/1.1" 200 - 2595
0:0:0:0:0:0:0:1 - - [25/Dec/2025:21:59:33 +0700] "GET /api/v1/cities/all-no-page HTTP/1.1" 500 169 28039
0:0:0:0:0:0:0:1 - - [25/Dec/2025:21:59:33 +0700] "GET /api/v1/cities/all-no-page HTTP/1.1" 500 167 22345
0:0:0:0:0:0:0:1 - - [25/Dec/2025:21:59:35 +0700] "OPTIONS /api/v1/regions?page=0&size=20 HTTP/1.1" 200 - 892
0:0:0:0:0:0:0:1 - - [25/Dec/2025:21:59:35 +0700] "OPTIONS /api/v1/cinemas?size=1000 HTTP/1.1" 200 - 1225
0:0:0:0:0:0:0:1 - - [25/Dec/2025:21:59:35 +0700] "OPTIONS /api/v1/cinemas?size=1000 HTTP/1.1" 200 - 812
0:0:0:0:0:0:0:1 - - [25/Dec/2025:21:59:35 +0700] "OPTIONS /api/v1/regions?page=0&size=20 HTTP/1.1" 200 - 731
0:0:0:0:0:0:0:1 - - [25/Dec/2025:21:59:35 +0700] "GET /api/v1/regions?page=0&size=20 HTTP/1.1" 200 2678 44579
0:0:0:0:0:0:0:1 - - [25/Dec/2025:21:59:35 +0700] "GET /api/v1/regions?page=0&size=20 HTTP/1.1" 200 2678 19496
0:0:0:0:0:0:0:1 - - [25/Dec/2025:21:59:35 +0700] "GET /api/v1/cinemas?size=1000 HTTP/1.1" 200 5711 204182
0:0:0:0:0:0:0:1 - - [25/Dec/2025:21:59:35 +0700] "GET /api/v1/cinemas?size=1000 HTTP/1.1" 200 5711 24653
0:0:0:0:0:0:0:1 - - [25/Dec/2025:21:59:38 +0700] "OPTIONS /api/v1/movies/coming-soon?page=0&size=12 HTTP/1.1" 200 - 1081
0:0:0:0:0:0:0:1 - - [25/Dec/2025:21:59:38 +0700] "OPTIONS /api/v1/movies/now-showing?page=0&size=12 HTTP/1.1" 200 - 1015
0:0:0:0:0:0:0:1 - - [25/Dec/2025:21:59:38 +0700] "OPTIONS /api/v1/movies?page=0&size=20 HTTP/1.1" 200 - 1530
0:0:0:0:0:0:0:1 - - [25/Dec/2025:21:59:38 +0700] "OPTIONS /api/v1/movies/coming-soon?page=0&size=12 HTTP/1.1" 200 - 858
0:0:0:0:0:0:0:1 - - [25/Dec/2025:21:59:38 +0700] "OPTIONS /api/v1/movies/top-rated?page=0&size=10 HTTP/1.1" 200 - 985
0:0:0:0:0:0:0:1 - - [25/Dec/2025:21:59:38 +0700] "OPTIONS /api/v1/movies?page=0&size=20 HTTP/1.1" 200 - 794
0:0:0:0:0:0:0:1 - - [25/Dec/2025:21:59:38 +0700] "OPTIONS /api/v1/movies/top-rated?page=0&size=10 HTTP/1.1" 200 - 780
0:0:0:0:0:0:0:1 - - [25/Dec/2025:21:59:38 +0700] "OPTIONS /api/v1/movies/now-showing?page=0&size=12 HTTP/1.1" 200 - 1057
0:0:0:0:0:0:0:1 - - [25/Dec/2025:21:59:38 +0700] "GET /api/v1/movies?page=0&size=20 HTTP/1.1" 200 11204 22223
0:0:0:0:0:0:0:1 - - [25/Dec/2025:21:59:38 +0700] "GET /api/v1/movies/now-showing?page=0&size=12 HTTP/1.1" 200 7097 23298
0:0:0:0:0:0:0:1 - - [25/Dec/2025:21:59:38 +0700] "GET /api/v1/movies/coming-soon?page=0&size=12 HTTP/1.1" 200 5956 22562
0:0:0:0:0:0:0:1 - - [25/Dec/2025:21:59:38 +0700] "GET /api/v1/movies/top-rated?page=0&size=10 HTTP/1.1" 404 165 30558
0:0:0:0:0:0:0:1 - - [25/Dec/2025:21:59:38 +0700] "GET /api/v1/movies/coming-soon?page=0&size=12 HTTP/1.1" 200 5956 26465
0:0:0:0:0:0:0:1 - - [25/Dec/2025:21:59:38 +0700] "GET /api/v1/movies/now-showing?page=0&size=12 HTTP/1.1" 200 7097 26465
0:0:0:0:0:0:0:1 - - [25/Dec/2025:21:59:38 +0700] "GET /api/v1/movies?page=0&size=20 HTTP/1.1" 200 11204 26082
0:0:0:0:0:0:0:1 - - [25/Dec/2025:21:59:38 +0700] "GET /api/v1/movies/top-rated?page=0&size=10 HTTP/1.1" 404 165 31086
0:0:0:0:0:0:0:1 - - [25/Dec/2025:21:59:40 +0700] "OPTIONS /api/v1/movies/120 HTTP/1.1" 200 - 1522
0:0:0:0:0:0:0:1 - - [25/Dec/2025:21:59:40 +0700] "OPTIONS /api/v1/movies/search?page=0&size=7&status=NOW_SHOWING&sort=createdAt,desc HTTP/1.1" 200 - 1059
0:0:0:0:0:0:0:1 - - [25/Dec/2025:21:59:40 +0700] "OPTIONS /api/v1/cities/all-no-page HTTP/1.1" 200 - 2346
0:0:0:0:0:0:0:1 - - [25/Dec/2025:21:59:40 +0700] "OPTIONS /api/v1/movies/search?page=0&size=7&status=NOW_SHOWING&sort=createdAt,desc HTTP/1.1" 200 - 1932
0:0:0:0:0:0:0:1 - - [25/Dec/2025:21:59:40 +0700] "OPTIONS /api/v1/cities/all-no-page HTTP/1.1" 200 - 2415
0:0:0:0:0:0:0:1 - - [25/Dec/2025:21:59:40 +0700] "OPTIONS /api/v1/movies/120 HTTP/1.1" 200 - 2605
0:0:0:0:0:0:0:1 - - [25/Dec/2025:21:59:40 +0700] "GET /api/v1/cities/all-no-page HTTP/1.1" 500 169 38136
0:0:0:0:0:0:0:1 - - [25/Dec/2025:21:59:41 +0700] "GET /api/v1/movies/120 HTTP/1.1" 200 1237 56310
0:0:0:0:0:0:0:1 - - [25/Dec/2025:21:59:41 +0700] "GET /api/v1/cities/all-no-page HTTP/1.1" 500 169 17853
0:0:0:0:0:0:0:1 - - [25/Dec/2025:21:59:41 +0700] "GET /api/v1/movies/120 HTTP/1.1" 200 1237 15812
0:0:0:0:0:0:0:1 - - [25/Dec/2025:21:59:41 +0700] "GET /api/v1/movies/search?page=0&size=7&status=NOW_SHOWING&sort=createdAt,desc HTTP/1.1" 200 4695 100907
0:0:0:0:0:0:0:1 - - [25/Dec/2025:21:59:41 +0700] "OPTIONS /api/v1/showtime/movie/120/date/2025-12-24?page=0&size=5 HTTP/1.1" 200 - 1289
0:0:0:0:0:0:0:1 - - [25/Dec/2025:21:59:41 +0700] "GET /api/v1/movies/search?page=0&size=7&status=NOW_SHOWING&sort=createdAt,desc HTTP/1.1" 200 4695 72500
0:0:0:0:0:0:0:1 - - [25/Dec/2025:21:59:41 +0700] "GET /api/v1/showtime/movie/120/date/2025-12-24?page=0&size=5 HTTP/1.1" 200 443 28974
0:0:0:0:0:0:0:1 - - [25/Dec/2025:21:59:41 +0700] "GET /api/v1/movies/search?page=0&size=7&status=NOW_SHOWING&sort=createdAt,desc HTTP/1.1" 200 4695 81100
0:0:0:0:0:0:0:1 - - [25/Dec/2025:21:59:41 +0700] "GET /api/v1/showtime/movie/120/date/2025-12-24?page=0&size=5 HTTP/1.1" 200 443 40968
0:0:0:0:0:0:0:1 - - [25/Dec/2025:21:59:57 +0700] "OPTIONS /api/v1/movies?page=0&size=20 HTTP/1.1" 200 - 1390
0:0:0:0:0:0:0:1 - - [25/Dec/2025:21:59:57 +0700] "OPTIONS /api/v1/movies/top-rated?page=0&size=10 HTTP/1.1" 200 - 1175
0:0:0:0:0:0:0:1 - - [25/Dec/2025:21:59:57 +0700] "OPTIONS /api/v1/movies/now-showing?page=0&size=12 HTTP/1.1" 200 - 1294
0:0:0:0:0:0:0:1 - - [25/Dec/2025:21:59:57 +0700] "OPTIONS /api/v1/movies/coming-soon?page=0&size=12 HTTP/1.1" 200 - 1361
0:0:0:0:0:0:0:1 - - [25/Dec/2025:21:59:57 +0700] "OPTIONS /api/v1/movies/coming-soon?page=0&size=12 HTTP/1.1" 200 - 1246
0:0:0:0:0:0:0:1 - - [25/Dec/2025:21:59:57 +0700] "OPTIONS /api/v1/movies?page=0&size=20 HTTP/1.1" 200 - 1329
0:0:0:0:0:0:0:1 - - [25/Dec/2025:21:59:57 +0700] "OPTIONS /api/v1/movies/now-showing?page=0&size=12 HTTP/1.1" 200 - 1478
0:0:0:0:0:0:0:1 - - [25/Dec/2025:21:59:57 +0700] "OPTIONS /api/v1/movies/top-rated?page=0&size=10 HTTP/1.1" 200 - 1030
0:0:0:0:0:0:0:1 - - [25/Dec/2025:21:59:57 +0700] "GET /api/v1/movies/now-showing?page=0&size=12 HTTP/1.1" 200 7097 19495
0:0:0:0:0:0:0:1 - - [25/Dec/2025:21:59:57 +0700] "GET /api/v1/movies?page=0&size=20 HTTP/1.1" 200 11204 19655
0:0:0:0:0:0:0:1 - - [25/Dec/2025:21:59:57 +0700] "GET /api/v1/movies/coming-soon?page=0&size=12 HTTP/1.1" 200 5956 19660
0:0:0:0:0:0:0:1 - - [25/Dec/2025:21:59:57 +0700] "GET /api/v1/movies/top-rated?page=0&size=10 HTTP/1.1" 404 165 28179
0:0:0:0:0:0:0:1 - - [25/Dec/2025:21:59:57 +0700] "GET /api/v1/movies/coming-soon?page=0&size=12 HTTP/1.1" 200 5956 22785
0:0:0:0:0:0:0:1 - - [25/Dec/2025:21:59:57 +0700] "GET /api/v1/movies/now-showing?page=0&size=12 HTTP/1.1" 200 7097 23234
0:0:0:0:0:0:0:1 - - [25/Dec/2025:21:59:57 +0700] "GET /api/v1/movies?page=0&size=20 HTTP/1.1" 200 11204 23352
0:0:0:0:0:0:0:1 - - [25/Dec/2025:21:59:57 +0700] "GET /api/v1/movies/top-rated?page=0&size=10 HTTP/1.1" 404 165 28517
0:0:0:0:0:0:0:1 - - [25/Dec/2025:22:00:01 +0700] "OPTIONS /api/v1/cities/all-no-page HTTP/1.1" 200 - 1542
0:0:0:0:0:0:0:1 - - [25/Dec/2025:22:00:01 +0700] "OPTIONS /api/v1/cities/all-no-page HTTP/1.1" 200 - 991
0:0:0:0:0:0:0:1 - - [25/Dec/2025:22:00:01 +0700] "OPTIONS /api/v1/movies/search?page=0&size=7&status=NOW_SHOWING&sort=createdAt,desc HTTP/1.1" 200 - 1133
0:0:0:0:0:0:0:1 - - [25/Dec/2025:22:00:01 +0700] "OPTIONS /api/v1/movies/96 HTTP/1.1" 200 - 1394
0:0:0:0:0:0:0:1 - - [25/Dec/2025:22:00:01 +0700] "OPTIONS /api/v1/movies/search?page=0&size=7&status=NOW_SHOWING&sort=createdAt,desc HTTP/1.1" 200 - 727
0:0:0:0:0:0:0:1 - - [25/Dec/2025:22:00:01 +0700] "OPTIONS /api/v1/movies/96 HTTP/1.1" 200 - 1046
0:0:0:0:0:0:0:1 - - [25/Dec/2025:22:00:01 +0700] "GET /api/v1/cities/all-no-page HTTP/1.1" 500 169 20509
0:0:0:0:0:0:0:1 - - [25/Dec/2025:22:00:01 +0700] "GET /api/v1/movies/96 HTTP/1.1" 200 1259 36435
0:0:0:0:0:0:0:1 - - [25/Dec/2025:22:00:01 +0700] "GET /api/v1/cities/all-no-page HTTP/1.1" 500 169 15821
0:0:0:0:0:0:0:1 - - [25/Dec/2025:22:00:01 +0700] "GET /api/v1/movies/96 HTTP/1.1" 200 1259 12791
0:0:0:0:0:0:0:1 - - [25/Dec/2025:22:00:01 +0700] "GET /api/v1/movies/search?page=0&size=7&status=NOW_SHOWING&sort=createdAt,desc HTTP/1.1" 200 4695 73085
0:0:0:0:0:0:0:1 - - [25/Dec/2025:22:00:01 +0700] "OPTIONS /api/v1/comments/average-rating/96 HTTP/1.1" 200 - 1429
0:0:0:0:0:0:0:1 - - [25/Dec/2025:22:00:01 +0700] "OPTIONS /api/v1/comments/movie/96?page=0&size=10&sort=createdAt,desc HTTP/1.1" 200 - 1676
0:0:0:0:0:0:0:1 - - [25/Dec/2025:22:00:01 +0700] "OPTIONS /api/v1/showtime/movie/96/date/2025-12-24?page=0&size=5 HTTP/1.1" 200 - 1264
0:0:0:0:0:0:0:1 - - [25/Dec/2025:22:00:01 +0700] "OPTIONS /api/v1/comments/movie/96?page=0&size=10&sort=createdAt,desc HTTP/1.1" 200 - 1700
0:0:0:0:0:0:0:1 - - [25/Dec/2025:22:00:01 +0700] "OPTIONS /api/v1/comments/average-rating/96 HTTP/1.1" 200 - 1430
0:0:0:0:0:0:0:1 - - [25/Dec/2025:22:00:01 +0700] "GET /api/v1/movies/search?page=0&size=7&status=NOW_SHOWING&sort=createdAt,desc HTTP/1.1" 200 4695 74824
0:0:0:0:0:0:0:1 - - [25/Dec/2025:22:00:01 +0700] "GET /api/v1/comments/average-rating/96 HTTP/1.1" 500 177 13982
0:0:0:0:0:0:0:1 - - [25/Dec/2025:22:00:01 +0700] "GET /api/v1/comments/movie/96?page=0&size=10&sort=createdAt,desc HTTP/1.1" 500 167 14074
0:0:0:0:0:0:0:1 - - [25/Dec/2025:22:00:01 +0700] "GET /api/v1/showtime/movie/96/date/2025-12-24?page=0&size=5 HTTP/1.1" 200 442 28966
0:0:0:0:0:0:0:1 - - [25/Dec/2025:22:00:01 +0700] "GET /api/v1/comments/movie/96?page=0&size=10&sort=createdAt,desc HTTP/1.1" 500 168 16738
0:0:0:0:0:0:0:1 - - [25/Dec/2025:22:00:01 +0700] "GET /api/v1/comments/average-rating/96 HTTP/1.1" 500 177 16757
0:0:0:0:0:0:0:1 - - [25/Dec/2025:22:00:01 +0700] "GET /api/v1/movies/search?page=0&size=7&status=NOW_SHOWING&sort=createdAt,desc HTTP/1.1" 200 4695 64015
0:0:0:0:0:0:0:1 - - [25/Dec/2025:22:00:01 +0700] "GET /api/v1/showtime/movie/96/date/2025-12-24?page=0&size=5 HTTP/1.1" 200 443 34099
0:0:0:0:0:0:0:1 - - [25/Dec/2025:22:00:53 +0700] "OPTIONS /api/v1/movies/96 HTTP/1.1" 200 - 1954
0:0:0:0:0:0:0:1 - - [25/Dec/2025:22:00:53 +0700] "GET /api/v1/movies/96 HTTP/1.1" 200 1259 14788
0:0:0:0:0:0:0:1 - - [25/Dec/2025:22:00:54 +0700] "OPTIONS /api/v1/comments/movie/96?page=0&size=10&sort=createdAt,desc HTTP/1.1" 200 - 3265
0:0:0:0:0:0:0:1 - - [25/Dec/2025:22:00:54 +0700] "OPTIONS /api/v1/comments/average-rating/96 HTTP/1.1" 200 - 2856
0:0:0:0:0:0:0:1 - - [25/Dec/2025:22:00:54 +0700] "OPTIONS /api/v1/showtime/movie/96/date/2025-12-24?page=0&size=5 HTTP/1.1" 200 - 2604
0:0:0:0:0:0:0:1 - - [25/Dec/2025:22:00:54 +0700] "OPTIONS /api/v1/comments/movie/96?page=0&size=10&sort=createdAt,desc HTTP/1.1" 200 - 3116
0:0:0:0:0:0:0:1 - - [25/Dec/2025:22:00:54 +0700] "OPTIONS /api/v1/comments/average-rating/96 HTTP/1.1" 200 - 2340
0:0:0:0:0:0:0:1 - - [25/Dec/2025:22:00:54 +0700] "GET /api/v1/comments/movie/96?page=0&size=10&sort=createdAt,desc HTTP/1.1" 500 167 24126
0:0:0:0:0:0:0:1 - - [25/Dec/2025:22:00:54 +0700] "GET /api/v1/comments/average-rating/96 HTTP/1.1" 500 176 22167
0:0:0:0:0:0:0:1 - - [25/Dec/2025:22:00:54 +0700] "GET /api/v1/showtime/movie/96/date/2025-12-24?page=0&size=5 HTTP/1.1" 200 443 51152
0:0:0:0:0:0:0:1 - - [25/Dec/2025:22:00:54 +0700] "GET /api/v1/comments/average-rating/96 HTTP/1.1" 500 177 33924
0:0:0:0:0:0:0:1 - - [25/Dec/2025:22:00:54 +0700] "GET /api/v1/comments/movie/96?page=0&size=10&sort=createdAt,desc HTTP/1.1" 500 168 34072
0:0:0:0:0:0:0:1 - - [25/Dec/2025:22:01:05 +0700] "OPTIONS /api/v1/movies/96 HTTP/1.1" 200 - 3401
0:0:0:0:0:0:0:1 - - [25/Dec/2025:22:01:05 +0700] "GET /api/v1/movies/96 HTTP/1.1" 200 1259 16981
0:0:0:0:0:0:0:1 - - [25/Dec/2025:22:01:06 +0700] "OPTIONS /api/v1/comments/average-rating/96 HTTP/1.1" 200 - 1779
0:0:0:0:0:0:0:1 - - [25/Dec/2025:22:01:06 +0700] "OPTIONS /api/v1/showtime/movie/96/date/2025-12-24?page=0&size=5 HTTP/1.1" 200 - 1060
0:0:0:0:0:0:0:1 - - [25/Dec/2025:22:01:06 +0700] "OPTIONS /api/v1/comments/movie/96?page=0&size=10&sort=createdAt,desc HTTP/1.1" 200 - 1930
0:0:0:0:0:0:0:1 - - [25/Dec/2025:22:01:06 +0700] "OPTIONS /api/v1/comments/movie/96?page=0&size=10&sort=createdAt,desc HTTP/1.1" 200 - 1554
0:0:0:0:0:0:0:1 - - [25/Dec/2025:22:01:06 +0700] "OPTIONS /api/v1/comments/average-rating/96 HTTP/1.1" 200 - 1622
0:0:0:0:0:0:0:1 - - [25/Dec/2025:22:01:06 +0700] "GET /api/v1/comments/average-rating/96 HTTP/1.1" 500 177 20515
0:0:0:0:0:0:0:1 - - [25/Dec/2025:22:01:06 +0700] "GET /api/v1/comments/movie/96?page=0&size=10&sort=createdAt,desc HTTP/1.1" 500 168 20453
0:0:0:0:0:0:0:1 - - [25/Dec/2025:22:01:06 +0700] "GET /api/v1/showtime/movie/96/date/2025-12-24?page=0&size=5 HTTP/1.1" 200 443 38627
0:0:0:0:0:0:0:1 - - [25/Dec/2025:22:01:06 +0700] "GET /api/v1/comments/average-rating/96 HTTP/1.1" 500 177 21431
0:0:0:0:0:0:0:1 - - [25/Dec/2025:22:01:06 +0700] "GET /api/v1/comments/movie/96?page=0&size=10&sort=createdAt,desc HTTP/1.1" 500 168 21433
0:0:0:0:0:0:0:1 - - [25/Dec/2025:22:01:20 +0700] "OPTIONS /api/v1/movies/96 HTTP/1.1" 200 - 1410
0:0:0:0:0:0:0:1 - - [25/Dec/2025:22:01:20 +0700] "GET /api/v1/movies/96 HTTP/1.1" 200 1259 16842
0:0:0:0:0:0:0:1 - - [25/Dec/2025:22:01:21 +0700] "OPTIONS /api/v1/comments/movie/96?page=0&size=10&sort=createdAt,desc HTTP/1.1" 200 - 1606
0:0:0:0:0:0:0:1 - - [25/Dec/2025:22:01:21 +0700] "OPTIONS /api/v1/comments/average-rating/96 HTTP/1.1" 200 - 1158
0:0:0:0:0:0:0:1 - - [25/Dec/2025:22:01:21 +0700] "OPTIONS /api/v1/showtime/movie/96/date/2025-12-24?page=0&size=5 HTTP/1.1" 200 - 1207
0:0:0:0:0:0:0:1 - - [25/Dec/2025:22:01:21 +0700] "OPTIONS /api/v1/comments/movie/96?page=0&size=10&sort=createdAt,desc HTTP/1.1" 200 - 1123
0:0:0:0:0:0:0:1 - - [25/Dec/2025:22:01:21 +0700] "OPTIONS /api/v1/comments/average-rating/96 HTTP/1.1" 200 - 1616
0:0:0:0:0:0:0:1 - - [25/Dec/2025:22:01:21 +0700] "GET /api/v1/comments/average-rating/96 HTTP/1.1" 500 177 19173
0:0:0:0:0:0:0:1 - - [25/Dec/2025:22:01:21 +0700] "GET /api/v1/comments/movie/96?page=0&size=10&sort=createdAt,desc HTTP/1.1" 500 168 19300
0:0:0:0:0:0:0:1 - - [25/Dec/2025:22:01:21 +0700] "GET /api/v1/showtime/movie/96/date/2025-12-24?page=0&size=5 HTTP/1.1" 200 443 29640
0:0:0:0:0:0:0:1 - - [25/Dec/2025:22:01:21 +0700] "GET /api/v1/comments/movie/96?page=0&size=10&sort=createdAt,desc HTTP/1.1" 500 168 15587
0:0:0:0:0:0:0:1 - - [25/Dec/2025:22:01:21 +0700] "GET /api/v1/comments/average-rating/96 HTTP/1.1" 500 177 15615
0:0:0:0:0:0:0:1 - - [25/Dec/2025:22:01:23 +0700] "GET /api/v1/movies/96 HTTP/1.1" 200 1259 16745
0:0:0:0:0:0:0:1 - - [25/Dec/2025:22:01:24 +0700] "GET /api/v1/comments/average-rating/96 HTTP/1.1" 500 176 19164
0:0:0:0:0:0:0:1 - - [25/Dec/2025:22:01:24 +0700] "GET /api/v1/comments/movie/96?page=0&size=10&sort=createdAt,desc HTTP/1.1" 500 168 20023
0:0:0:0:0:0:0:1 - - [25/Dec/2025:22:01:24 +0700] "GET /api/v1/showtime/movie/96/date/2025-12-24?page=0&size=5 HTTP/1.1" 200 443 31761
0:0:0:0:0:0:0:1 - - [25/Dec/2025:22:01:24 +0700] "GET /api/v1/comments/average-rating/96 HTTP/1.1" 500 177 15578
0:0:0:0:0:0:0:1 - - [25/Dec/2025:22:01:24 +0700] "GET /api/v1/comments/movie/96?page=0&size=10&sort=createdAt,desc HTTP/1.1" 500 168 14627
0:0:0:0:0:0:0:1 - - [25/Dec/2025:22:03:39 +0700] "OPTIONS /api/v1/movies/96 HTTP/1.1" 200 - 8049
0:0:0:0:0:0:0:1 - - [25/Dec/2025:22:03:39 +0700] "GET /api/v1/movies/96 HTTP/1.1" 200 1259 144120
0:0:0:0:0:0:0:1 - - [25/Dec/2025:22:03:40 +0700] "OPTIONS /api/v1/comments/movie/96?page=0&size=10&sort=createdAt,desc HTTP/1.1" 200 - 3811
0:0:0:0:0:0:0:1 - - [25/Dec/2025:22:03:40 +0700] "OPTIONS /api/v1/comments/average-rating/96 HTTP/1.1" 200 - 1545
0:0:0:0:0:0:0:1 - - [25/Dec/2025:22:03:40 +0700] "OPTIONS /api/v1/showtime/movie/96/date/2025-12-24?page=0&size=5 HTTP/1.1" 200 - 973
0:0:0:0:0:0:0:1 - - [25/Dec/2025:22:03:40 +0700] "OPTIONS /api/v1/comments/movie/96?page=0&size=10&sort=createdAt,desc HTTP/1.1" 200 - 1013
0:0:0:0:0:0:0:1 - - [25/Dec/2025:22:03:40 +0700] "OPTIONS /api/v1/comments/average-rating/96 HTTP/1.1" 200 - 1007
0:0:0:0:0:0:0:1 - - [25/Dec/2025:22:03:40 +0700] "GET /api/v1/comments/average-rating/96 HTTP/1.1" 500 177 46468
0:0:0:0:0:0:0:1 - - [25/Dec/2025:22:03:40 +0700] "GET /api/v1/comments/movie/96?page=0&size=10&sort=createdAt,desc HTTP/1.1" 500 168 46449
0:0:0:0:0:0:0:1 - - [25/Dec/2025:22:03:40 +0700] "GET /api/v1/showtime/movie/96/date/2025-12-24?page=0&size=5 HTTP/1.1" 200 443 68071
0:0:0:0:0:0:0:1 - - [25/Dec/2025:22:03:40 +0700] "GET /api/v1/comments/average-rating/96 HTTP/1.1" 500 177 35580
0:0:0:0:0:0:0:1 - - [25/Dec/2025:22:03:40 +0700] "GET /api/v1/comments/movie/96?page=0&size=10&sort=createdAt,desc HTTP/1.1" 500 168 35670
0:0:0:0:0:0:0:1 - - [25/Dec/2025:22:06:21 +0700] "OPTIONS /api/v1/movies/now-showing?page=0&size=12 HTTP/1.1" 200 - 144029
0:0:0:0:0:0:0:1 - - [25/Dec/2025:22:06:21 +0700] "OPTIONS /api/v1/movies/top-rated?page=0&size=10 HTTP/1.1" 200 - 143992
0:0:0:0:0:0:0:1 - - [25/Dec/2025:22:06:21 +0700] "OPTIONS /api/v1/movies?page=0&size=20 HTTP/1.1" 200 - 144103
0:0:0:0:0:0:0:1 - - [25/Dec/2025:22:06:21 +0700] "OPTIONS /api/v1/movies?page=0&size=20 HTTP/1.1" 200 - 144040
0:0:0:0:0:0:0:1 - - [25/Dec/2025:22:06:21 +0700] "OPTIONS /api/v1/movies/coming-soon?page=0&size=12 HTTP/1.1" 200 - 144564
0:0:0:0:0:0:0:1 - - [25/Dec/2025:22:06:21 +0700] "OPTIONS /api/v1/movies/coming-soon?page=0&size=12 HTTP/1.1" 200 - 143991
0:0:0:0:0:0:0:1 - - [25/Dec/2025:22:06:21 +0700] "OPTIONS /api/v1/movies/top-rated?page=0&size=10 HTTP/1.1" 200 - 7433
0:0:0:0:0:0:0:1 - - [25/Dec/2025:22:06:21 +0700] "OPTIONS /api/v1/movies/now-showing?page=0&size=12 HTTP/1.1" 200 - 7993
0:0:0:0:0:0:0:1 - - [25/Dec/2025:22:06:21 +0700] "GET /api/v1/movies/top-rated?page=0&size=10 HTTP/1.1" 404 165 630790
0:0:0:0:0:0:0:1 - - [25/Dec/2025:22:06:22 +0700] "GET /api/v1/movies/top-rated?page=0&size=10 HTTP/1.1" 404 165 157800
0:0:0:0:0:0:0:1 - - [25/Dec/2025:22:06:22 +0700] "GET /api/v1/movies/now-showing?page=0&size=12 HTTP/1.1" 200 7097 821009
0:0:0:0:0:0:0:1 - - [25/Dec/2025:22:06:22 +0700] "GET /api/v1/movies/coming-soon?page=0&size=12 HTTP/1.1" 200 5956 821736
0:0:0:0:0:0:0:1 - - [25/Dec/2025:22:06:22 +0700] "GET /api/v1/movies/coming-soon?page=0&size=12 HTTP/1.1" 200 5955 100667
0:0:0:0:0:0:0:1 - - [25/Dec/2025:22:06:22 +0700] "GET /api/v1/movies/now-showing?page=0&size=12 HTTP/1.1" 200 7096 100682
0:0:0:0:0:0:0:1 - - [25/Dec/2025:22:06:22 +0700] "GET /api/v1/movies?page=0&size=20 HTTP/1.1" 200 11204 940713
0:0:0:0:0:0:0:1 - - [25/Dec/2025:22:06:22 +0700] "GET /api/v1/movies?page=0&size=20 HTTP/1.1" 200 11204 41509
0:0:0:0:0:0:0:1 - - [25/Dec/2025:22:06:29 +0700] "OPTIONS /api/v1/auth/verify HTTP/1.1" 200 - 1882
0:0:0:0:0:0:0:1 - - [25/Dec/2025:22:06:29 +0700] "OPTIONS /api/v1/auth/verify HTTP/1.1" 200 - 2007
0:0:0:0:0:0:0:1 - - [25/Dec/2025:22:06:29 +0700] "OPTIONS /api/v1/auth/verify HTTP/1.1" 200 - 1220
0:0:0:0:0:0:0:1 - - [25/Dec/2025:22:06:29 +0700] "GET /api/v1/auth/verify HTTP/1.1" 200 314 48106
0:0:0:0:0:0:0:1 - - [25/Dec/2025:22:06:29 +0700] "GET /api/v1/auth/verify HTTP/1.1" 200 315 30901
0:0:0:0:0:0:0:1 - - [25/Dec/2025:22:06:29 +0700] "GET /api/v1/auth/verify HTTP/1.1" 200 315 25609
0:0:0:0:0:0:0:1 - - [25/Dec/2025:22:11:11 +0700] "OPTIONS /api/v1/auth/verify HTTP/1.1" 200 - 1762
0:0:0:0:0:0:0:1 - - [25/Dec/2025:22:11:11 +0700] "OPTIONS /api/v1/auth/verify HTTP/1.1" 200 - 1725
0:0:0:0:0:0:0:1 - - [25/Dec/2025:22:11:11 +0700] "OPTIONS /api/v1/auth/verify HTTP/1.1" 200 - 1672
0:0:0:0:0:0:0:1 - - [25/Dec/2025:22:11:11 +0700] "GET /api/v1/auth/verify HTTP/1.1" 200 315 26300
0:0:0:0:0:0:0:1 - - [25/Dec/2025:22:11:11 +0700] "GET /api/v1/auth/verify HTTP/1.1" 200 315 25151
0:0:0:0:0:0:0:1 - - [25/Dec/2025:22:11:11 +0700] "GET /api/v1/auth/verify HTTP/1.1" 200 315 20354
0:0:0:0:0:0:0:1 - - [25/Dec/2025:22:13:14 +0700] "OPTIONS /api/v1/auth/verify HTTP/1.1" 200 - 1676
0:0:0:0:0:0:0:1 - - [25/Dec/2025:22:13:14 +0700] "OPTIONS /api/v1/auth/verify HTTP/1.1" 200 - 2486
0:0:0:0:0:0:0:1 - - [25/Dec/2025:22:13:14 +0700] "OPTIONS /api/v1/auth/verify HTTP/1.1" 200 - 1583
0:0:0:0:0:0:0:1 - - [25/Dec/2025:22:13:14 +0700] "GET /api/v1/auth/verify HTTP/1.1" 200 315 21237
0:0:0:0:0:0:0:1 - - [25/Dec/2025:22:13:14 +0700] "GET /api/v1/auth/verify HTTP/1.1" 200 315 22269
0:0:0:0:0:0:0:1 - - [25/Dec/2025:22:13:14 +0700] "GET /api/v1/auth/verify HTTP/1.1" 200 315 24227
0:0:0:0:0:0:0:1 - - [25/Dec/2025:22:13:14 +0700] "OPTIONS /api/v1/regions HTTP/1.1" 200 - 2536
0:0:0:0:0:0:0:1 - - [25/Dec/2025:22:13:14 +0700] "OPTIONS /api/v1/movies/search?page=0&size=7&status=NOW_SHOWING&sort=createdAt,desc HTTP/1.1" 200 - 1460
0:0:0:0:0:0:0:1 - - [25/Dec/2025:22:13:14 +0700] "OPTIONS /api/v1/movies/96 HTTP/1.1" 200 - 2756
0:0:0:0:0:0:0:1 - - [25/Dec/2025:22:13:14 +0700] "OPTIONS /api/v1/regions HTTP/1.1" 200 - 1389
0:0:0:0:0:0:0:1 - - [25/Dec/2025:22:13:14 +0700] "OPTIONS /api/v1/movies/search?page=0&size=7&status=NOW_SHOWING&sort=createdAt,desc HTTP/1.1" 200 - 1906
0:0:0:0:0:0:0:1 - - [25/Dec/2025:22:13:14 +0700] "OPTIONS /api/v1/movies/96 HTTP/1.1" 200 - 2164
0:0:0:0:0:0:0:1 - - [25/Dec/2025:22:13:14 +0700] "GET /api/v1/regions HTTP/1.1" 200 3720 48869
0:0:0:0:0:0:0:1 - - [25/Dec/2025:22:13:14 +0700] "GET /api/v1/regions HTTP/1.1" 200 3720 23985
0:0:0:0:0:0:0:1 - - [25/Dec/2025:22:13:14 +0700] "GET /api/v1/movies/96 HTTP/1.1" 200 1259 78420
0:0:0:0:0:0:0:1 - - [25/Dec/2025:22:13:14 +0700] "GET /api/v1/movies/96 HTTP/1.1" 200 1259 27413
0:0:0:0:0:0:0:1 - - [25/Dec/2025:22:13:14 +0700] "GET /api/v1/movies/search?page=0&size=7&status=NOW_SHOWING&sort=createdAt,desc HTTP/1.1" 200 4695 158504
0:0:0:0:0:0:0:1 - - [25/Dec/2025:22:13:15 +0700] "OPTIONS /api/v1/showtime/movie/96/date/2025-12-24?page=0&size=5&cityId=1 HTTP/1.1" 200 - 2166
0:0:0:0:0:0:0:1 - - [25/Dec/2025:22:13:15 +0700] "OPTIONS /api/v1/comments/average-rating/96 HTTP/1.1" 200 - 7838
0:0:0:0:0:0:0:1 - - [25/Dec/2025:22:13:15 +0700] "OPTIONS /api/v1/comments/movie/96?page=0&size=10&sort=createdAt,desc HTTP/1.1" 200 - 8659
0:0:0:0:0:0:0:1 - - [25/Dec/2025:22:13:15 +0700] "OPTIONS /api/v1/comments/movie/96?page=0&size=10&sort=createdAt,desc HTTP/1.1" 200 - 6449
0:0:0:0:0:0:0:1 - - [25/Dec/2025:22:13:15 +0700] "OPTIONS /api/v1/comments/average-rating/96 HTTP/1.1" 200 - 7546
0:0:0:0:0:0:0:1 - - [25/Dec/2025:22:13:15 +0700] "GET /api/v1/movies/search?page=0&size=7&status=NOW_SHOWING&sort=createdAt,desc HTTP/1.1" 200 4695 128113
0:0:0:0:0:0:0:1 - - [25/Dec/2025:22:13:15 +0700] "GET /api/v1/comments/average-rating/96 HTTP/1.1" 500 177 35870
0:0:0:0:0:0:0:1 - - [25/Dec/2025:22:13:15 +0700] "GET /api/v1/comments/movie/96?page=0&size=10&sort=createdAt,desc HTTP/1.1" 500 168 35969
0:0:0:0:0:0:0:1 - - [25/Dec/2025:22:13:15 +0700] "GET /api/v1/comments/movie/96?page=0&size=10&sort=createdAt,desc HTTP/1.1" 500 168 17791
0:0:0:0:0:0:0:1 - - [25/Dec/2025:22:13:15 +0700] "GET /api/v1/comments/average-rating/96 HTTP/1.1" 500 177 18104
0:0:0:0:0:0:0:1 - - [25/Dec/2025:22:13:15 +0700] "GET /api/v1/showtime/movie/96/date/2025-12-24?page=0&size=5&cityId=1 HTTP/1.1" 200 441 69342
0:0:0:0:0:0:0:1 - - [25/Dec/2025:22:13:15 +0700] "GET /api/v1/movies/search?page=0&size=7&status=NOW_SHOWING&sort=createdAt,desc HTTP/1.1" 200 4695 103284
0:0:0:0:0:0:0:1 - - [25/Dec/2025:22:13:15 +0700] "GET /api/v1/showtime/movie/96/date/2025-12-24?page=0&size=5&cityId=1 HTTP/1.1" 200 441 44620
0:0:0:0:0:0:0:1 - - [25/Dec/2025:22:13:40 +0700] "OPTIONS /api/v1/movies/96 HTTP/1.1" 200 - 1888
0:0:0:0:0:0:0:1 - - [25/Dec/2025:22:13:40 +0700] "GET /api/v1/movies/96 HTTP/1.1" 200 1259 23323
0:0:0:0:0:0:0:1 - - [25/Dec/2025:22:13:41 +0700] "OPTIONS /api/v1/comments/average-rating/96 HTTP/1.1" 200 - 1932
0:0:0:0:0:0:0:1 - - [25/Dec/2025:22:13:41 +0700] "OPTIONS /api/v1/comments/movie/96?page=0&size=10&sort=createdAt,desc HTTP/1.1" 200 - 2170
0:0:0:0:0:0:0:1 - - [25/Dec/2025:22:13:41 +0700] "OPTIONS /api/v1/showtime/movie/96/date/2025-12-24?page=0&size=5&cityId=1 HTTP/1.1" 200 - 1644
0:0:0:0:0:0:0:1 - - [25/Dec/2025:22:13:41 +0700] "OPTIONS /api/v1/comments/movie/96?page=0&size=10&sort=createdAt,desc HTTP/1.1" 200 - 1407
0:0:0:0:0:0:0:1 - - [25/Dec/2025:22:13:41 +0700] "OPTIONS /api/v1/comments/average-rating/96 HTTP/1.1" 200 - 1971
0:0:0:0:0:0:0:1 - - [25/Dec/2025:22:13:41 +0700] "GET /api/v1/comments/average-rating/96 HTTP/1.1" 500 176 25866
0:0:0:0:0:0:0:1 - - [25/Dec/2025:22:13:41 +0700] "GET /api/v1/comments/movie/96?page=0&size=10&sort=createdAt,desc HTTP/1.1" 500 167 25962
0:0:0:0:0:0:0:1 - - [25/Dec/2025:22:13:41 +0700] "GET /api/v1/showtime/movie/96/date/2025-12-24?page=0&size=5&cityId=1 HTTP/1.1" 200 441 37848
0:0:0:0:0:0:0:1 - - [25/Dec/2025:22:13:41 +0700] "GET /api/v1/comments/average-rating/96 HTTP/1.1" 500 177 19307
0:0:0:0:0:0:0:1 - - [25/Dec/2025:22:13:41 +0700] "GET /api/v1/comments/movie/96?page=0&size=10&sort=createdAt,desc HTTP/1.1" 500 168 19435
0:0:0:0:0:0:0:1 - - [25/Dec/2025:22:14:39 +0700] "OPTIONS /api/v1/regions HTTP/1.1" 200 - 3111
0:0:0:0:0:0:0:1 - - [25/Dec/2025:22:14:39 +0700] "OPTIONS /api/v1/movies/search?page=0&size=7&status=NOW_SHOWING&sort=createdAt,desc HTTP/1.1" 200 - 3309
0:0:0:0:0:0:0:1 - - [25/Dec/2025:22:14:39 +0700] "OPTIONS /api/v1/movies/96 HTTP/1.1" 200 - 3372
0:0:0:0:0:0:0:1 - - [25/Dec/2025:22:14:39 +0700] "OPTIONS /api/v1/auth/verify HTTP/1.1" 200 - 1326
0:0:0:0:0:0:0:1 - - [25/Dec/2025:22:14:39 +0700] "OPTIONS /api/v1/movies/96 HTTP/1.1" 200 - 1175
0:0:0:0:0:0:0:1 - - [25/Dec/2025:22:14:39 +0700] "OPTIONS /api/v1/regions HTTP/1.1" 200 - 1179
0:0:0:0:0:0:0:1 - - [25/Dec/2025:22:14:39 +0700] "OPTIONS /api/v1/movies/search?page=0&size=7&status=NOW_SHOWING&sort=createdAt,desc HTTP/1.1" 200 - 1095
0:0:0:0:0:0:0:1 - - [25/Dec/2025:22:14:39 +0700] "OPTIONS /api/v1/auth/verify HTTP/1.1" 200 - 915
0:0:0:0:0:0:0:1 - - [25/Dec/2025:22:14:39 +0700] "GET /api/v1/auth/verify HTTP/1.1" 200 315 14189
0:0:0:0:0:0:0:1 - - [25/Dec/2025:22:14:39 +0700] "GET /api/v1/movies/96 HTTP/1.1" 200 1259 16411
0:0:0:0:0:0:0:1 - - [25/Dec/2025:22:14:39 +0700] "GET /api/v1/regions HTTP/1.1" 200 3720 18850
0:0:0:0:0:0:0:1 - - [25/Dec/2025:22:14:39 +0700] "GET /api/v1/auth/verify HTTP/1.1" 200 315 12729
0:0:0:0:0:0:0:1 - - [25/Dec/2025:22:14:39 +0700] "GET /api/v1/movies/96 HTTP/1.1" 200 1259 13294
0:0:0:0:0:0:0:1 - - [25/Dec/2025:22:14:39 +0700] "GET /api/v1/regions HTTP/1.1" 200 3720 15536
0:0:0:0:0:0:0:1 - - [25/Dec/2025:22:14:39 +0700] "GET /api/v1/movies/search?page=0&size=7&status=NOW_SHOWING&sort=createdAt,desc HTTP/1.1" 200 4695 69278
0:0:0:0:0:0:0:1 - - [25/Dec/2025:22:14:39 +0700] "GET /api/v1/movies/search?page=0&size=7&status=NOW_SHOWING&sort=createdAt,desc HTTP/1.1" 200 4695 64618
0:0:0:0:0:0:0:1 - - [25/Dec/2025:22:14:40 +0700] "OPTIONS /api/v1/comments/movie/96?page=0&size=10&sort=createdAt,desc HTTP/1.1" 200 - 2762
0:0:0:0:0:0:0:1 - - [25/Dec/2025:22:14:40 +0700] "OPTIONS /api/v1/comments/average-rating/96 HTTP/1.1" 200 - 2693
0:0:0:0:0:0:0:1 - - [25/Dec/2025:22:14:40 +0700] "OPTIONS /api/v1/showtime/movie/96/date/2025-12-24?page=0&size=5 HTTP/1.1" 200 - 2118
0:0:0:0:0:0:0:1 - - [25/Dec/2025:22:14:40 +0700] "OPTIONS /api/v1/comments/average-rating/96 HTTP/1.1" 200 - 2564
0:0:0:0:0:0:0:1 - - [25/Dec/2025:22:14:40 +0700] "OPTIONS /api/v1/comments/movie/96?page=0&size=10&sort=createdAt,desc HTTP/1.1" 200 - 2846
0:0:0:0:0:0:0:1 - - [25/Dec/2025:22:14:40 +0700] "OPTIONS /api/v1/showtime/movie/96/date/2025-12-24?page=0&size=5&cityId=1 HTTP/1.1" 200 - 1820
0:0:0:0:0:0:0:1 - - [25/Dec/2025:22:14:40 +0700] "GET /api/v1/comments/average-rating/96 HTTP/1.1" 500 177 27505
0:0:0:0:0:0:0:1 - - [25/Dec/2025:22:14:40 +0700] "GET /api/v1/comments/movie/96?page=0&size=10&sort=createdAt,desc HTTP/1.1" 500 168 30802
0:0:0:0:0:0:0:1 - - [25/Dec/2025:22:14:40 +0700] "GET /api/v1/showtime/movie/96/date/2025-12-24?page=0&size=5 HTTP/1.1" 200 443 48296
0:0:0:0:0:0:0:1 - - [25/Dec/2025:22:14:40 +0700] "GET /api/v1/comments/average-rating/96 HTTP/1.1" 500 177 22997
0:0:0:0:0:0:0:1 - - [25/Dec/2025:22:14:40 +0700] "GET /api/v1/comments/movie/96?page=0&size=10&sort=createdAt,desc HTTP/1.1" 500 168 22687
0:0:0:0:0:0:0:1 - - [25/Dec/2025:22:14:40 +0700] "GET /api/v1/showtime/movie/96/date/2025-12-24?page=0&size=5&cityId=1 HTTP/1.1" 200 441 49685
0:0:0:0:0:0:0:1 - - [25/Dec/2025:22:14:40 +0700] "GET /api/v1/movies/search?page=0&size=7&status=NOW_SHOWING&sort=createdAt,desc HTTP/1.1" 200 4695 114109
0:0:0:0:0:0:0:1 - - [25/Dec/2025:22:14:41 +0700] "GET /api/v1/showtime/movie/96/date/2025-12-24?page=0&size=5&cityId=1 HTTP/1.1" 200 441 40513
0:0:0:0:0:0:0:1 - - [25/Dec/2025:22:16:01 +0700] "OPTIONS /api/v1/auth/verify HTTP/1.1" 200 - 1108
0:0:0:0:0:0:0:1 - - [25/Dec/2025:22:16:01 +0700] "OPTIONS /api/v1/auth/verify HTTP/1.1" 200 - 1099
0:0:0:0:0:0:0:1 - - [25/Dec/2025:22:16:01 +0700] "OPTIONS /api/v1/auth/verify HTTP/1.1" 200 - 974
0:0:0:0:0:0:0:1 - - [25/Dec/2025:22:16:01 +0700] "GET /api/v1/auth/verify HTTP/1.1" 200 315 17629
0:0:0:0:0:0:0:1 - - [25/Dec/2025:22:16:01 +0700] "GET /api/v1/auth/verify HTTP/1.1" 200 314 17343
0:0:0:0:0:0:0:1 - - [25/Dec/2025:22:16:01 +0700] "GET /api/v1/auth/verify HTTP/1.1" 200 315 18267
0:0:0:0:0:0:0:1 - - [25/Dec/2025:22:16:01 +0700] "OPTIONS /api/v1/movies/search?page=0&size=7&status=NOW_SHOWING&sort=createdAt,desc HTTP/1.1" 200 - 992
0:0:0:0:0:0:0:1 - - [25/Dec/2025:22:16:01 +0700] "OPTIONS /api/v1/regions HTTP/1.1" 200 - 1357
0:0:0:0:0:0:0:1 - - [25/Dec/2025:22:16:01 +0700] "OPTIONS /api/v1/movies/96 HTTP/1.1" 200 - 1642
0:0:0:0:0:0:0:1 - - [25/Dec/2025:22:16:01 +0700] "OPTIONS /api/v1/regions HTTP/1.1" 200 - 4646
0:0:0:0:0:0:0:1 - - [25/Dec/2025:22:16:01 +0700] "OPTIONS /api/v1/movies/96 HTTP/1.1" 200 - 2414
0:0:0:0:0:0:0:1 - - [25/Dec/2025:22:16:01 +0700] "OPTIONS /api/v1/movies/search?page=0&size=7&status=NOW_SHOWING&sort=createdAt,desc HTTP/1.1" 200 - 2414
0:0:0:0:0:0:0:1 - - [25/Dec/2025:22:16:01 +0700] "GET /api/v1/movies/96 HTTP/1.1" 200 1259 27458
0:0:0:0:0:0:0:1 - - [25/Dec/2025:22:16:01 +0700] "GET /api/v1/regions HTTP/1.1" 200 3720 29545
0:0:0:0:0:0:0:1 - - [25/Dec/2025:22:16:01 +0700] "GET /api/v1/regions HTTP/1.1" 200 3720 21100
0:0:0:0:0:0:0:1 - - [25/Dec/2025:22:16:01 +0700] "GET /api/v1/movies/96 HTTP/1.1" 200 1259 24642
0:0:0:0:0:0:0:1 - - [25/Dec/2025:22:16:01 +0700] "GET /api/v1/movies/search?page=0&size=7&status=NOW_SHOWING&sort=createdAt,desc HTTP/1.1" 200 4694 111386
0:0:0:0:0:0:0:1 - - [25/Dec/2025:22:16:01 +0700] "OPTIONS /api/v1/comments/average-rating/96 HTTP/1.1" 200 - 1383
0:0:0:0:0:0:0:1 - - [25/Dec/2025:22:16:01 +0700] "OPTIONS /api/v1/comments/movie/96?page=0&size=10&sort=createdAt,desc HTTP/1.1" 200 - 1638
0:0:0:0:0:0:0:1 - - [25/Dec/2025:22:16:01 +0700] "OPTIONS /api/v1/showtime/movie/96/date/2025-12-24?page=0&size=5 HTTP/1.1" 200 - 1110
0:0:0:0:0:0:0:1 - - [25/Dec/2025:22:16:01 +0700] "OPTIONS /api/v1/comments/average-rating/96 HTTP/1.1" 200 - 1069
0:0:0:0:0:0:0:1 - - [25/Dec/2025:22:16:01 +0700] "OPTIONS /api/v1/comments/movie/96?page=0&size=10&sort=createdAt,desc HTTP/1.1" 200 - 1151
0:0:0:0:0:0:0:1 - - [25/Dec/2025:22:16:01 +0700] "OPTIONS /api/v1/showtime/movie/96/date/2025-12-24?page=0&size=5&cityId=1 HTTP/1.1" 200 - 1291
0:0:0:0:0:0:0:1 - - [25/Dec/2025:22:16:01 +0700] "GET /api/v1/comments/average-rating/96 HTTP/1.1" 500 177 32590
0:0:0:0:0:0:0:1 - - [25/Dec/2025:22:16:01 +0700] "GET /api/v1/comments/movie/96?page=0&size=10&sort=createdAt,desc HTTP/1.1" 500 168 32273
0:0:0:0:0:0:0:1 - - [25/Dec/2025:22:16:01 +0700] "GET /api/v1/showtime/movie/96/date/2025-12-24?page=0&size=5&cityId=1 HTTP/1.1" 200 441 49123
0:0:0:0:0:0:0:1 - - [25/Dec/2025:22:16:01 +0700] "GET /api/v1/showtime/movie/96/date/2025-12-24?page=0&size=5 HTTP/1.1" 200 443 54027
0:0:0:0:0:0:0:1 - - [25/Dec/2025:22:16:01 +0700] "GET /api/v1/comments/average-rating/96 HTTP/1.1" 500 177 28160
0:0:0:0:0:0:0:1 - - [25/Dec/2025:22:16:01 +0700] "GET /api/v1/comments/movie/96?page=0&size=10&sort=createdAt,desc HTTP/1.1" 500 168 26953
0:0:0:0:0:0:0:1 - - [25/Dec/2025:22:16:02 +0700] "GET /api/v1/movies/search?page=0&size=7&status=NOW_SHOWING&sort=createdAt,desc HTTP/1.1" 200 4694 156728
0:0:0:0:0:0:0:1 - - [25/Dec/2025:22:16:02 +0700] "GET /api/v1/showtime/movie/96/date/2025-12-24?page=0&size=5&cityId=1 HTTP/1.1" 200 441 32522
0:0:0:0:0:0:0:1 - - [25/Dec/2025:22:16:02 +0700] "GET /api/v1/movies/search?page=0&size=7&status=NOW_SHOWING&sort=createdAt,desc HTTP/1.1" 200 4695 76341
0:0:0:0:0:0:0:1 - - [25/Dec/2025:22:16:11 +0700] "POST /api/v1/auth/logout HTTP/1.1" 500 162 12953
0:0:0:0:0:0:0:1 - - [25/Dec/2025:22:16:11 +0700] "GET /api/v1/movies/now-showing?page=0&size=12 HTTP/1.1" 200 7097 6752
0:0:0:0:0:0:0:1 - - [25/Dec/2025:22:16:11 +0700] "GET /api/v1/movies?page=0&size=20 HTTP/1.1" 200 11204 8822
0:0:0:0:0:0:0:1 - - [25/Dec/2025:22:16:11 +0700] "GET /api/v1/movies/coming-soon?page=0&size=12 HTTP/1.1" 200 5956 8013
0:0:0:0:0:0:0:1 - - [25/Dec/2025:22:16:11 +0700] "GET /api/v1/movies/top-rated?page=0&size=10 HTTP/1.1" 404 165 13729
0:0:0:0:0:0:0:1 - - [25/Dec/2025:22:16:11 +0700] "GET /api/v1/movies/coming-soon?page=0&size=12 HTTP/1.1" 200 5956 9061
0:0:0:0:0:0:0:1 - - [25/Dec/2025:22:16:11 +0700] "GET /api/v1/movies/now-showing?page=0&size=12 HTTP/1.1" 200 7097 10145
0:0:0:0:0:0:0:1 - - [25/Dec/2025:22:16:11 +0700] "GET /api/v1/movies?page=0&size=20 HTTP/1.1" 200 11204 9465
0:0:0:0:0:0:0:1 - - [25/Dec/2025:22:16:11 +0700] "GET /api/v1/movies/top-rated?page=0&size=10 HTTP/1.1" 404 165 17405
0:0:0:0:0:0:0:1 - - [25/Dec/2025:22:16:17 +0700] "OPTIONS /api/v1/auth/login HTTP/1.1" 200 - 973
0:0:0:0:0:0:0:1 - - [25/Dec/2025:22:16:17 +0700] "POST /api/v1/auth/login HTTP/1.1" 200 1164 538019
0:0:0:0:0:0:0:1 - - [25/Dec/2025:22:16:17 +0700] "OPTIONS /api/v1/movies/coming-soon?page=0&size=12 HTTP/1.1" 200 - 1325
0:0:0:0:0:0:0:1 - - [25/Dec/2025:22:16:17 +0700] "OPTIONS /api/v1/movies?page=0&size=20 HTTP/1.1" 200 - 1508
0:0:0:0:0:0:0:1 - - [25/Dec/2025:22:16:17 +0700] "OPTIONS /api/v1/movies/now-showing?page=0&size=12 HTTP/1.1" 200 - 987
0:0:0:0:0:0:0:1 - - [25/Dec/2025:22:16:17 +0700] "OPTIONS /api/v1/movies/top-rated?page=0&size=10 HTTP/1.1" 200 - 848
0:0:0:0:0:0:0:1 - - [25/Dec/2025:22:16:17 +0700] "OPTIONS /api/v1/movies?page=0&size=20 HTTP/1.1" 200 - 835
0:0:0:0:0:0:0:1 - - [25/Dec/2025:22:16:17 +0700] "OPTIONS /api/v1/movies/coming-soon?page=0&size=12 HTTP/1.1" 200 - 819
0:0:0:0:0:0:0:1 - - [25/Dec/2025:22:16:17 +0700] "OPTIONS /api/v1/movies/now-showing?page=0&size=12 HTTP/1.1" 200 - 1363
0:0:0:0:0:0:0:1 - - [25/Dec/2025:22:16:17 +0700] "OPTIONS /api/v1/movies/top-rated?page=0&size=10 HTTP/1.1" 200 - 742
0:0:0:0:0:0:0:1 - - [25/Dec/2025:22:16:17 +0700] "GET /api/v1/movies/coming-soon?page=0&size=12 HTTP/1.1" 200 5956 15278
0:0:0:0:0:0:0:1 - - [25/Dec/2025:22:16:17 +0700] "GET /api/v1/movies/now-showing?page=0&size=12 HTTP/1.1" 200 7097 15005
0:0:0:0:0:0:0:1 - - [25/Dec/2025:22:16:17 +0700] "GET /api/v1/movies?page=0&size=20 HTTP/1.1" 200 11204 16152
0:0:0:0:0:0:0:1 - - [25/Dec/2025:22:16:17 +0700] "GET /api/v1/movies/top-rated?page=0&size=10 HTTP/1.1" 404 165 24511
0:0:0:0:0:0:0:1 - - [25/Dec/2025:22:16:17 +0700] "GET /api/v1/movies/now-showing?page=0&size=12 HTTP/1.1" 200 7097 19386
0:0:0:0:0:0:0:1 - - [25/Dec/2025:22:16:17 +0700] "GET /api/v1/movies/coming-soon?page=0&size=12 HTTP/1.1" 200 5956 19881
0:0:0:0:0:0:0:1 - - [25/Dec/2025:22:16:17 +0700] "GET /api/v1/movies?page=0&size=20 HTTP/1.1" 200 11204 19132
0:0:0:0:0:0:0:1 - - [25/Dec/2025:22:16:17 +0700] "GET /api/v1/movies/top-rated?page=0&size=10 HTTP/1.1" 404 165 23384
0:0:0:0:0:0:0:1 - - [25/Dec/2025:22:16:44 +0700] "OPTIONS /api/v1/movies/search?page=0&size=7&status=NOW_SHOWING&sort=createdAt,desc HTTP/1.1" 200 - 792
0:0:0:0:0:0:0:1 - - [25/Dec/2025:22:16:44 +0700] "OPTIONS /api/v1/regions HTTP/1.1" 200 - 1303
0:0:0:0:0:0:0:1 - - [25/Dec/2025:22:16:44 +0700] "OPTIONS /api/v1/movies/search?page=0&size=7&status=NOW_SHOWING&sort=createdAt,desc HTTP/1.1" 200 - 702
0:0:0:0:0:0:0:1 - - [25/Dec/2025:22:16:44 +0700] "OPTIONS /api/v1/regions HTTP/1.1" 200 - 849
0:0:0:0:0:0:0:1 - - [25/Dec/2025:22:16:44 +0700] "OPTIONS /api/v1/movies/98 HTTP/1.1" 200 - 1112
0:0:0:0:0:0:0:1 - - [25/Dec/2025:22:16:44 +0700] "OPTIONS /api/v1/movies/98 HTTP/1.1" 200 - 1203
0:0:0:0:0:0:0:1 - - [25/Dec/2025:22:16:44 +0700] "GET /api/v1/regions HTTP/1.1" 200 3720 21270
0:0:0:0:0:0:0:1 - - [25/Dec/2025:22:16:44 +0700] "GET /api/v1/movies/98 HTTP/1.1" 200 1347 33914
0:0:0:0:0:0:0:1 - - [25/Dec/2025:22:16:44 +0700] "GET /api/v1/regions HTTP/1.1" 200 3720 11566
0:0:0:0:0:0:0:1 - - [25/Dec/2025:22:16:44 +0700] "GET /api/v1/movies/98 HTTP/1.1" 200 1347 12956
0:0:0:0:0:0:0:1 - - [25/Dec/2025:22:16:44 +0700] "GET /api/v1/movies/search?page=0&size=7&status=NOW_SHOWING&sort=createdAt,desc HTTP/1.1" 200 4695 66333
0:0:0:0:0:0:0:1 - - [25/Dec/2025:22:16:44 +0700] "GET /api/v1/movies/search?page=0&size=7&status=NOW_SHOWING&sort=createdAt,desc HTTP/1.1" 200 4695 62825
0:0:0:0:0:0:0:1 - - [25/Dec/2025:22:16:44 +0700] "OPTIONS /api/v1/showtime/movie/98/date/2025-12-24?page=0&size=5&cityId=1 HTTP/1.1" 200 - 914
0:0:0:0:0:0:0:1 - - [25/Dec/2025:22:16:44 +0700] "OPTIONS /api/v1/comments/average-rating/98 HTTP/1.1" 200 - 1033
0:0:0:0:0:0:0:1 - - [25/Dec/2025:22:16:44 +0700] "OPTIONS /api/v1/comments/movie/98?page=0&size=10&sort=createdAt,desc HTTP/1.1" 200 - 1510
0:0:0:0:0:0:0:1 - - [25/Dec/2025:22:16:44 +0700] "OPTIONS /api/v1/comments/movie/98?page=0&size=10&sort=createdAt,desc HTTP/1.1" 200 - 1452
0:0:0:0:0:0:0:1 - - [25/Dec/2025:22:16:44 +0700] "OPTIONS /api/v1/comments/average-rating/98 HTTP/1.1" 200 - 1472
0:0:0:0:0:0:0:1 - - [25/Dec/2025:22:16:44 +0700] "GET /api/v1/comments/movie/98?page=0&size=10&sort=createdAt,desc HTTP/1.1" 500 168 18254
0:0:0:0:0:0:0:1 - - [25/Dec/2025:22:16:44 +0700] "GET /api/v1/comments/average-rating/98 HTTP/1.1" 500 177 18130
0:0:0:0:0:0:0:1 - - [25/Dec/2025:22:16:44 +0700] "GET /api/v1/showtime/movie/98/date/2025-12-24?page=0&size=5&cityId=1 HTTP/1.1" 200 441 26685
0:0:0:0:0:0:0:1 - - [25/Dec/2025:22:16:44 +0700] "GET /api/v1/comments/average-rating/98 HTTP/1.1" 500 176 13814
0:0:0:0:0:0:0:1 - - [25/Dec/2025:22:16:44 +0700] "GET /api/v1/comments/movie/98?page=0&size=10&sort=createdAt,desc HTTP/1.1" 500 168 15417
0:0:0:0:0:0:0:1 - - [25/Dec/2025:22:16:44 +0700] "GET /api/v1/movies/search?page=0&size=7&status=NOW_SHOWING&sort=createdAt,desc HTTP/1.1" 200 4695 77084
0:0:0:0:0:0:0:1 - - [25/Dec/2025:22:16:45 +0700] "GET /api/v1/showtime/movie/98/date/2025-12-24?page=0&size=5&cityId=1 HTTP/1.1" 200 441 22955
0:0:0:0:0:0:0:1 - - [25/Dec/2025:22:16:46 +0700] "OPTIONS /api/v1/movies?page=0&size=20 HTTP/1.1" 200 - 1819
0:0:0:0:0:0:0:1 - - [25/Dec/2025:22:16:46 +0700] "OPTIONS /api/v1/movies/coming-soon?page=0&size=12 HTTP/1.1" 200 - 1197
0:0:0:0:0:0:0:1 - - [25/Dec/2025:22:16:46 +0700] "OPTIONS /api/v1/movies/now-showing?page=0&size=12 HTTP/1.1" 200 - 1785
0:0:0:0:0:0:0:1 - - [25/Dec/2025:22:16:46 +0700] "OPTIONS /api/v1/movies/top-rated?page=0&size=10 HTTP/1.1" 200 - 1067
0:0:0:0:0:0:0:1 - - [25/Dec/2025:22:16:46 +0700] "OPTIONS /api/v1/movies?page=0&size=20 HTTP/1.1" 200 - 987
0:0:0:0:0:0:0:1 - - [25/Dec/2025:22:16:46 +0700] "OPTIONS /api/v1/movies/coming-soon?page=0&size=12 HTTP/1.1" 200 - 1129
0:0:0:0:0:0:0:1 - - [25/Dec/2025:22:16:46 +0700] "OPTIONS /api/v1/movies/now-showing?page=0&size=12 HTTP/1.1" 200 - 1060
0:0:0:0:0:0:0:1 - - [25/Dec/2025:22:16:46 +0700] "OPTIONS /api/v1/movies/top-rated?page=0&size=10 HTTP/1.1" 200 - 913
0:0:0:0:0:0:0:1 - - [25/Dec/2025:22:16:46 +0700] "GET /api/v1/movies/top-rated?page=0&size=10 HTTP/1.1" 404 165 24558
0:0:0:0:0:0:0:1 - - [25/Dec/2025:22:16:46 +0700] "GET /api/v1/movies/top-rated?page=0&size=10 HTTP/1.1" 404 165 27865
0:0:0:0:0:0:0:1 - - [25/Dec/2025:22:16:46 +0700] "GET /api/v1/movies/coming-soon?page=0&size=12 HTTP/1.1" 200 5956 94465
0:0:0:0:0:0:0:1 - - [25/Dec/2025:22:16:46 +0700] "GET /api/v1/movies/coming-soon?page=0&size=12 HTTP/1.1" 200 5956 14686
0:0:0:0:0:0:0:1 - - [25/Dec/2025:22:16:46 +0700] "GET /api/v1/movies/now-showing?page=0&size=12 HTTP/1.1" 200 7097 109454
0:0:0:0:0:0:0:1 - - [25/Dec/2025:22:16:47 +0700] "GET /api/v1/movies/now-showing?page=0&size=12 HTTP/1.1" 200 7097 18427
0:0:0:0:0:0:0:1 - - [25/Dec/2025:22:16:47 +0700] "GET /api/v1/movies?page=0&size=20 HTTP/1.1" 200 11204 152848
0:0:0:0:0:0:0:1 - - [25/Dec/2025:22:16:47 +0700] "GET /api/v1/movies?page=0&size=20 HTTP/1.1" 200 11204 18177
0:0:0:0:0:0:0:1 - - [25/Dec/2025:22:41:05 +0700] "OPTIONS /api/v1/movies/search?page=0&size=7&status=NOW_SHOWING&sort=createdAt,desc HTTP/1.1" 200 - 25074
0:0:0:0:0:0:0:1 - - [25/Dec/2025:22:41:05 +0700] "OPTIONS /api/v1/regions HTTP/1.1" 200 - 24958
0:0:0:0:0:0:0:1 - - [25/Dec/2025:22:41:05 +0700] "OPTIONS /api/v1/regions HTTP/1.1" 200 - 24945
0:0:0:0:0:0:0:1 - - [25/Dec/2025:22:41:05 +0700] "OPTIONS /api/v1/movies/98 HTTP/1.1" 200 - 24939
0:0:0:0:0:0:0:1 - - [25/Dec/2025:22:41:05 +0700] "OPTIONS /api/v1/movies/98 HTTP/1.1" 200 - 24981
0:0:0:0:0:0:0:1 - - [25/Dec/2025:22:41:05 +0700] "OPTIONS /api/v1/movies/search?page=0&size=7&status=NOW_SHOWING&sort=createdAt,desc HTTP/1.1" 200 - 24961
0:0:0:0:0:0:0:1 - - [25/Dec/2025:22:41:05 +0700] "GET /api/v1/regions HTTP/1.1" 200 3720 76089
0:0:0:0:0:0:0:1 - - [25/Dec/2025:22:41:05 +0700] "GET /api/v1/movies/98 HTTP/1.1" 200 1347 84277
0:0:0:0:0:0:0:1 - - [25/Dec/2025:22:41:05 +0700] "GET /api/v1/regions HTTP/1.1" 200 3720 17509
0:0:0:0:0:0:0:1 - - [25/Dec/2025:22:41:05 +0700] "GET /api/v1/movies/98 HTTP/1.1" 200 1346 13506
0:0:0:0:0:0:0:1 - - [25/Dec/2025:22:41:05 +0700] "GET /api/v1/movies/search?page=0&size=7&status=NOW_SHOWING&sort=createdAt,desc HTTP/1.1" 200 4695 121237
0:0:0:0:0:0:0:1 - - [25/Dec/2025:22:41:05 +0700] "GET /api/v1/movies/search?page=0&size=7&status=NOW_SHOWING&sort=createdAt,desc HTTP/1.1" 200 4695 72178
0:0:0:0:0:0:0:1 - - [25/Dec/2025:22:41:05 +0700] "OPTIONS /api/v1/showtime/movie/98/date/2025-12-24?page=0&size=5&cityId=1 HTTP/1.1" 200 - 905
0:0:0:0:0:0:0:1 - - [25/Dec/2025:22:41:05 +0700] "OPTIONS /api/v1/comments/average-rating/98 HTTP/1.1" 200 - 1795
0:0:0:0:0:0:0:1 - - [25/Dec/2025:22:41:05 +0700] "OPTIONS /api/v1/comments/movie/98?page=0&size=10&sort=createdAt,desc HTTP/1.1" 200 - 2035
0:0:0:0:0:0:0:1 - - [25/Dec/2025:22:41:05 +0700] "OPTIONS /api/v1/comments/average-rating/98 HTTP/1.1" 200 - 914
0:0:0:0:0:0:0:1 - - [25/Dec/2025:22:41:05 +0700] "OPTIONS /api/v1/comments/movie/98?page=0&size=10&sort=createdAt,desc HTTP/1.1" 200 - 1087
0:0:0:0:0:0:0:1 - - [25/Dec/2025:22:41:05 +0700] "GET /api/v1/comments/movie/98?page=0&size=10&sort=createdAt,desc HTTP/1.1" 500 168 33131
0:0:0:0:0:0:0:1 - - [25/Dec/2025:22:41:05 +0700] "GET /api/v1/comments/average-rating/98 HTTP/1.1" 500 177 33143
0:0:0:0:0:0:0:1 - - [25/Dec/2025:22:41:05 +0700] "GET /api/v1/showtime/movie/98/date/2025-12-24?page=0&size=5&cityId=1 HTTP/1.1" 200 441 44811
0:0:0:0:0:0:0:1 - - [25/Dec/2025:22:41:05 +0700] "GET /api/v1/comments/movie/98?page=0&size=10&sort=createdAt,desc HTTP/1.1" 500 168 15459
0:0:0:0:0:0:0:1 - - [25/Dec/2025:22:41:05 +0700] "GET /api/v1/comments/average-rating/98 HTTP/1.1" 500 177 15621
0:0:0:0:0:0:0:1 - - [25/Dec/2025:22:41:05 +0700] "GET /api/v1/movies/search?page=0&size=7&status=NOW_SHOWING&sort=createdAt,desc HTTP/1.1" 200 4695 73008
0:0:0:0:0:0:0:1 - - [25/Dec/2025:22:41:06 +0700] "GET /api/v1/showtime/movie/98/date/2025-12-24?page=0&size=5&cityId=1 HTTP/1.1" 200 441 38551
0:0:0:0:0:0:0:1 - - [25/Dec/2025:22:41:07 +0700] "OPTIONS /api/v1/movies/coming-soon?page=0&size=12 HTTP/1.1" 200 - 840
0:0:0:0:0:0:0:1 - - [25/Dec/2025:22:41:07 +0700] "OPTIONS /api/v1/movies?page=0&size=20 HTTP/1.1" 200 - 1217
0:0:0:0:0:0:0:1 - - [25/Dec/2025:22:41:07 +0700] "OPTIONS /api/v1/movies/now-showing?page=0&size=12 HTTP/1.1" 200 - 1264
0:0:0:0:0:0:0:1 - - [25/Dec/2025:22:41:07 +0700] "OPTIONS /api/v1/movies/top-rated?page=0&size=10 HTTP/1.1" 200 - 751
0:0:0:0:0:0:0:1 - - [25/Dec/2025:22:41:07 +0700] "OPTIONS /api/v1/movies?page=0&size=20 HTTP/1.1" 200 - 748
0:0:0:0:0:0:0:1 - - [25/Dec/2025:22:41:07 +0700] "OPTIONS /api/v1/movies/coming-soon?page=0&size=12 HTTP/1.1" 200 - 696
0:0:0:0:0:0:0:1 - - [25/Dec/2025:22:41:07 +0700] "OPTIONS /api/v1/movies/now-showing?page=0&size=12 HTTP/1.1" 200 - 751
0:0:0:0:0:0:0:1 - - [25/Dec/2025:22:41:07 +0700] "OPTIONS /api/v1/movies/top-rated?page=0&size=10 HTTP/1.1" 200 - 1117
0:0:0:0:0:0:0:1 - - [25/Dec/2025:22:41:07 +0700] "GET /api/v1/movies/top-rated?page=0&size=10 HTTP/1.1" 404 165 33149
0:0:0:0:0:0:0:1 - - [25/Dec/2025:22:41:07 +0700] "GET /api/v1/movies/top-rated?page=0&size=10 HTTP/1.1" 404 164 21656
0:0:0:0:0:0:0:1 - - [25/Dec/2025:22:41:07 +0700] "GET /api/v1/movies/coming-soon?page=0&size=12 HTTP/1.1" 200 5956 105202
0:0:0:0:0:0:0:1 - - [25/Dec/2025:22:41:07 +0700] "GET /api/v1/movies/coming-soon?page=0&size=12 HTTP/1.1" 200 5956 16494
0:0:0:0:0:0:0:1 - - [25/Dec/2025:22:41:07 +0700] "GET /api/v1/movies/now-showing?page=0&size=12 HTTP/1.1" 200 7097 124235
0:0:0:0:0:0:0:1 - - [25/Dec/2025:22:41:07 +0700] "GET /api/v1/movies/now-showing?page=0&size=12 HTTP/1.1" 200 7097 21064
0:0:0:0:0:0:0:1 - - [25/Dec/2025:22:41:07 +0700] "GET /api/v1/movies?page=0&size=20 HTTP/1.1" 200 11204 168686
0:0:0:0:0:0:0:1 - - [25/Dec/2025:22:41:07 +0700] "GET /api/v1/movies?page=0&size=20 HTTP/1.1" 200 11204 20189
0:0:0:0:0:0:0:1 - - [25/Dec/2025:22:45:17 +0700] "OPTIONS /api/v1/regions HTTP/1.1" 200 - 1196
0:0:0:0:0:0:0:1 - - [25/Dec/2025:22:45:17 +0700] "OPTIONS /api/v1/movies/search?page=0&size=7&status=NOW_SHOWING&sort=createdAt,desc HTTP/1.1" 200 - 742
0:0:0:0:0:0:0:1 - - [25/Dec/2025:22:45:17 +0700] "OPTIONS /api/v1/regions HTTP/1.1" 200 - 648
0:0:0:0:0:0:0:1 - - [25/Dec/2025:22:45:17 +0700] "OPTIONS /api/v1/movies/98 HTTP/1.1" 200 - 1346
0:0:0:0:0:0:0:1 - - [25/Dec/2025:22:45:17 +0700] "OPTIONS /api/v1/movies/search?page=0&size=7&status=NOW_SHOWING&sort=createdAt,desc HTTP/1.1" 200 - 622
0:0:0:0:0:0:0:1 - - [25/Dec/2025:22:45:17 +0700] "OPTIONS /api/v1/movies/98 HTTP/1.1" 200 - 988
0:0:0:0:0:0:0:1 - - [25/Dec/2025:22:45:17 +0700] "GET /api/v1/regions HTTP/1.1" 200 3720 18889
0:0:0:0:0:0:0:1 - - [25/Dec/2025:22:45:17 +0700] "GET /api/v1/movies/98 HTTP/1.1" 200 1347 18834
0:0:0:0:0:0:0:1 - - [25/Dec/2025:22:45:17 +0700] "GET /api/v1/regions HTTP/1.1" 200 3720 11839
0:0:0:0:0:0:0:1 - - [25/Dec/2025:22:45:17 +0700] "GET /api/v1/movies/98 HTTP/1.1" 200 1347 11784
0:0:0:0:0:0:0:1 - - [25/Dec/2025:22:45:17 +0700] "GET /api/v1/movies/search?page=0&size=7&status=NOW_SHOWING&sort=createdAt,desc HTTP/1.1" 200 4695 61985
0:0:0:0:0:0:0:1 - - [25/Dec/2025:22:45:18 +0700] "OPTIONS /api/v1/comments/average-rating/98 HTTP/1.1" 200 - 1674
0:0:0:0:0:0:0:1 - - [25/Dec/2025:22:45:18 +0700] "OPTIONS /api/v1/comments/movie/98?page=0&size=10&sort=createdAt,desc HTTP/1.1" 200 - 1827
0:0:0:0:0:0:0:1 - - [25/Dec/2025:22:45:18 +0700] "OPTIONS /api/v1/showtime/movie/98/date/2025-12-24?page=0&size=5 HTTP/1.1" 200 - 1221
0:0:0:0:0:0:0:1 - - [25/Dec/2025:22:45:18 +0700] "OPTIONS /api/v1/comments/movie/98?page=0&size=10&sort=createdAt,desc HTTP/1.1" 200 - 1103
0:0:0:0:0:0:0:1 - - [25/Dec/2025:22:45:18 +0700] "OPTIONS /api/v1/comments/average-rating/98 HTTP/1.1" 200 - 1204
0:0:0:0:0:0:0:1 - - [25/Dec/2025:22:45:18 +0700] "OPTIONS /api/v1/showtime/movie/98/date/2025-12-24?page=0&size=5&cityId=1 HTTP/1.1" 200 - 1826
0:0:0:0:0:0:0:1 - - [25/Dec/2025:22:45:18 +0700] "GET /api/v1/comments/average-rating/98 HTTP/1.1" 500 177 18618
0:0:0:0:0:0:0:1 - - [25/Dec/2025:22:45:18 +0700] "GET /api/v1/comments/movie/98?page=0&size=10&sort=createdAt,desc HTTP/1.1" 500 168 27506
0:0:0:0:0:0:0:1 - - [25/Dec/2025:22:45:18 +0700] "GET /api/v1/showtime/movie/98/date/2025-12-24?page=0&size=5 HTTP/1.1" 200 443 32653
0:0:0:0:0:0:0:1 - - [25/Dec/2025:22:45:18 +0700] "GET /api/v1/showtime/movie/98/date/2025-12-24?page=0&size=5&cityId=1 HTTP/1.1" 200 441 33348
0:0:0:0:0:0:0:1 - - [25/Dec/2025:22:45:18 +0700] "GET /api/v1/movies/search?page=0&size=7&status=NOW_SHOWING&sort=createdAt,desc HTTP/1.1" 200 4695 75729
0:0:0:0:0:0:0:1 - - [25/Dec/2025:22:45:18 +0700] "GET /api/v1/comments/average-rating/98 HTTP/1.1" 500 177 20162
0:0:0:0:0:0:0:1 - - [25/Dec/2025:22:45:18 +0700] "GET /api/v1/comments/movie/98?page=0&size=10&sort=createdAt,desc HTTP/1.1" 500 168 18140
0:0:0:0:0:0:0:1 - - [25/Dec/2025:22:45:18 +0700] "GET /api/v1/movies/search?page=0&size=7&status=NOW_SHOWING&sort=createdAt,desc HTTP/1.1" 200 4695 66756
0:0:0:0:0:0:0:1 - - [25/Dec/2025:22:45:18 +0700] "GET /api/v1/showtime/movie/98/date/2025-12-24?page=0&size=5&cityId=1 HTTP/1.1" 200 441 34671
0:0:0:0:0:0:0:1 - - [25/Dec/2025:22:46:45 +0700] "OPTIONS /api/v1/movies/98 HTTP/1.1" 200 - 1873
0:0:0:0:0:0:0:1 - - [25/Dec/2025:22:46:45 +0700] "GET /api/v1/movies/98 HTTP/1.1" 200 1347 23680
0:0:0:0:0:0:0:1 - - [25/Dec/2025:22:46:45 +0700] "OPTIONS /api/v1/comments/movie/98?page=0&size=10&sort=createdAt,desc HTTP/1.1" 200 - 2606
0:0:0:0:0:0:0:1 - - [25/Dec/2025:22:46:45 +0700] "OPTIONS /api/v1/comments/average-rating/98 HTTP/1.1" 200 - 2544
0:0:0:0:0:0:0:1 - - [25/Dec/2025:22:46:45 +0700] "OPTIONS /api/v1/showtime/movie/98/date/2025-12-24?page=0&size=5&cityId=1 HTTP/1.1" 200 - 2783
0:0:0:0:0:0:0:1 - - [25/Dec/2025:22:46:45 +0700] "OPTIONS /api/v1/comments/movie/98?page=0&size=10&sort=createdAt,desc HTTP/1.1" 200 - 2295
0:0:0:0:0:0:0:1 - - [25/Dec/2025:22:46:45 +0700] "OPTIONS /api/v1/comments/average-rating/98 HTTP/1.1" 200 - 2273
0:0:0:0:0:0:0:1 - - [25/Dec/2025:22:46:45 +0700] "GET /api/v1/comments/average-rating/98 HTTP/1.1" 500 177 21739
0:0:0:0:0:0:0:1 - - [25/Dec/2025:22:46:45 +0700] "GET /api/v1/comments/movie/98?page=0&size=10&sort=createdAt,desc HTTP/1.1" 500 168 22688
0:0:0:0:0:0:0:1 - - [25/Dec/2025:22:46:45 +0700] "GET /api/v1/showtime/movie/98/date/2025-12-24?page=0&size=5&cityId=1 HTTP/1.1" 200 441 52451
0:0:0:0:0:0:0:1 - - [25/Dec/2025:22:46:46 +0700] "GET /api/v1/comments/average-rating/98 HTTP/1.1" 500 177 34503
0:0:0:0:0:0:0:1 - - [25/Dec/2025:22:46:46 +0700] "GET /api/v1/comments/movie/98?page=0&size=10&sort=createdAt,desc HTTP/1.1" 500 168 34494
0:0:0:0:0:0:0:1 - - [25/Dec/2025:22:46:47 +0700] "GET /api/v1/movies/98 HTTP/1.1" 200 1347 17124
0:0:0:0:0:0:0:1 - - [25/Dec/2025:22:46:47 +0700] "GET /api/v1/comments/movie/98?page=0&size=10&sort=createdAt,desc HTTP/1.1" 500 168 24424
0:0:0:0:0:0:0:1 - - [25/Dec/2025:22:46:47 +0700] "GET /api/v1/comments/average-rating/98 HTTP/1.1" 500 177 24219
0:0:0:0:0:0:0:1 - - [25/Dec/2025:22:46:47 +0700] "GET /api/v1/showtime/movie/98/date/2025-12-24?page=0&size=5&cityId=1 HTTP/1.1" 200 441 36876
0:0:0:0:0:0:0:1 - - [25/Dec/2025:22:46:47 +0700] "GET /api/v1/comments/average-rating/98 HTTP/1.1" 500 176 18234
0:0:0:0:0:0:0:1 - - [25/Dec/2025:22:46:47 +0700] "GET /api/v1/comments/movie/98?page=0&size=10&sort=createdAt,desc HTTP/1.1" 500 168 18271
0:0:0:0:0:0:0:1 - - [25/Dec/2025:22:47:11 +0700] "OPTIONS /api/v1/movies/98 HTTP/1.1" 200 - 1174
0:0:0:0:0:0:0:1 - - [25/Dec/2025:22:47:11 +0700] "GET /api/v1/movies/98 HTTP/1.1" 200 1347 23781
0:0:0:0:0:0:0:1 - - [25/Dec/2025:22:47:11 +0700] "OPTIONS /api/v1/comments/movie/98?page=0&size=10&sort=createdAt,desc HTTP/1.1" 200 - 1403
0:0:0:0:0:0:0:1 - - [25/Dec/2025:22:47:11 +0700] "OPTIONS /api/v1/comments/average-rating/98 HTTP/1.1" 200 - 1261
0:0:0:0:0:0:0:1 - - [25/Dec/2025:22:47:11 +0700] "OPTIONS /api/v1/showtime/movie/98/date/2025-12-24?page=0&size=5&cityId=1 HTTP/1.1" 200 - 906
0:0:0:0:0:0:0:1 - - [25/Dec/2025:22:47:11 +0700] "OPTIONS /api/v1/comments/movie/98?page=0&size=10&sort=createdAt,desc HTTP/1.1" 200 - 898
0:0:0:0:0:0:0:1 - - [25/Dec/2025:22:47:11 +0700] "OPTIONS /api/v1/comments/average-rating/98 HTTP/1.1" 200 - 1208
0:0:0:0:0:0:0:1 - - [25/Dec/2025:22:47:11 +0700] "GET /api/v1/comments/average-rating/98 HTTP/1.1" 500 177 34891
0:0:0:0:0:0:0:1 - - [25/Dec/2025:22:47:11 +0700] "GET /api/v1/comments/movie/98?page=0&size=10&sort=createdAt,desc HTTP/1.1" 500 168 36040
0:0:0:0:0:0:0:1 - - [25/Dec/2025:22:47:11 +0700] "GET /api/v1/showtime/movie/98/date/2025-12-24?page=0&size=5&cityId=1 HTTP/1.1" 200 441 43902
0:0:0:0:0:0:0:1 - - [25/Dec/2025:22:47:11 +0700] "GET /api/v1/comments/average-rating/98 HTTP/1.1" 500 177 18519
0:0:0:0:0:0:0:1 - - [25/Dec/2025:22:47:11 +0700] "GET /api/v1/comments/movie/98?page=0&size=10&sort=createdAt,desc HTTP/1.1" 500 168 18547
0:0:0:0:0:0:0:1 - - [25/Dec/2025:22:47:12 +0700] "GET /api/v1/movies/98 HTTP/1.1" 200 1347 12956
0:0:0:0:0:0:0:1 - - [25/Dec/2025:22:47:13 +0700] "GET /api/v1/comments/movie/98?page=0&size=10&sort=createdAt,desc HTTP/1.1" 500 168 21200
0:0:0:0:0:0:0:1 - - [25/Dec/2025:22:47:13 +0700] "GET /api/v1/comments/average-rating/98 HTTP/1.1" 500 177 20665
0:0:0:0:0:0:0:1 - - [25/Dec/2025:22:47:13 +0700] "GET /api/v1/showtime/movie/98/date/2025-12-24?page=0&size=5&cityId=1 HTTP/1.1" 200 441 28258
0:0:0:0:0:0:0:1 - - [25/Dec/2025:22:47:13 +0700] "GET /api/v1/comments/average-rating/98 HTTP/1.1" 500 177 14213
0:0:0:0:0:0:0:1 - - [25/Dec/2025:22:47:13 +0700] "GET /api/v1/comments/movie/98?page=0&size=10&sort=createdAt,desc HTTP/1.1" 500 168 14440
0:0:0:0:0:0:0:1 - - [25/Dec/2025:22:47:28 +0700] "OPTIONS /api/v1/movies/98 HTTP/1.1" 200 - 1162
0:0:0:0:0:0:0:1 - - [25/Dec/2025:22:47:28 +0700] "GET /api/v1/movies/98 HTTP/1.1" 200 1347 18831
0:0:0:0:0:0:0:1 - - [25/Dec/2025:22:47:28 +0700] "OPTIONS /api/v1/comments/movie/98?page=0&size=10&sort=createdAt,desc HTTP/1.1" 200 - 1313
0:0:0:0:0:0:0:1 - - [25/Dec/2025:22:47:28 +0700] "OPTIONS /api/v1/showtime/movie/98/date/2025-12-24?page=0&size=5&cityId=1 HTTP/1.1" 200 - 878
0:0:0:0:0:0:0:1 - - [25/Dec/2025:22:47:28 +0700] "OPTIONS /api/v1/comments/average-rating/98 HTTP/1.1" 200 - 1099
0:0:0:0:0:0:0:1 - - [25/Dec/2025:22:47:28 +0700] "OPTIONS /api/v1/comments/movie/98?page=0&size=10&sort=createdAt,desc HTTP/1.1" 200 - 923
0:0:0:0:0:0:0:1 - - [25/Dec/2025:22:47:28 +0700] "OPTIONS /api/v1/comments/average-rating/98 HTTP/1.1" 200 - 1271
0:0:0:0:0:0:0:1 - - [25/Dec/2025:22:47:28 +0700] "GET /api/v1/comments/average-rating/98 HTTP/1.1" 500 177 22976
0:0:0:0:0:0:0:1 - - [25/Dec/2025:22:47:28 +0700] "GET /api/v1/comments/movie/98?page=0&size=10&sort=createdAt,desc HTTP/1.1" 500 168 23514
0:0:0:0:0:0:0:1 - - [25/Dec/2025:22:47:28 +0700] "GET /api/v1/showtime/movie/98/date/2025-12-24?page=0&size=5&cityId=1 HTTP/1.1" 200 441 30068
0:0:0:0:0:0:0:1 - - [25/Dec/2025:22:47:28 +0700] "GET /api/v1/comments/movie/98?page=0&size=10&sort=createdAt,desc HTTP/1.1" 500 168 19283
0:0:0:0:0:0:0:1 - - [25/Dec/2025:22:47:28 +0700] "GET /api/v1/comments/average-rating/98 HTTP/1.1" 500 177 24346
0:0:0:0:0:0:0:1 - - [25/Dec/2025:22:47:42 +0700] "OPTIONS /api/v1/movies/98 HTTP/1.1" 200 - 1707
0:0:0:0:0:0:0:1 - - [25/Dec/2025:22:47:42 +0700] "GET /api/v1/movies/98 HTTP/1.1" 200 1347 17494
0:0:0:0:0:0:0:1 - - [25/Dec/2025:22:47:42 +0700] "OPTIONS /api/v1/comments/movie/98?page=0&size=10&sort=createdAt,desc HTTP/1.1" 200 - 1047
0:0:0:0:0:0:0:1 - - [25/Dec/2025:22:47:42 +0700] "OPTIONS /api/v1/comments/average-rating/98 HTTP/1.1" 200 - 1267
0:0:0:0:0:0:0:1 - - [25/Dec/2025:22:47:42 +0700] "OPTIONS /api/v1/showtime/movie/98/date/2025-12-24?page=0&size=5&cityId=1 HTTP/1.1" 200 - 720
0:0:0:0:0:0:0:1 - - [25/Dec/2025:22:47:42 +0700] "OPTIONS /api/v1/comments/movie/98?page=0&size=10&sort=createdAt,desc HTTP/1.1" 200 - 732
0:0:0:0:0:0:0:1 - - [25/Dec/2025:22:47:42 +0700] "OPTIONS /api/v1/comments/average-rating/98 HTTP/1.1" 200 - 834
0:0:0:0:0:0:0:1 - - [25/Dec/2025:22:47:42 +0700] "GET /api/v1/comments/average-rating/98 HTTP/1.1" 500 177 23336
0:0:0:0:0:0:0:1 - - [25/Dec/2025:22:47:42 +0700] "GET /api/v1/comments/movie/98?page=0&size=10&sort=createdAt,desc HTTP/1.1" 500 168 24174
0:0:0:0:0:0:0:1 - - [25/Dec/2025:22:47:42 +0700] "GET /api/v1/showtime/movie/98/date/2025-12-24?page=0&size=5&cityId=1 HTTP/1.1" 200 441 29833
0:0:0:0:0:0:0:1 - - [25/Dec/2025:22:47:42 +0700] "GET /api/v1/comments/movie/98?page=0&size=10&sort=createdAt,desc HTTP/1.1" 500 167 17513
0:0:0:0:0:0:0:1 - - [25/Dec/2025:22:47:42 +0700] "GET /api/v1/comments/average-rating/98 HTTP/1.1" 500 176 18486
0:0:0:0:0:0:0:1 - - [25/Dec/2025:22:47:55 +0700] "OPTIONS /api/v1/movies/98 HTTP/1.1" 200 - 1719
0:0:0:0:0:0:0:1 - - [25/Dec/2025:22:47:55 +0700] "GET /api/v1/movies/98 HTTP/1.1" 200 1347 26084
0:0:0:0:0:0:0:1 - - [25/Dec/2025:22:47:55 +0700] "OPTIONS /api/v1/comments/movie/98?page=0&size=10&sort=createdAt,desc HTTP/1.1" 200 - 1458
0:0:0:0:0:0:0:1 - - [25/Dec/2025:22:47:55 +0700] "OPTIONS /api/v1/comments/average-rating/98 HTTP/1.1" 200 - 1012
0:0:0:0:0:0:0:1 - - [25/Dec/2025:22:47:55 +0700] "OPTIONS /api/v1/showtime/movie/98/date/2025-12-24?page=0&size=5&cityId=1 HTTP/1.1" 200 - 1349
0:0:0:0:0:0:0:1 - - [25/Dec/2025:22:47:55 +0700] "OPTIONS /api/v1/comments/average-rating/98 HTTP/1.1" 200 - 1663
0:0:0:0:0:0:0:1 - - [25/Dec/2025:22:47:55 +0700] "OPTIONS /api/v1/comments/movie/98?page=0&size=10&sort=createdAt,desc HTTP/1.1" 200 - 1833
0:0:0:0:0:0:0:1 - - [25/Dec/2025:22:47:55 +0700] "GET /api/v1/comments/movie/98?page=0&size=10&sort=createdAt,desc HTTP/1.1" 500 168 20140
0:0:0:0:0:0:0:1 - - [25/Dec/2025:22:47:55 +0700] "GET /api/v1/comments/average-rating/98 HTTP/1.1" 500 177 18782
0:0:0:0:0:0:0:1 - - [25/Dec/2025:22:47:55 +0700] "GET /api/v1/showtime/movie/98/date/2025-12-24?page=0&size=5&cityId=1 HTTP/1.1" 200 441 27385
0:0:0:0:0:0:0:1 - - [25/Dec/2025:22:47:55 +0700] "GET /api/v1/comments/average-rating/98 HTTP/1.1" 500 177 16958
0:0:0:0:0:0:0:1 - - [25/Dec/2025:22:47:55 +0700] "GET /api/v1/comments/movie/98?page=0&size=10&sort=createdAt,desc HTTP/1.1" 500 168 18732
0:0:0:0:0:0:0:1 - - [25/Dec/2025:22:48:00 +0700] "OPTIONS /api/v1/movies/98 HTTP/1.1" 200 - 1290
0:0:0:0:0:0:0:1 - - [25/Dec/2025:22:48:00 +0700] "GET /api/v1/movies/98 HTTP/1.1" 200 1347 16530
0:0:0:0:0:0:0:1 - - [25/Dec/2025:22:48:00 +0700] "OPTIONS /api/v1/comments/movie/98?page=0&size=10&sort=createdAt,desc HTTP/1.1" 200 - 1267
0:0:0:0:0:0:0:1 - - [25/Dec/2025:22:48:00 +0700] "OPTIONS /api/v1/comments/average-rating/98 HTTP/1.1" 200 - 1323
0:0:0:0:0:0:0:1 - - [25/Dec/2025:22:48:00 +0700] "OPTIONS /api/v1/showtime/movie/98/date/2025-12-24?page=0&size=5&cityId=1 HTTP/1.1" 200 - 1153
0:0:0:0:0:0:0:1 - - [25/Dec/2025:22:48:00 +0700] "OPTIONS /api/v1/comments/movie/98?page=0&size=10&sort=createdAt,desc HTTP/1.1" 200 - 2504
0:0:0:0:0:0:0:1 - - [25/Dec/2025:22:48:00 +0700] "OPTIONS /api/v1/comments/average-rating/98 HTTP/1.1" 200 - 2421
0:0:0:0:0:0:0:1 - - [25/Dec/2025:22:48:01 +0700] "GET /api/v1/comments/average-rating/98 HTTP/1.1" 500 177 20683
0:0:0:0:0:0:0:1 - - [25/Dec/2025:22:48:01 +0700] "GET /api/v1/comments/movie/98?page=0&size=10&sort=createdAt,desc HTTP/1.1" 500 168 23110
0:0:0:0:0:0:0:1 - - [25/Dec/2025:22:48:01 +0700] "GET /api/v1/showtime/movie/98/date/2025-12-24?page=0&size=5&cityId=1 HTTP/1.1" 200 441 30614
0:0:0:0:0:0:0:1 - - [25/Dec/2025:22:48:01 +0700] "GET /api/v1/comments/average-rating/98 HTTP/1.1" 500 177 15246
0:0:0:0:0:0:0:1 - - [25/Dec/2025:22:48:01 +0700] "GET /api/v1/comments/movie/98?page=0&size=10&sort=createdAt,desc HTTP/1.1" 500 168 13840
0:0:0:0:0:0:0:1 - - [25/Dec/2025:22:48:02 +0700] "GET /api/v1/movies/98 HTTP/1.1" 200 1347 21501
0:0:0:0:0:0:0:1 - - [25/Dec/2025:22:48:02 +0700] "GET /api/v1/comments/movie/98?page=0&size=10&sort=createdAt,desc HTTP/1.1" 500 168 15113
0:0:0:0:0:0:0:1 - - [25/Dec/2025:22:48:02 +0700] "GET /api/v1/comments/average-rating/98 HTTP/1.1" 500 177 14739
0:0:0:0:0:0:0:1 - - [25/Dec/2025:22:48:02 +0700] "GET /api/v1/showtime/movie/98/date/2025-12-24?page=0&size=5&cityId=1 HTTP/1.1" 200 441 24619
0:0:0:0:0:0:0:1 - - [25/Dec/2025:22:48:02 +0700] "GET /api/v1/comments/movie/98?page=0&size=10&sort=createdAt,desc HTTP/1.1" 500 168 15814
0:0:0:0:0:0:0:1 - - [25/Dec/2025:22:48:02 +0700] "GET /api/v1/comments/average-rating/98 HTTP/1.1" 500 177 15759
0:0:0:0:0:0:0:1 - - [25/Dec/2025:22:48:09 +0700] "OPTIONS /api/v1/movies/98 HTTP/1.1" 200 - 1359
0:0:0:0:0:0:0:1 - - [25/Dec/2025:22:48:09 +0700] "GET /api/v1/movies/98 HTTP/1.1" 200 1347 16533
0:0:0:0:0:0:0:1 - - [25/Dec/2025:22:48:09 +0700] "OPTIONS /api/v1/comments/average-rating/98 HTTP/1.1" 200 - 974
0:0:0:0:0:0:0:1 - - [25/Dec/2025:22:48:09 +0700] "OPTIONS /api/v1/showtime/movie/98/date/2025-12-24?page=0&size=5&cityId=1 HTTP/1.1" 200 - 745
0:0:0:0:0:0:0:1 - - [25/Dec/2025:22:48:09 +0700] "OPTIONS /api/v1/comments/movie/98?page=0&size=10&sort=createdAt,desc HTTP/1.1" 200 - 1883
0:0:0:0:0:0:0:1 - - [25/Dec/2025:22:48:09 +0700] "OPTIONS /api/v1/comments/movie/98?page=0&size=10&sort=createdAt,desc HTTP/1.1" 200 - 1070
0:0:0:0:0:0:0:1 - - [25/Dec/2025:22:48:09 +0700] "OPTIONS /api/v1/comments/average-rating/98 HTTP/1.1" 200 - 1048
0:0:0:0:0:0:0:1 - - [25/Dec/2025:22:48:09 +0700] "GET /api/v1/comments/movie/98?page=0&size=10&sort=createdAt,desc HTTP/1.1" 500 168 28037
0:0:0:0:0:0:0:1 - - [25/Dec/2025:22:48:09 +0700] "GET /api/v1/comments/average-rating/98 HTTP/1.1" 500 177 31958
0:0:0:0:0:0:0:1 - - [25/Dec/2025:22:48:09 +0700] "GET /api/v1/showtime/movie/98/date/2025-12-24?page=0&size=5&cityId=1 HTTP/1.1" 200 441 40615
0:0:0:0:0:0:0:1 - - [25/Dec/2025:22:48:09 +0700] "GET /api/v1/comments/movie/98?page=0&size=10&sort=createdAt,desc HTTP/1.1" 500 168 21714
0:0:0:0:0:0:0:1 - - [25/Dec/2025:22:48:09 +0700] "GET /api/v1/comments/average-rating/98 HTTP/1.1" 500 177 17989
0:0:0:0:0:0:0:1 - - [25/Dec/2025:22:48:44 +0700] "OPTIONS /api/v1/movies/98 HTTP/1.1" 200 - 1461
0:0:0:0:0:0:0:1 - - [25/Dec/2025:22:48:44 +0700] "GET /api/v1/movies/98 HTTP/1.1" 200 1347 26287
0:0:0:0:0:0:0:1 - - [25/Dec/2025:22:48:44 +0700] "OPTIONS /api/v1/comments/movie/98?page=0&size=10&sort=createdAt,desc HTTP/1.1" 200 - 1545
0:0:0:0:0:0:0:1 - - [25/Dec/2025:22:48:44 +0700] "OPTIONS /api/v1/comments/average-rating/98 HTTP/1.1" 200 - 1230
0:0:0:0:0:0:0:1 - - [25/Dec/2025:22:48:44 +0700] "OPTIONS /api/v1/showtime/movie/98/date/2025-12-24?page=0&size=5&cityId=1 HTTP/1.1" 200 - 1103
0:0:0:0:0:0:0:1 - - [25/Dec/2025:22:48:44 +0700] "OPTIONS /api/v1/comments/average-rating/98 HTTP/1.1" 200 - 1353
0:0:0:0:0:0:0:1 - - [25/Dec/2025:22:48:44 +0700] "OPTIONS /api/v1/comments/movie/98?page=0&size=10&sort=createdAt,desc HTTP/1.1" 200 - 1455
0:0:0:0:0:0:0:1 - - [25/Dec/2025:22:48:44 +0700] "GET /api/v1/comments/average-rating/98 HTTP/1.1" 500 177 17034
0:0:0:0:0:0:0:1 - - [25/Dec/2025:22:48:44 +0700] "GET /api/v1/comments/movie/98?page=0&size=10&sort=createdAt,desc HTTP/1.1" 500 168 17376
0:0:0:0:0:0:0:1 - - [25/Dec/2025:22:48:44 +0700] "GET /api/v1/showtime/movie/98/date/2025-12-24?page=0&size=5&cityId=1 HTTP/1.1" 200 441 27558
0:0:0:0:0:0:0:1 - - [25/Dec/2025:22:48:44 +0700] "GET /api/v1/comments/movie/98?page=0&size=10&sort=createdAt,desc HTTP/1.1" 500 168 14771
0:0:0:0:0:0:0:1 - - [25/Dec/2025:22:48:44 +0700] "GET /api/v1/comments/average-rating/98 HTTP/1.1" 500 177 17631
0:0:0:0:0:0:0:1 - - [25/Dec/2025:22:49:00 +0700] "OPTIONS /api/v1/movies/98 HTTP/1.1" 200 - 1039
0:0:0:0:0:0:0:1 - - [25/Dec/2025:22:49:00 +0700] "GET /api/v1/movies/98 HTTP/1.1" 200 1347 18122
0:0:0:0:0:0:0:1 - - [25/Dec/2025:22:49:01 +0700] "OPTIONS /api/v1/comments/movie/98?page=0&size=10&sort=createdAt,desc HTTP/1.1" 200 - 2768
0:0:0:0:0:0:0:1 - - [25/Dec/2025:22:49:01 +0700] "OPTIONS /api/v1/comments/average-rating/98 HTTP/1.1" 200 - 1812
0:0:0:0:0:0:0:1 - - [25/Dec/2025:22:49:01 +0700] "OPTIONS /api/v1/comments/average-rating/98 HTTP/1.1" 200 - 1726
0:0:0:0:0:0:0:1 - - [25/Dec/2025:22:49:01 +0700] "OPTIONS /api/v1/showtime/movie/98/date/2025-12-24?page=0&size=5&cityId=1 HTTP/1.1" 200 - 1796
0:0:0:0:0:0:0:1 - - [25/Dec/2025:22:49:01 +0700] "OPTIONS /api/v1/comments/movie/98?page=0&size=10&sort=createdAt,desc HTTP/1.1" 200 - 1907
0:0:0:0:0:0:0:1 - - [25/Dec/2025:22:49:01 +0700] "GET /api/v1/comments/movie/98?page=0&size=10&sort=createdAt,desc HTTP/1.1" 500 168 21366
0:0:0:0:0:0:0:1 - - [25/Dec/2025:22:49:01 +0700] "GET /api/v1/comments/average-rating/98 HTTP/1.1" 500 177 22287
0:0:0:0:0:0:0:1 - - [25/Dec/2025:22:49:01 +0700] "GET /api/v1/showtime/movie/98/date/2025-12-24?page=0&size=5&cityId=1 HTTP/1.1" 200 441 32093
0:0:0:0:0:0:0:1 - - [25/Dec/2025:22:49:01 +0700] "GET /api/v1/comments/average-rating/98 HTTP/1.1" 500 177 19009
0:0:0:0:0:0:0:1 - - [25/Dec/2025:22:49:01 +0700] "GET /api/v1/comments/movie/98?page=0&size=10&sort=createdAt,desc HTTP/1.1" 500 168 21014
0:0:0:0:0:0:0:1 - - [25/Dec/2025:22:49:02 +0700] "GET /api/v1/movies/98 HTTP/1.1" 200 1347 17514
0:0:0:0:0:0:0:1 - - [25/Dec/2025:22:49:02 +0700] "GET /api/v1/comments/movie/98?page=0&size=10&sort=createdAt,desc HTTP/1.1" 500 168 27259
0:0:0:0:0:0:0:1 - - [25/Dec/2025:22:49:02 +0700] "GET /api/v1/comments/average-rating/98 HTTP/1.1" 500 177 28441
0:0:0:0:0:0:0:1 - - [25/Dec/2025:22:49:02 +0700] "GET /api/v1/showtime/movie/98/date/2025-12-24?page=0&size=5&cityId=1 HTTP/1.1" 200 441 41223
0:0:0:0:0:0:0:1 - - [25/Dec/2025:22:49:02 +0700] "GET /api/v1/comments/average-rating/98 HTTP/1.1" 500 177 23965
0:0:0:0:0:0:0:1 - - [25/Dec/2025:22:49:02 +0700] "GET /api/v1/comments/movie/98?page=0&size=10&sort=createdAt,desc HTTP/1.1" 500 168 26891
0:0:0:0:0:0:0:1 - - [25/Dec/2025:22:55:48 +0700] "OPTIONS /api/v1/movies/98 HTTP/1.1" 200 - 1671
0:0:0:0:0:0:0:1 - - [25/Dec/2025:22:55:48 +0700] "GET /api/v1/movies/98 HTTP/1.1" 200 1347 32209
0:0:0:0:0:0:0:1 - - [25/Dec/2025:22:55:48 +0700] "OPTIONS /api/v1/comments/movie/98?page=0&size=10&sort=createdAt,desc HTTP/1.1" 200 - 1401
0:0:0:0:0:0:0:1 - - [25/Dec/2025:22:55:48 +0700] "OPTIONS /api/v1/comments/average-rating/98 HTTP/1.1" 200 - 1395
0:0:0:0:0:0:0:1 - - [25/Dec/2025:22:55:48 +0700] "OPTIONS /api/v1/comments/movie/98?page=0&size=10&sort=createdAt,desc HTTP/1.1" 200 - 1114
0:0:0:0:0:0:0:1 - - [25/Dec/2025:22:55:48 +0700] "OPTIONS /api/v1/showtime/movie/98/date/2025-12-24?page=0&size=5&cityId=1 HTTP/1.1" 200 - 1233
0:0:0:0:0:0:0:1 - - [25/Dec/2025:22:55:48 +0700] "OPTIONS /api/v1/comments/average-rating/98 HTTP/1.1" 200 - 1055
0:0:0:0:0:0:0:1 - - [25/Dec/2025:22:55:48 +0700] "GET /api/v1/comments/movie/98?page=0&size=10&sort=createdAt,desc HTTP/1.1" 500 168 16092
0:0:0:0:0:0:0:1 - - [25/Dec/2025:22:55:48 +0700] "GET /api/v1/comments/average-rating/98 HTTP/1.1" 500 177 15657
0:0:0:0:0:0:0:1 - - [25/Dec/2025:22:55:48 +0700] "GET /api/v1/showtime/movie/98/date/2025-12-24?page=0&size=5&cityId=1 HTTP/1.1" 200 441 23191
0:0:0:0:0:0:0:1 - - [25/Dec/2025:22:55:48 +0700] "GET /api/v1/comments/average-rating/98 HTTP/1.1" 500 177 16355
0:0:0:0:0:0:0:1 - - [25/Dec/2025:22:55:48 +0700] "GET /api/v1/comments/movie/98?page=0&size=10&sort=createdAt,desc HTTP/1.1" 500 168 16973
0:0:0:0:0:0:0:1 - - [25/Dec/2025:22:57:21 +0700] "OPTIONS /api/v1/movies/98 HTTP/1.1" 200 - 855
0:0:0:0:0:0:0:1 - - [25/Dec/2025:22:57:21 +0700] "GET /api/v1/movies/98 HTTP/1.1" 200 1347 12769
0:0:0:0:0:0:0:1 - - [25/Dec/2025:22:57:21 +0700] "OPTIONS /api/v1/comments/movie/98?page=0&size=10&sort=createdAt,desc HTTP/1.1" 200 - 2502
0:0:0:0:0:0:0:1 - - [25/Dec/2025:22:57:21 +0700] "OPTIONS /api/v1/comments/average-rating/98 HTTP/1.1" 200 - 2504
0:0:0:0:0:0:0:1 - - [25/Dec/2025:22:57:21 +0700] "OPTIONS /api/v1/showtime/movie/98/date/2025-12-24?page=0&size=5&cityId=1 HTTP/1.1" 200 - 962
0:0:0:0:0:0:0:1 - - [25/Dec/2025:22:57:21 +0700] "OPTIONS /api/v1/comments/movie/98?page=0&size=10&sort=createdAt,desc HTTP/1.1" 200 - 1244
0:0:0:0:0:0:0:1 - - [25/Dec/2025:22:57:21 +0700] "OPTIONS /api/v1/comments/average-rating/98 HTTP/1.1" 200 - 1159
0:0:0:0:0:0:0:1 - - [25/Dec/2025:22:57:21 +0700] "GET /api/v1/comments/average-rating/98 HTTP/1.1" 500 176 20406
0:0:0:0:0:0:0:1 - - [25/Dec/2025:22:57:21 +0700] "GET /api/v1/comments/movie/98?page=0&size=10&sort=createdAt,desc HTTP/1.1" 500 167 20495
0:0:0:0:0:0:0:1 - - [25/Dec/2025:22:57:21 +0700] "GET /api/v1/comments/average-rating/98 HTTP/1.1" 500 177 17116
0:0:0:0:0:0:0:1 - - [25/Dec/2025:22:57:21 +0700] "GET /api/v1/comments/movie/98?page=0&size=10&sort=createdAt,desc HTTP/1.1" 500 168 17045
0:0:0:0:0:0:0:1 - - [25/Dec/2025:22:57:21 +0700] "GET /api/v1/showtime/movie/98/date/2025-12-24?page=0&size=5&cityId=1 HTTP/1.1" 200 441 38014
0:0:0:0:0:0:0:1 - - [25/Dec/2025:22:57:38 +0700] "OPTIONS /api/v1/movies/98 HTTP/1.1" 200 - 1073
0:0:0:0:0:0:0:1 - - [25/Dec/2025:22:57:38 +0700] "GET /api/v1/movies/98 HTTP/1.1" 200 1347 32407
0:0:0:0:0:0:0:1 - - [25/Dec/2025:22:57:38 +0700] "OPTIONS /api/v1/comments/movie/98?page=0&size=10&sort=createdAt,desc HTTP/1.1" 200 - 2007
0:0:0:0:0:0:0:1 - - [25/Dec/2025:22:57:38 +0700] "OPTIONS /api/v1/comments/movie/98?page=0&size=10&sort=createdAt,desc HTTP/1.1" 200 - 1103
0:0:0:0:0:0:0:1 - - [25/Dec/2025:22:57:38 +0700] "OPTIONS /api/v1/showtime/movie/98/date/2025-12-24?page=0&size=5&cityId=1 HTTP/1.1" 200 - 1225
0:0:0:0:0:0:0:1 - - [25/Dec/2025:22:57:38 +0700] "OPTIONS /api/v1/comments/average-rating/98 HTTP/1.1" 200 - 1313
0:0:0:0:0:0:0:1 - - [25/Dec/2025:22:57:38 +0700] "OPTIONS /api/v1/comments/average-rating/98 HTTP/1.1" 200 - 2467
0:0:0:0:0:0:0:1 - - [25/Dec/2025:22:57:38 +0700] "GET /api/v1/comments/average-rating/98 HTTP/1.1" 500 177 24405
0:0:0:0:0:0:0:1 - - [25/Dec/2025:22:57:38 +0700] "GET /api/v1/comments/movie/98?page=0&size=10&sort=createdAt,desc HTTP/1.1" 500 168 34885
0:0:0:0:0:0:0:1 - - [25/Dec/2025:22:57:38 +0700] "GET /api/v1/comments/average-rating/98 HTTP/1.1" 500 177 23924
0:0:0:0:0:0:0:1 - - [25/Dec/2025:22:57:38 +0700] "GET /api/v1/showtime/movie/98/date/2025-12-24?page=0&size=5&cityId=1 HTTP/1.1" 200 441 56055
0:0:0:0:0:0:0:1 - - [25/Dec/2025:22:57:38 +0700] "GET /api/v1/comments/movie/98?page=0&size=10&sort=createdAt,desc HTTP/1.1" 500 168 21420
0:0:0:0:0:0:0:1 - - [25/Dec/2025:23:00:05 +0700] "OPTIONS /api/v1/movies/98 HTTP/1.1" 200 - 1639
0:0:0:0:0:0:0:1 - - [25/Dec/2025:23:00:06 +0700] "GET /api/v1/movies/98 HTTP/1.1" 200 1347 31584
0:0:0:0:0:0:0:1 - - [25/Dec/2025:23:00:06 +0700] "OPTIONS /api/v1/comments/movie/98?page=0&size=10&sort=createdAt,desc HTTP/1.1" 200 - 1350
0:0:0:0:0:0:0:1 - - [25/Dec/2025:23:00:06 +0700] "OPTIONS /api/v1/comments/average-rating/98 HTTP/1.1" 200 - 1305
0:0:0:0:0:0:0:1 - - [25/Dec/2025:23:00:06 +0700] "OPTIONS /api/v1/showtime/movie/98/date/2025-12-24?page=0&size=5&cityId=1 HTTP/1.1" 200 - 1411
0:0:0:0:0:0:0:1 - - [25/Dec/2025:23:00:06 +0700] "OPTIONS /api/v1/comments/movie/98?page=0&size=10&sort=createdAt,desc HTTP/1.1" 200 - 2000
0:0:0:0:0:0:0:1 - - [25/Dec/2025:23:00:06 +0700] "OPTIONS /api/v1/comments/average-rating/98 HTTP/1.1" 200 - 1578
0:0:0:0:0:0:0:1 - - [25/Dec/2025:23:00:06 +0700] "GET /api/v1/comments/average-rating/98 HTTP/1.1" 500 177 23588
0:0:0:0:0:0:0:1 - - [25/Dec/2025:23:00:06 +0700] "GET /api/v1/showtime/movie/98/date/2025-12-24?page=0&size=5&cityId=1 HTTP/1.1" 200 441 33424
0:0:0:0:0:0:0:1 - - [25/Dec/2025:23:00:06 +0700] "GET /api/v1/comments/movie/98?page=0&size=10&sort=createdAt,desc HTTP/1.1" 500 168 37097
0:0:0:0:0:0:0:1 - - [25/Dec/2025:23:00:06 +0700] "GET /api/v1/comments/average-rating/98 HTTP/1.1" 500 177 20709
0:0:0:0:0:0:0:1 - - [25/Dec/2025:23:00:06 +0700] "GET /api/v1/comments/movie/98?page=0&size=10&sort=createdAt,desc HTTP/1.1" 500 168 18018
0:0:0:0:0:0:0:1 - - [25/Dec/2025:23:00:18 +0700] "OPTIONS /api/v1/movies/98 HTTP/1.1" 200 - 1173
0:0:0:0:0:0:0:1 - - [25/Dec/2025:23:00:18 +0700] "GET /api/v1/movies/98 HTTP/1.1" 200 1347 17118
0:0:0:0:0:0:0:1 - - [25/Dec/2025:23:00:18 +0700] "OPTIONS /api/v1/comments/movie/98?page=0&size=10&sort=createdAt,desc HTTP/1.1" 200 - 1789
0:0:0:0:0:0:0:1 - - [25/Dec/2025:23:00:18 +0700] "OPTIONS /api/v1/comments/average-rating/98 HTTP/1.1" 200 - 1617
0:0:0:0:0:0:0:1 - - [25/Dec/2025:23:00:18 +0700] "OPTIONS /api/v1/showtime/movie/98/date/2025-12-24?page=0&size=5&cityId=1 HTTP/1.1" 200 - 1184
0:0:0:0:0:0:0:1 - - [25/Dec/2025:23:00:18 +0700] "OPTIONS /api/v1/comments/movie/98?page=0&size=10&sort=createdAt,desc HTTP/1.1" 200 - 1216
0:0:0:0:0:0:0:1 - - [25/Dec/2025:23:00:18 +0700] "OPTIONS /api/v1/comments/average-rating/98 HTTP/1.1" 200 - 1582
0:0:0:0:0:0:0:1 - - [25/Dec/2025:23:00:18 +0700] "GET /api/v1/comments/average-rating/98 HTTP/1.1" 500 177 21173
0:0:0:0:0:0:0:1 - - [25/Dec/2025:23:00:18 +0700] "GET /api/v1/comments/movie/98?page=0&size=10&sort=createdAt,desc HTTP/1.1" 500 168 21220
0:0:0:0:0:0:0:1 - - [25/Dec/2025:23:00:18 +0700] "GET /api/v1/showtime/movie/98/date/2025-12-24?page=0&size=5&cityId=1 HTTP/1.1" 200 441 30729
0:0:0:0:0:0:0:1 - - [25/Dec/2025:23:00:18 +0700] "GET /api/v1/comments/average-rating/98 HTTP/1.1" 500 177 23197
0:0:0:0:0:0:0:1 - - [25/Dec/2025:23:00:18 +0700] "GET /api/v1/comments/movie/98?page=0&size=10&sort=createdAt,desc HTTP/1.1" 500 168 23094
0:0:0:0:0:0:0:1 - - [25/Dec/2025:23:02:55 +0700] "OPTIONS /api/v1/movies/98 HTTP/1.1" 200 - 1508
0:0:0:0:0:0:0:1 - - [25/Dec/2025:23:02:55 +0700] "GET /api/v1/movies/98 HTTP/1.1" 200 1347 29606
0:0:0:0:0:0:0:1 - - [25/Dec/2025:23:02:56 +0700] "OPTIONS /api/v1/comments/movie/98?page=0&size=10&sort=createdAt,desc HTTP/1.1" 200 - 1364
0:0:0:0:0:0:0:1 - - [25/Dec/2025:23:02:56 +0700] "OPTIONS /api/v1/comments/average-rating/98 HTTP/1.1" 200 - 997
0:0:0:0:0:0:0:1 - - [25/Dec/2025:23:02:56 +0700] "OPTIONS /api/v1/comments/average-rating/98 HTTP/1.1" 200 - 1492
0:0:0:0:0:0:0:1 - - [25/Dec/2025:23:02:56 +0700] "OPTIONS /api/v1/showtime/movie/98/date/2025-12-24?page=0&size=5&cityId=1 HTTP/1.1" 200 - 1752
0:0:0:0:0:0:0:1 - - [25/Dec/2025:23:02:56 +0700] "OPTIONS /api/v1/comments/movie/98?page=0&size=10&sort=createdAt,desc HTTP/1.1" 200 - 1693
0:0:0:0:0:0:0:1 - - [25/Dec/2025:23:02:56 +0700] "GET /api/v1/comments/movie/98?page=0&size=10&sort=createdAt,desc HTTP/1.1" 500 168 28182
0:0:0:0:0:0:0:1 - - [25/Dec/2025:23:02:56 +0700] "GET /api/v1/comments/average-rating/98 HTTP/1.1" 500 177 36800
0:0:0:0:0:0:0:1 - - [25/Dec/2025:23:02:56 +0700] "GET /api/v1/comments/movie/98?page=0&size=10&sort=createdAt,desc HTTP/1.1" 500 168 25207
0:0:0:0:0:0:0:1 - - [25/Dec/2025:23:02:56 +0700] "GET /api/v1/showtime/movie/98/date/2025-12-24?page=0&size=5&cityId=1 HTTP/1.1" 200 441 54034
0:0:0:0:0:0:0:1 - - [25/Dec/2025:23:02:56 +0700] "GET /api/v1/comments/average-rating/98 HTTP/1.1" 500 177 27638
0:0:0:0:0:0:0:1 - - [25/Dec/2025:23:03:08 +0700] "OPTIONS /api/v1/movies/98 HTTP/1.1" 200 - 1352
0:0:0:0:0:0:0:1 - - [25/Dec/2025:23:03:08 +0700] "GET /api/v1/movies/98 HTTP/1.1" 200 1347 34406
0:0:0:0:0:0:0:1 - - [25/Dec/2025:23:03:08 +0700] "OPTIONS /api/v1/comments/movie/98?page=0&size=10&sort=createdAt,desc HTTP/1.1" 200 - 1347
0:0:0:0:0:0:0:1 - - [25/Dec/2025:23:03:08 +0700] "OPTIONS /api/v1/showtime/movie/98/date/2025-12-24?page=0&size=5&cityId=1 HTTP/1.1" 200 - 1254
0:0:0:0:0:0:0:1 - - [25/Dec/2025:23:03:08 +0700] "OPTIONS /api/v1/comments/average-rating/98 HTTP/1.1" 200 - 1300
0:0:0:0:0:0:0:1 - - [25/Dec/2025:23:03:08 +0700] "OPTIONS /api/v1/comments/average-rating/98 HTTP/1.1" 200 - 1316
0:0:0:0:0:0:0:1 - - [25/Dec/2025:23:03:08 +0700] "OPTIONS /api/v1/comments/movie/98?page=0&size=10&sort=createdAt,desc HTTP/1.1" 200 - 1384
0:0:0:0:0:0:0:1 - - [25/Dec/2025:23:03:08 +0700] "GET /api/v1/comments/average-rating/98 HTTP/1.1" 500 177 23065
0:0:0:0:0:0:0:1 - - [25/Dec/2025:23:03:08 +0700] "GET /api/v1/comments/movie/98?page=0&size=10&sort=createdAt,desc HTTP/1.1" 500 168 30185
0:0:0:0:0:0:0:1 - - [25/Dec/2025:23:03:08 +0700] "GET /api/v1/showtime/movie/98/date/2025-12-24?page=0&size=5&cityId=1 HTTP/1.1" 200 441 49046
0:0:0:0:0:0:0:1 - - [25/Dec/2025:23:03:08 +0700] "GET /api/v1/comments/average-rating/98 HTTP/1.1" 500 177 31405
0:0:0:0:0:0:0:1 - - [25/Dec/2025:23:03:08 +0700] "GET /api/v1/comments/movie/98?page=0&size=10&sort=createdAt,desc HTTP/1.1" 500 168 29686
0:0:0:0:0:0:0:1 - - [25/Dec/2025:23:04:36 +0700] "OPTIONS /api/v1/movies/search?page=1&size=6&status=NOW_SHOWING&sort=createdAt,desc HTTP/1.1" 200 - 1130
0:0:0:0:0:0:0:1 - - [25/Dec/2025:23:04:36 +0700] "GET /api/v1/movies/search?page=1&size=6&status=NOW_SHOWING&sort=createdAt,desc HTTP/1.1" 200 4005 67911
0:0:0:0:0:0:0:1 - - [25/Dec/2025:23:04:44 +0700] "OPTIONS /api/v1/movies/search?page=2&size=6&status=NOW_SHOWING&sort=createdAt,desc HTTP/1.1" 200 - 781
0:0:0:0:0:0:0:1 - - [25/Dec/2025:23:04:44 +0700] "GET /api/v1/movies/search?page=2&size=6&status=NOW_SHOWING&sort=createdAt,desc HTTP/1.1" 200 3850 57092
0:0:0:0:0:0:0:1 - - [25/Dec/2025:23:04:52 +0700] "OPTIONS /api/v1/genres HTTP/1.1" 200 - 1072
0:0:0:0:0:0:0:1 - - [25/Dec/2025:23:04:52 +0700] "OPTIONS /api/v1/movies/search?page=0&size=15&sort=id,desc HTTP/1.1" 200 - 662
0:0:0:0:0:0:0:1 - - [25/Dec/2025:23:04:52 +0700] "OPTIONS /api/v1/movies/search?page=0&size=15&sort=id,desc HTTP/1.1" 200 - 471
0:0:0:0:0:0:0:1 - - [25/Dec/2025:23:04:52 +0700] "OPTIONS /api/v1/genres HTTP/1.1" 200 - 515
0:0:0:0:0:0:0:1 - - [25/Dec/2025:23:04:52 +0700] "GET /api/v1/genres HTTP/1.1" 200 840 69666
0:0:0:0:0:0:0:1 - - [25/Dec/2025:23:04:52 +0700] "GET /api/v1/genres HTTP/1.1" 200 840 19556
0:0:0:0:0:0:0:1 - - [25/Dec/2025:23:04:52 +0700] "GET /api/v1/movies/search?page=0&size=15&sort=id,desc HTTP/1.1" 200 9160 167233
0:0:0:0:0:0:0:1 - - [25/Dec/2025:23:04:52 +0700] "GET /api/v1/movies/search?page=0&size=15&sort=id,desc HTTP/1.1" 200 9160 88439
0:0:0:0:0:0:0:1 - - [25/Dec/2025:23:04:55 +0700] "OPTIONS /api/v1/movies/search?page=0&size=15&sort=id,desc&status=NOW_SHOWING HTTP/1.1" 200 - 852
0:0:0:0:0:0:0:1 - - [25/Dec/2025:23:04:55 +0700] "GET /api/v1/movies/search?page=0&size=15&sort=id,desc&status=NOW_SHOWING HTTP/1.1" 200 9306 108207
0:0:0:0:0:0:0:1 - - [25/Dec/2025:23:05:11 +0700] "OPTIONS /api/v1/regions HTTP/1.1" 200 - 1112
0:0:0:0:0:0:0:1 - - [25/Dec/2025:23:05:11 +0700] "OPTIONS /api/v1/movies/97 HTTP/1.1" 200 - 902
0:0:0:0:0:0:0:1 - - [25/Dec/2025:23:05:11 +0700] "OPTIONS /api/v1/movies/search?page=0&size=7&status=NOW_SHOWING&sort=createdAt,desc HTTP/1.1" 200 - 621
0:0:0:0:0:0:0:1 - - [25/Dec/2025:23:05:11 +0700] "OPTIONS /api/v1/regions HTTP/1.1" 200 - 878
0:0:0:0:0:0:0:1 - - [25/Dec/2025:23:05:11 +0700] "OPTIONS /api/v1/movies/search?page=0&size=7&status=NOW_SHOWING&sort=createdAt,desc HTTP/1.1" 200 - 752
0:0:0:0:0:0:0:1 - - [25/Dec/2025:23:05:11 +0700] "OPTIONS /api/v1/movies/97 HTTP/1.1" 200 - 1167
0:0:0:0:0:0:0:1 - - [25/Dec/2025:23:05:11 +0700] "GET /api/v1/regions HTTP/1.1" 200 3719 19647
0:0:0:0:0:0:0:1 - - [25/Dec/2025:23:05:11 +0700] "GET /api/v1/movies/97 HTTP/1.1" 200 1284 32262
0:0:0:0:0:0:0:1 - - [25/Dec/2025:23:05:11 +0700] "GET /api/v1/regions HTTP/1.1" 200 3718 15842
0:0:0:0:0:0:0:1 - - [25/Dec/2025:23:05:11 +0700] "GET /api/v1/movies/97 HTTP/1.1" 200 1284 11483
0:0:0:0:0:0:0:1 - - [25/Dec/2025:23:05:11 +0700] "GET /api/v1/movies/search?page=0&size=7&status=NOW_SHOWING&sort=createdAt,desc HTTP/1.1" 200 4695 59105
0:0:0:0:0:0:0:1 - - [25/Dec/2025:23:05:11 +0700] "OPTIONS /api/v1/comments/movie/97?page=0&size=10&sort=createdAt,desc HTTP/1.1" 200 - 1059
0:0:0:0:0:0:0:1 - - [25/Dec/2025:23:05:11 +0700] "OPTIONS /api/v1/comments/average-rating/97 HTTP/1.1" 200 - 890
0:0:0:0:0:0:0:1 - - [25/Dec/2025:23:05:11 +0700] "OPTIONS /api/v1/comments/movie/97?page=0&size=10&sort=createdAt,desc HTTP/1.1" 200 - 930
0:0:0:0:0:0:0:1 - - [25/Dec/2025:23:05:11 +0700] "OPTIONS /api/v1/showtime/movie/97/date/2025-12-24?page=0&size=5&cityId=1 HTTP/1.1" 200 - 1068
0:0:0:0:0:0:0:1 - - [25/Dec/2025:23:05:11 +0700] "OPTIONS /api/v1/comments/average-rating/97 HTTP/1.1" 200 - 1136
0:0:0:0:0:0:0:1 - - [25/Dec/2025:23:05:11 +0700] "GET /api/v1/movies/search?page=0&size=7&status=NOW_SHOWING&sort=createdAt,desc HTTP/1.1" 200 4695 63525
0:0:0:0:0:0:0:1 - - [25/Dec/2025:23:05:11 +0700] "GET /api/v1/comments/average-rating/97 HTTP/1.1" 500 177 17405
0:0:0:0:0:0:0:1 - - [25/Dec/2025:23:05:11 +0700] "GET /api/v1/comments/movie/97?page=0&size=10&sort=createdAt,desc HTTP/1.1" 500 167 45072
0:0:0:0:0:0:0:1 - - [25/Dec/2025:23:05:11 +0700] "GET /api/v1/showtime/movie/97/date/2025-12-24?page=0&size=5&cityId=1 HTTP/1.1" 200 441 48448
0:0:0:0:0:0:0:1 - - [25/Dec/2025:23:05:11 +0700] "GET /api/v1/comments/average-rating/97 HTTP/1.1" 500 177 17165
0:0:0:0:0:0:0:1 - - [25/Dec/2025:23:05:11 +0700] "GET /api/v1/comments/movie/97?page=0&size=10&sort=createdAt,desc HTTP/1.1" 500 168 15619
0:0:0:0:0:0:0:1 - - [25/Dec/2025:23:05:12 +0700] "GET /api/v1/movies/search?page=0&size=7&status=NOW_SHOWING&sort=createdAt,desc HTTP/1.1" 200 4695 89886
0:0:0:0:0:0:0:1 - - [25/Dec/2025:23:05:12 +0700] "GET /api/v1/showtime/movie/97/date/2025-12-24?page=0&size=5&cityId=1 HTTP/1.1" 200 441 28798
0:0:0:0:0:0:0:1 - - [25/Dec/2025:23:06:06 +0700] "OPTIONS /api/v1/movies/97 HTTP/1.1" 200 - 1309
0:0:0:0:0:0:0:1 - - [25/Dec/2025:23:06:06 +0700] "GET /api/v1/movies/97 HTTP/1.1" 200 1284 34795
0:0:0:0:0:0:0:1 - - [25/Dec/2025:23:06:06 +0700] "OPTIONS /api/v1/comments/average-rating/97 HTTP/1.1" 200 - 1299
0:0:0:0:0:0:0:1 - - [25/Dec/2025:23:06:06 +0700] "OPTIONS /api/v1/comments/movie/97?page=0&size=10&sort=createdAt,desc HTTP/1.1" 200 - 1370
0:0:0:0:0:0:0:1 - - [25/Dec/2025:23:06:06 +0700] "OPTIONS /api/v1/showtime/movie/97/date/2025-12-24?page=0&size=5&cityId=1 HTTP/1.1" 200 - 1281
0:0:0:0:0:0:0:1 - - [25/Dec/2025:23:06:06 +0700] "OPTIONS /api/v1/comments/average-rating/97 HTTP/1.1" 200 - 1005
0:0:0:0:0:0:0:1 - - [25/Dec/2025:23:06:06 +0700] "OPTIONS /api/v1/comments/movie/97?page=0&size=10&sort=createdAt,desc HTTP/1.1" 200 - 1097
0:0:0:0:0:0:0:1 - - [25/Dec/2025:23:06:06 +0700] "GET /api/v1/comments/average-rating/97 HTTP/1.1" 500 177 21870
0:0:0:0:0:0:0:1 - - [25/Dec/2025:23:06:06 +0700] "GET /api/v1/comments/movie/97?page=0&size=10&sort=createdAt,desc HTTP/1.1" 500 167 21424
0:0:0:0:0:0:0:1 - - [25/Dec/2025:23:06:06 +0700] "GET /api/v1/showtime/movie/97/date/2025-12-24?page=0&size=5&cityId=1 HTTP/1.1" 200 440 29441
0:0:0:0:0:0:0:1 - - [25/Dec/2025:23:06:06 +0700] "GET /api/v1/comments/average-rating/97 HTTP/1.1" 500 177 18196
0:0:0:0:0:0:0:1 - - [25/Dec/2025:23:06:06 +0700] "GET /api/v1/comments/movie/97?page=0&size=10&sort=createdAt,desc HTTP/1.1" 500 168 17636
0:0:0:0:0:0:0:1 - - [25/Dec/2025:23:06:16 +0700] "OPTIONS /api/v1/movies/97 HTTP/1.1" 200 - 1187
0:0:0:0:0:0:0:1 - - [25/Dec/2025:23:06:16 +0700] "GET /api/v1/movies/97 HTTP/1.1" 200 1284 21610
0:0:0:0:0:0:0:1 - - [25/Dec/2025:23:06:16 +0700] "OPTIONS /api/v1/comments/movie/97?page=0&size=10&sort=createdAt,desc HTTP/1.1" 200 - 1331
0:0:0:0:0:0:0:1 - - [25/Dec/2025:23:06:16 +0700] "OPTIONS /api/v1/comments/average-rating/97 HTTP/1.1" 200 - 852
0:0:0:0:0:0:0:1 - - [25/Dec/2025:23:06:16 +0700] "OPTIONS /api/v1/comments/movie/97?page=0&size=10&sort=createdAt,desc HTTP/1.1" 200 - 833
0:0:0:0:0:0:0:1 - - [25/Dec/2025:23:06:16 +0700] "OPTIONS /api/v1/showtime/movie/97/date/2025-12-24?page=0&size=5&cityId=1 HTTP/1.1" 200 - 750
0:0:0:0:0:0:0:1 - - [25/Dec/2025:23:06:16 +0700] "OPTIONS /api/v1/comments/average-rating/97 HTTP/1.1" 200 - 817
0:0:0:0:0:0:0:1 - - [25/Dec/2025:23:06:16 +0700] "GET /api/v1/comments/average-rating/97 HTTP/1.1" 500 177 14349
0:0:0:0:0:0:0:1 - - [25/Dec/2025:23:06:16 +0700] "GET /api/v1/comments/movie/97?page=0&size=10&sort=createdAt,desc HTTP/1.1" 500 168 16728
0:0:0:0:0:0:0:1 - - [25/Dec/2025:23:06:16 +0700] "GET /api/v1/showtime/movie/97/date/2025-12-24?page=0&size=5&cityId=1 HTTP/1.1" 200 441 22088
0:0:0:0:0:0:0:1 - - [25/Dec/2025:23:06:16 +0700] "GET /api/v1/comments/movie/97?page=0&size=10&sort=createdAt,desc HTTP/1.1" 500 168 12010
0:0:0:0:0:0:0:1 - - [25/Dec/2025:23:06:16 +0700] "GET /api/v1/comments/average-rating/97 HTTP/1.1" 500 177 13670
0:0:0:0:0:0:0:1 - - [25/Dec/2025:23:07:41 +0700] "OPTIONS /api/v1/genres HTTP/1.1" 200 - 964
0:0:0:0:0:0:0:1 - - [25/Dec/2025:23:07:41 +0700] "OPTIONS /api/v1/genres HTTP/1.1" 200 - 602
0:0:0:0:0:0:0:1 - - [25/Dec/2025:23:07:41 +0700] "OPTIONS /api/v1/movies/search?page=0&size=15&sort=id,desc HTTP/1.1" 200 - 554
0:0:0:0:0:0:0:1 - - [25/Dec/2025:23:07:41 +0700] "OPTIONS /api/v1/movies/search?page=0&size=15&sort=id,desc HTTP/1.1" 200 - 636
0:0:0:0:0:0:0:1 - - [25/Dec/2025:23:07:41 +0700] "GET /api/v1/genres HTTP/1.1" 200 840 16550
0:0:0:0:0:0:0:1 - - [25/Dec/2025:23:07:41 +0700] "GET /api/v1/genres HTTP/1.1" 200 840 17613
0:0:0:0:0:0:0:1 - - [25/Dec/2025:23:07:41 +0700] "GET /api/v1/movies/search?page=0&size=15&sort=id,desc HTTP/1.1" 200 9160 144465
0:0:0:0:0:0:0:1 - - [25/Dec/2025:23:07:41 +0700] "GET /api/v1/movies/search?page=0&size=15&sort=id,desc HTTP/1.1" 200 9160 153033
0:0:0:0:0:0:0:1 - - [25/Dec/2025:23:07:44 +0700] "OPTIONS /api/v1/regions HTTP/1.1" 200 - 1139
0:0:0:0:0:0:0:1 - - [25/Dec/2025:23:07:44 +0700] "OPTIONS /api/v1/movies/117 HTTP/1.1" 200 - 986
0:0:0:0:0:0:0:1 - - [25/Dec/2025:23:07:44 +0700] "OPTIONS /api/v1/movies/search?page=0&size=7&status=NOW_SHOWING&sort=createdAt,desc HTTP/1.1" 200 - 776
0:0:0:0:0:0:0:1 - - [25/Dec/2025:23:07:44 +0700] "OPTIONS /api/v1/movies/search?page=0&size=7&status=NOW_SHOWING&sort=createdAt,desc HTTP/1.1" 200 - 736
0:0:0:0:0:0:0:1 - - [25/Dec/2025:23:07:44 +0700] "OPTIONS /api/v1/regions HTTP/1.1" 200 - 1019
0:0:0:0:0:0:0:1 - - [25/Dec/2025:23:07:44 +0700] "OPTIONS /api/v1/movies/117 HTTP/1.1" 200 - 1156
0:0:0:0:0:0:0:1 - - [25/Dec/2025:23:07:44 +0700] "GET /api/v1/regions HTTP/1.1" 200 3720 15823
0:0:0:0:0:0:0:1 - - [25/Dec/2025:23:07:44 +0700] "GET /api/v1/regions HTTP/1.1" 200 3719 12982
0:0:0:0:0:0:0:1 - - [25/Dec/2025:23:07:44 +0700] "GET /api/v1/movies/117 HTTP/1.1" 200 1582 34897
0:0:0:0:0:0:0:1 - - [25/Dec/2025:23:07:44 +0700] "GET /api/v1/movies/117 HTTP/1.1" 200 1580 12415
0:0:0:0:0:0:0:1 - - [25/Dec/2025:23:07:44 +0700] "GET /api/v1/movies/search?page=0&size=7&status=NOW_SHOWING&sort=createdAt,desc HTTP/1.1" 200 4694 63686
0:0:0:0:0:0:0:1 - - [25/Dec/2025:23:07:44 +0700] "OPTIONS /api/v1/showtime/movie/117/date/2025-12-24?page=0&size=5&cityId=1 HTTP/1.1" 200 - 1073
0:0:0:0:0:0:0:1 - - [25/Dec/2025:23:07:44 +0700] "GET /api/v1/showtime/movie/117/date/2025-12-24?page=0&size=5&cityId=1 HTTP/1.1" 200 440 15663
0:0:0:0:0:0:0:1 - - [25/Dec/2025:23:07:44 +0700] "GET /api/v1/movies/search?page=0&size=7&status=NOW_SHOWING&sort=createdAt,desc HTTP/1.1" 200 4695 67276
0:0:0:0:0:0:0:1 - - [25/Dec/2025:23:07:44 +0700] "GET /api/v1/movies/search?page=0&size=7&status=NOW_SHOWING&sort=createdAt,desc HTTP/1.1" 200 4695 52116
0:0:0:0:0:0:0:1 - - [25/Dec/2025:23:07:44 +0700] "GET /api/v1/showtime/movie/117/date/2025-12-24?page=0&size=5&cityId=1 HTTP/1.1" 200 441 31366
0:0:0:0:0:0:0:1 - - [25/Dec/2025:23:08:47 +0700] "OPTIONS /api/v1/movies/117 HTTP/1.1" 200 - 4122
0:0:0:0:0:0:0:1 - - [25/Dec/2025:23:08:47 +0700] "GET /api/v1/movies/117 HTTP/1.1" 200 1582 33840
0:0:0:0:0:0:0:1 - - [25/Dec/2025:23:08:47 +0700] "OPTIONS /api/v1/showtime/movie/117/date/2025-12-24?page=0&size=5&cityId=1 HTTP/1.1" 200 - 1209
0:0:0:0:0:0:0:1 - - [25/Dec/2025:23:08:47 +0700] "GET /api/v1/showtime/movie/117/date/2025-12-24?page=0&size=5&cityId=1 HTTP/1.1" 200 441 45483
0:0:0:0:0:0:0:1 - - [25/Dec/2025:23:08:57 +0700] "OPTIONS /api/v1/movies/117 HTTP/1.1" 200 - 1101
0:0:0:0:0:0:0:1 - - [25/Dec/2025:23:08:57 +0700] "GET /api/v1/movies/117 HTTP/1.1" 200 1582 14978
0:0:0:0:0:0:0:1 - - [25/Dec/2025:23:08:58 +0700] "OPTIONS /api/v1/showtime/movie/117/date/2025-12-24?page=0&size=5&cityId=1 HTTP/1.1" 200 - 1865
0:0:0:0:0:0:0:1 - - [25/Dec/2025:23:08:58 +0700] "GET /api/v1/showtime/movie/117/date/2025-12-24?page=0&size=5&cityId=1 HTTP/1.1" 200 441 36409
0:0:0:0:0:0:0:1 - - [25/Dec/2025:23:09:49 +0700] "OPTIONS /api/v1/movies/117 HTTP/1.1" 200 - 1734
0:0:0:0:0:0:0:1 - - [25/Dec/2025:23:09:49 +0700] "GET /api/v1/movies/117 HTTP/1.1" 200 1581 24418
0:0:0:0:0:0:0:1 - - [25/Dec/2025:23:09:49 +0700] "OPTIONS /api/v1/showtime/movie/117/date/2025-12-24?page=0&size=5&cityId=1 HTTP/1.1" 200 - 1883
0:0:0:0:0:0:0:1 - - [25/Dec/2025:23:09:49 +0700] "GET /api/v1/showtime/movie/117/date/2025-12-24?page=0&size=5&cityId=1 HTTP/1.1" 200 441 47168
0:0:0:0:0:0:0:1 - - [25/Dec/2025:23:09:58 +0700] "OPTIONS /api/v1/movies/117 HTTP/1.1" 200 - 1256
0:0:0:0:0:0:0:1 - - [25/Dec/2025:23:09:58 +0700] "GET /api/v1/movies/117 HTTP/1.1" 200 1582 13283
0:0:0:0:0:0:0:1 - - [25/Dec/2025:23:09:58 +0700] "OPTIONS /api/v1/showtime/movie/117/date/2025-12-24?page=0&size=5&cityId=1 HTTP/1.1" 200 - 836
0:0:0:0:0:0:0:1 - - [25/Dec/2025:23:09:58 +0700] "GET /api/v1/showtime/movie/117/date/2025-12-24?page=0&size=5&cityId=1 HTTP/1.1" 200 441 26331
