0:0:0:0:0:0:0:1 - - [28/Dec/2025:03:51:08 +0700] "OPTIONS /api/v1/auth/verify HTTP/1.1" 200 - 763
0:0:0:0:0:0:0:1 - - [28/Dec/2025:03:51:08 +0700] "OPTIONS /api/v1/auth/verify HTTP/1.1" 200 - 1205
0:0:0:0:0:0:0:1 - - [28/Dec/2025:03:51:08 +0700] "GET /api/v1/auth/verify HTTP/1.1" 200 281 27445
0:0:0:0:0:0:0:1 - - [28/Dec/2025:03:51:08 +0700] "GET /api/v1/auth/verify HTTP/1.1" 200 281 14376
0:0:0:0:0:0:0:1 - - [28/Dec/2025:03:51:08 +0700] "OPTIONS /api/v1/movies/58 HTTP/1.1" 200 - 1015
0:0:0:0:0:0:0:1 - - [28/Dec/2025:03:51:08 +0700] "OPTIONS /api/v1/movies/58 HTTP/1.1" 200 - 873
0:0:0:0:0:0:0:1 - - [28/Dec/2025:03:51:08 +0700] "GET /api/v1/movies/58 HTTP/1.1" 200 1056 36907
0:0:0:0:0:0:0:1 - - [28/Dec/2025:03:51:08 +0700] "GET /api/v1/movies/58 HTTP/1.1" 200 1056 16656
0:0:0:0:0:0:0:1 - - [28/Dec/2025:10:38:23 +0700] "OPTIONS /api/v1/auth/verify HTTP/1.1" 200 - 774
0:0:0:0:0:0:0:1 - - [28/Dec/2025:10:38:23 +0700] "OPTIONS /api/v1/auth/verify HTTP/1.1" 200 - 592
0:0:0:0:0:0:0:1 - - [28/Dec/2025:10:38:23 +0700] "GET /api/v1/auth/verify HTTP/1.1" 200 281 12757
0:0:0:0:0:0:0:1 - - [28/Dec/2025:10:38:23 +0700] "GET /api/v1/auth/verify HTTP/1.1" 200 280 11987
0:0:0:0:0:0:0:1 - - [28/Dec/2025:10:38:23 +0700] "OPTIONS /api/v1/movies/58 HTTP/1.1" 200 - 1091
0:0:0:0:0:0:0:1 - - [28/Dec/2025:10:38:23 +0700] "OPTIONS /api/v1/movies/58 HTTP/1.1" 200 - 761
0:0:0:0:0:0:0:1 - - [28/Dec/2025:10:38:23 +0700] "GET /api/v1/movies/58 HTTP/1.1" 200 1056 33850
0:0:0:0:0:0:0:1 - - [28/Dec/2025:10:38:23 +0700] "GET /api/v1/movies/58 HTTP/1.1" 200 1056 12705
0:0:0:0:0:0:0:1 - - [28/Dec/2025:10:39:16 +0700] "OPTIONS /api/v1/genres HTTP/1.1" 200 - 654
0:0:0:0:0:0:0:1 - - [28/Dec/2025:10:39:16 +0700] "OPTIONS /api/v1/movies?page=0&size=10&sort=releaseDate,desc HTTP/1.1" 200 - 480
0:0:0:0:0:0:0:1 - - [28/Dec/2025:10:39:16 +0700] "OPTIONS /api/v1/genres HTTP/1.1" 200 - 2448
0:0:0:0:0:0:0:1 - - [28/Dec/2025:10:39:16 +0700] "OPTIONS /api/v1/movies?page=0&size=10&sort=releaseDate,desc HTTP/1.1" 200 - 1961
0:0:0:0:0:0:0:1 - - [28/Dec/2025:10:39:16 +0700] "GET /api/v1/genres HTTP/1.1" 200 840 34814
0:0:0:0:0:0:0:1 - - [28/Dec/2025:10:39:16 +0700] "GET /api/v1/genres HTTP/1.1" 200 840 13559
0:0:0:0:0:0:0:1 - - [28/Dec/2025:10:39:16 +0700] "GET /api/v1/movies?page=0&size=10&sort=releaseDate,desc HTTP/1.1" 200 5909 106598
0:0:0:0:0:0:0:1 - - [28/Dec/2025:10:39:16 +0700] "GET /api/v1/movies?page=0&size=10&sort=releaseDate,desc HTTP/1.1" 200 5909 13947
0:0:0:0:0:0:0:1 - - [28/Dec/2025:10:39:19 +0700] "OPTIONS /api/v1/movies/58 HTTP/1.1" 200 - 2273
0:0:0:0:0:0:0:1 - - [28/Dec/2025:10:39:19 +0700] "OPTIONS /api/v1/movies/58 HTTP/1.1" 200 - 8091
0:0:0:0:0:0:0:1 - - [28/Dec/2025:10:39:19 +0700] "GET /api/v1/genres HTTP/1.1" 200 840 56356
0:0:0:0:0:0:0:1 - - [28/Dec/2025:10:39:19 +0700] "GET /api/v1/genres HTTP/1.1" 200 840 35796
0:0:0:0:0:0:0:1 - - [28/Dec/2025:10:39:19 +0700] "GET /api/v1/movies/58 HTTP/1.1" 200 1056 101070
0:0:0:0:0:0:0:1 - - [28/Dec/2025:10:39:19 +0700] "GET /api/v1/movies/58 HTTP/1.1" 200 1056 33307
0:0:0:0:0:0:0:1 - - [28/Dec/2025:10:39:24 +0700] "OPTIONS /api/v1/genres HTTP/1.1" 200 - 619
0:0:0:0:0:0:0:1 - - [28/Dec/2025:10:39:24 +0700] "OPTIONS /api/v1/movies?page=0&size=10&sort=releaseDate,desc HTTP/1.1" 200 - 416
0:0:0:0:0:0:0:1 - - [28/Dec/2025:10:39:24 +0700] "OPTIONS /api/v1/genres HTTP/1.1" 200 - 366
0:0:0:0:0:0:0:1 - - [28/Dec/2025:10:39:24 +0700] "OPTIONS /api/v1/movies?page=0&size=10&sort=releaseDate,desc HTTP/1.1" 200 - 286
0:0:0:0:0:0:0:1 - - [28/Dec/2025:10:39:24 +0700] "GET /api/v1/movies?page=0&size=10&sort=releaseDate,desc HTTP/1.1" 200 5909 16637
0:0:0:0:0:0:0:1 - - [28/Dec/2025:10:39:24 +0700] "GET /api/v1/genres HTTP/1.1" 200 840 17397
0:0:0:0:0:0:0:1 - - [28/Dec/2025:10:39:24 +0700] "GET /api/v1/movies?page=0&size=10&sort=releaseDate,desc HTTP/1.1" 200 5909 12789
0:0:0:0:0:0:0:1 - - [28/Dec/2025:10:39:24 +0700] "GET /api/v1/genres HTTP/1.1" 200 840 11941
0:0:0:0:0:0:0:1 - - [28/Dec/2025:10:39:27 +0700] "OPTIONS /api/v1/movies?page=1&size=10&sort=releaseDate,desc HTTP/1.1" 200 - 626
0:0:0:0:0:0:0:1 - - [28/Dec/2025:10:39:27 +0700] "GET /api/v1/movies?page=1&size=10&sort=releaseDate,desc HTTP/1.1" 200 5880 97657
0:0:0:0:0:0:0:1 - - [28/Dec/2025:10:39:30 +0700] "OPTIONS /api/v1/genres HTTP/1.1" 200 - 747
0:0:0:0:0:0:0:1 - - [28/Dec/2025:10:39:30 +0700] "OPTIONS /api/v1/genres HTTP/1.1" 200 - 565
0:0:0:0:0:0:0:1 - - [28/Dec/2025:10:39:30 +0700] "OPTIONS /api/v1/movies/101 HTTP/1.1" 200 - 984
0:0:0:0:0:0:0:1 - - [28/Dec/2025:10:39:30 +0700] "OPTIONS /api/v1/movies/101 HTTP/1.1" 200 - 765
0:0:0:0:0:0:0:1 - - [28/Dec/2025:10:39:30 +0700] "GET /api/v1/genres HTTP/1.1" 200 839 13662
0:0:0:0:0:0:0:1 - - [28/Dec/2025:10:39:30 +0700] "GET /api/v1/genres HTTP/1.1" 200 840 9462
0:0:0:0:0:0:0:1 - - [28/Dec/2025:10:39:30 +0700] "GET /api/v1/movies/101 HTTP/1.1" 200 1868 28624
0:0:0:0:0:0:0:1 - - [28/Dec/2025:10:39:30 +0700] "GET /api/v1/movies/101 HTTP/1.1" 200 1868 16512
0:0:0:0:0:0:0:1 - - [28/Dec/2025:10:39:54 +0700] "OPTIONS /api/v1/genres HTTP/1.1" 200 - 591
0:0:0:0:0:0:0:1 - - [28/Dec/2025:10:39:54 +0700] "OPTIONS /api/v1/movies?page=0&size=10&sort=releaseDate,desc HTTP/1.1" 200 - 390
0:0:0:0:0:0:0:1 - - [28/Dec/2025:10:39:54 +0700] "OPTIONS /api/v1/movies?page=0&size=10&sort=releaseDate,desc HTTP/1.1" 200 - 332
0:0:0:0:0:0:0:1 - - [28/Dec/2025:10:39:54 +0700] "OPTIONS /api/v1/genres HTTP/1.1" 200 - 444
0:0:0:0:0:0:0:1 - - [28/Dec/2025:10:39:54 +0700] "GET /api/v1/genres HTTP/1.1" 200 840 16552
0:0:0:0:0:0:0:1 - - [28/Dec/2025:10:39:54 +0700] "GET /api/v1/movies?page=0&size=10&sort=releaseDate,desc HTTP/1.1" 200 5909 16600
0:0:0:0:0:0:0:1 - - [28/Dec/2025:10:39:54 +0700] "GET /api/v1/movies?page=0&size=10&sort=releaseDate,desc HTTP/1.1" 200 5909 13143
0:0:0:0:0:0:0:1 - - [28/Dec/2025:10:39:54 +0700] "GET /api/v1/genres HTTP/1.1" 200 840 15588
0:0:0:0:0:0:0:1 - - [28/Dec/2025:10:43:46 +0700] "OPTIONS /api/v1/genres HTTP/1.1" 200 - 783
0:0:0:0:0:0:0:1 - - [28/Dec/2025:10:43:46 +0700] "OPTIONS /api/v1/movies/111 HTTP/1.1" 200 - 770
0:0:0:0:0:0:0:1 - - [28/Dec/2025:10:43:46 +0700] "OPTIONS /api/v1/genres HTTP/1.1" 200 - 431
0:0:0:0:0:0:0:1 - - [28/Dec/2025:10:43:46 +0700] "OPTIONS /api/v1/movies/111 HTTP/1.1" 200 - 801
0:0:0:0:0:0:0:1 - - [28/Dec/2025:10:43:46 +0700] "GET /api/v1/genres HTTP/1.1" 200 840 17384
0:0:0:0:0:0:0:1 - - [28/Dec/2025:10:43:46 +0700] "GET /api/v1/genres HTTP/1.1" 200 840 14373
0:0:0:0:0:0:0:1 - - [28/Dec/2025:10:43:46 +0700] "GET /api/v1/movies/111 HTTP/1.1" 200 1561 33439
0:0:0:0:0:0:0:1 - - [28/Dec/2025:10:43:46 +0700] "GET /api/v1/movies/111 HTTP/1.1" 200 1562 15350
0:0:0:0:0:0:0:1 - - [28/Dec/2025:10:44:01 +0700] "OPTIONS /api/v1/genres HTTP/1.1" 200 - 829
0:0:0:0:0:0:0:1 - - [28/Dec/2025:10:44:01 +0700] "OPTIONS /api/v1/movies?page=0&size=10&sort=releaseDate,desc HTTP/1.1" 200 - 749
0:0:0:0:0:0:0:1 - - [28/Dec/2025:10:44:01 +0700] "OPTIONS /api/v1/movies?page=0&size=10&sort=releaseDate,desc HTTP/1.1" 200 - 606
0:0:0:0:0:0:0:1 - - [28/Dec/2025:10:44:01 +0700] "OPTIONS /api/v1/genres HTTP/1.1" 200 - 3183
0:0:0:0:0:0:0:1 - - [28/Dec/2025:10:44:01 +0700] "GET /api/v1/genres HTTP/1.1" 200 840 21915
0:0:0:0:0:0:0:1 - - [28/Dec/2025:10:44:01 +0700] "GET /api/v1/movies?page=0&size=10&sort=releaseDate,desc HTTP/1.1" 200 5909 23064
0:0:0:0:0:0:0:1 - - [28/Dec/2025:10:44:01 +0700] "GET /api/v1/genres HTTP/1.1" 200 839 19216
0:0:0:0:0:0:0:1 - - [28/Dec/2025:10:44:01 +0700] "GET /api/v1/movies?page=0&size=10&sort=releaseDate,desc HTTP/1.1" 200 5909 21340
0:0:0:0:0:0:0:1 - - [28/Dec/2025:10:44:04 +0700] "OPTIONS /api/v1/movies?page=2&size=10&sort=releaseDate,desc HTTP/1.1" 200 - 519
0:0:0:0:0:0:0:1 - - [28/Dec/2025:10:44:04 +0700] "GET /api/v1/movies?page=2&size=10&sort=releaseDate,desc HTTP/1.1" 200 5819 68675
0:0:0:0:0:0:0:1 - - [28/Dec/2025:10:44:11 +0700] "OPTIONS /api/v1/genres HTTP/1.1" 200 - 576
0:0:0:0:0:0:0:1 - - [28/Dec/2025:10:44:11 +0700] "OPTIONS /api/v1/genres HTTP/1.1" 200 - 592
0:0:0:0:0:0:0:1 - - [28/Dec/2025:10:44:11 +0700] "OPTIONS /api/v1/movies/100 HTTP/1.1" 200 - 712
0:0:0:0:0:0:0:1 - - [28/Dec/2025:10:44:11 +0700] "OPTIONS /api/v1/movies/100 HTTP/1.1" 200 - 748
0:0:0:0:0:0:0:1 - - [28/Dec/2025:10:44:11 +0700] "GET /api/v1/genres HTTP/1.1" 200 840 19501
0:0:0:0:0:0:0:1 - - [28/Dec/2025:10:44:11 +0700] "GET /api/v1/movies/100 HTTP/1.1" 200 1373 33877
0:0:0:0:0:0:0:1 - - [28/Dec/2025:10:44:11 +0700] "GET /api/v1/genres HTTP/1.1" 200 840 15985
0:0:0:0:0:0:0:1 - - [28/Dec/2025:10:44:11 +0700] "GET /api/v1/movies/100 HTTP/1.1" 200 1373 11421
0:0:0:0:0:0:0:1 - - [28/Dec/2025:10:46:04 +0700] "OPTIONS /api/v1/genres HTTP/1.1" 200 - 833
0:0:0:0:0:0:0:1 - - [28/Dec/2025:10:46:04 +0700] "OPTIONS /api/v1/genres HTTP/1.1" 200 - 567
0:0:0:0:0:0:0:1 - - [28/Dec/2025:10:46:04 +0700] "OPTIONS /api/v1/movies?page=0&size=10&sort=releaseDate,desc HTTP/1.1" 200 - 507
0:0:0:0:0:0:0:1 - - [28/Dec/2025:10:46:04 +0700] "OPTIONS /api/v1/movies?page=0&size=10&sort=releaseDate,desc HTTP/1.1" 200 - 634
0:0:0:0:0:0:0:1 - - [28/Dec/2025:10:46:05 +0700] "GET /api/v1/genres HTTP/1.1" 200 840 26565
0:0:0:0:0:0:0:1 - - [28/Dec/2025:10:46:05 +0700] "GET /api/v1/movies?page=0&size=10&sort=releaseDate,desc HTTP/1.1" 200 5909 26148
0:0:0:0:0:0:0:1 - - [28/Dec/2025:10:46:05 +0700] "GET /api/v1/genres HTTP/1.1" 200 840 12896
0:0:0:0:0:0:0:1 - - [28/Dec/2025:10:46:05 +0700] "GET /api/v1/movies?page=0&size=10&sort=releaseDate,desc HTTP/1.1" 200 5909 12950
0:0:0:0:0:0:0:1 - - [28/Dec/2025:10:46:07 +0700] "OPTIONS /api/v1/movies/58 HTTP/1.1" 200 - 1135
0:0:0:0:0:0:0:1 - - [28/Dec/2025:10:46:07 +0700] "OPTIONS /api/v1/movies/58 HTTP/1.1" 200 - 1178
0:0:0:0:0:0:0:1 - - [28/Dec/2025:10:46:07 +0700] "GET /api/v1/movies/58 HTTP/1.1" 200 1056 15240
0:0:0:0:0:0:0:1 - - [28/Dec/2025:10:46:07 +0700] "GET /api/v1/movies/58 HTTP/1.1" 200 1056 14288
0:0:0:0:0:0:0:1 - - [28/Dec/2025:11:11:06 +0700] "OPTIONS /api/v1/genres HTTP/1.1" 200 - 1373
0:0:0:0:0:0:0:1 - - [28/Dec/2025:11:11:06 +0700] "OPTIONS /api/v1/movies/58 HTTP/1.1" 200 - 1204
0:0:0:0:0:0:0:1 - - [28/Dec/2025:11:11:06 +0700] "OPTIONS /api/v1/genres HTTP/1.1" 200 - 734
0:0:0:0:0:0:0:1 - - [28/Dec/2025:11:11:06 +0700] "OPTIONS /api/v1/movies/58 HTTP/1.1" 200 - 1034
0:0:0:0:0:0:0:1 - - [28/Dec/2025:11:11:06 +0700] "GET /api/v1/genres HTTP/1.1" 200 840 23691
0:0:0:0:0:0:0:1 - - [28/Dec/2025:11:11:06 +0700] "GET /api/v1/genres HTTP/1.1" 200 840 13626
0:0:0:0:0:0:0:1 - - [28/Dec/2025:11:11:06 +0700] "GET /api/v1/movies/58 HTTP/1.1" 200 1056 38664
0:0:0:0:0:0:0:1 - - [28/Dec/2025:11:11:06 +0700] "GET /api/v1/movies/58 HTTP/1.1" 200 1056 14133
0:0:0:0:0:0:0:1 - - [28/Dec/2025:11:11:09 +0700] "GET /api/v1/movies/58 HTTP/1.1" 200 1056 25535
0:0:0:0:0:0:0:1 - - [28/Dec/2025:11:11:09 +0700] "GET /api/v1/movies/58 HTTP/1.1" 200 1056 24753
0:0:0:0:0:0:0:1 - - [28/Dec/2025:11:13:38 +0700] "OPTIONS /api/v1/genres HTTP/1.1" 200 - 852
0:0:0:0:0:0:0:1 - - [28/Dec/2025:11:13:38 +0700] "OPTIONS /api/v1/movies?page=0&size=10&sort=releaseDate,desc HTTP/1.1" 200 - 499
0:0:0:0:0:0:0:1 - - [28/Dec/2025:11:13:38 +0700] "OPTIONS /api/v1/genres HTTP/1.1" 200 - 494
0:0:0:0:0:0:0:1 - - [28/Dec/2025:11:13:38 +0700] "OPTIONS /api/v1/movies?page=0&size=10&sort=releaseDate,desc HTTP/1.1" 200 - 497
0:0:0:0:0:0:0:1 - - [28/Dec/2025:11:13:38 +0700] "GET /api/v1/genres HTTP/1.1" 200 840 17053
0:0:0:0:0:0:0:1 - - [28/Dec/2025:11:13:38 +0700] "GET /api/v1/genres HTTP/1.1" 200 840 12232
0:0:0:0:0:0:0:1 - - [28/Dec/2025:11:13:38 +0700] "GET /api/v1/movies?page=0&size=10&sort=releaseDate,desc HTTP/1.1" 200 5908 87731
0:0:0:0:0:0:0:1 - - [28/Dec/2025:11:13:38 +0700] "GET /api/v1/movies?page=0&size=10&sort=releaseDate,desc HTTP/1.1" 200 5909 13385
0:0:0:0:0:0:0:1 - - [28/Dec/2025:11:13:41 +0700] "GET /api/v1/genres HTTP/1.1" 200 840 12468
0:0:0:0:0:0:0:1 - - [28/Dec/2025:11:13:41 +0700] "GET /api/v1/genres HTTP/1.1" 200 840 14254
0:0:0:0:0:0:0:1 - - [28/Dec/2025:11:13:42 +0700] "GET /api/v1/genres HTTP/1.1" 200 840 13824
0:0:0:0:0:0:0:1 - - [28/Dec/2025:11:13:42 +0700] "GET /api/v1/movies?page=0&size=10&sort=releaseDate,desc HTTP/1.1" 200 5909 13899
0:0:0:0:0:0:0:1 - - [28/Dec/2025:11:13:42 +0700] "GET /api/v1/genres HTTP/1.1" 200 840 10241
0:0:0:0:0:0:0:1 - - [28/Dec/2025:11:13:42 +0700] "GET /api/v1/movies?page=0&size=10&sort=releaseDate,desc HTTP/1.1" 200 5909 10126
0:0:0:0:0:0:0:1 - - [28/Dec/2025:11:13:44 +0700] "OPTIONS /api/v1/genres HTTP/1.1" 200 - 645
0:0:0:0:0:0:0:1 - - [28/Dec/2025:11:13:44 +0700] "OPTIONS /api/v1/genres HTTP/1.1" 200 - 434
0:0:0:0:0:0:0:1 - - [28/Dec/2025:11:13:44 +0700] "OPTIONS /api/v1/movies/58 HTTP/1.1" 200 - 686
0:0:0:0:0:0:0:1 - - [28/Dec/2025:11:13:44 +0700] "OPTIONS /api/v1/movies/58 HTTP/1.1" 200 - 575
0:0:0:0:0:0:0:1 - - [28/Dec/2025:11:13:44 +0700] "GET /api/v1/genres HTTP/1.1" 200 840 14435
0:0:0:0:0:0:0:1 - - [28/Dec/2025:11:13:44 +0700] "GET /api/v1/movies/58 HTTP/1.1" 200 1056 14337
0:0:0:0:0:0:0:1 - - [28/Dec/2025:11:13:44 +0700] "GET /api/v1/movies/58 HTTP/1.1" 200 1055 9002
0:0:0:0:0:0:0:1 - - [28/Dec/2025:11:13:44 +0700] "GET /api/v1/genres HTTP/1.1" 200 839 9141
0:0:0:0:0:0:0:1 - - [28/Dec/2025:11:13:46 +0700] "OPTIONS /api/v1/movies?page=0&size=10&sort=releaseDate,desc HTTP/1.1" 200 - 659
0:0:0:0:0:0:0:1 - - [28/Dec/2025:11:13:46 +0700] "OPTIONS /api/v1/movies?page=0&size=10&sort=releaseDate,desc HTTP/1.1" 200 - 689
0:0:0:0:0:0:0:1 - - [28/Dec/2025:11:13:46 +0700] "GET /api/v1/genres HTTP/1.1" 200 840 13088
0:0:0:0:0:0:0:1 - - [28/Dec/2025:11:13:46 +0700] "GET /api/v1/movies?page=0&size=10&sort=releaseDate,desc HTTP/1.1" 200 5909 12469
0:0:0:0:0:0:0:1 - - [28/Dec/2025:11:13:46 +0700] "GET /api/v1/genres HTTP/1.1" 200 840 9925
0:0:0:0:0:0:0:1 - - [28/Dec/2025:11:13:46 +0700] "GET /api/v1/movies?page=0&size=10&sort=releaseDate,desc HTTP/1.1" 200 5909 10843
0:0:0:0:0:0:0:1 - - [28/Dec/2025:11:17:17 +0700] "OPTIONS /api/v1/auth/verify HTTP/1.1" 200 - 731
0:0:0:0:0:0:0:1 - - [28/Dec/2025:11:17:17 +0700] "OPTIONS /api/v1/auth/verify HTTP/1.1" 200 - 706
0:0:0:0:0:0:0:1 - - [28/Dec/2025:11:17:17 +0700] "GET /api/v1/auth/verify HTTP/1.1" 200 280 14131
0:0:0:0:0:0:0:1 - - [28/Dec/2025:11:17:17 +0700] "GET /api/v1/auth/verify HTTP/1.1" 200 281 13031
0:0:0:0:0:0:0:1 - - [28/Dec/2025:11:18:33 +0700] "OPTIONS /api/v1/auth/verify HTTP/1.1" 200 - 354
0:0:0:0:0:0:0:1 - - [28/Dec/2025:11:18:33 +0700] "OPTIONS /api/v1/auth/verify HTTP/1.1" 200 - 676
0:0:0:0:0:0:0:1 - - [28/Dec/2025:11:18:33 +0700] "GET /api/v1/auth/verify HTTP/1.1" 200 281 12214
0:0:0:0:0:0:0:1 - - [28/Dec/2025:11:18:33 +0700] "GET /api/v1/auth/verify HTTP/1.1" 200 281 10447
0:0:0:0:0:0:0:1 - - [28/Dec/2025:11:18:34 +0700] "OPTIONS /api/v1/cinemas?page=0&size=10 HTTP/1.1" 200 - 926
0:0:0:0:0:0:0:1 - - [28/Dec/2025:11:18:34 +0700] "OPTIONS /api/v1/cinemas?page=0&size=10 HTTP/1.1" 200 - 1213
0:0:0:0:0:0:0:1 - - [28/Dec/2025:11:18:34 +0700] "GET /api/v1/cinemas?page=0&size=10 HTTP/1.1" 200 3291 222019
0:0:0:0:0:0:0:1 - - [28/Dec/2025:11:18:34 +0700] "GET /api/v1/cinemas?page=0&size=10 HTTP/1.1" 200 3291 26294
0:0:0:0:0:0:0:1 - - [28/Dec/2025:11:19:25 +0700] "OPTIONS /api/v1/cinemas?page=0&size=10 HTTP/1.1" 200 - 848
0:0:0:0:0:0:0:1 - - [28/Dec/2025:11:19:25 +0700] "GET /api/v1/cinemas?page=0&size=10 HTTP/1.1" 200 3291 22074
0:0:0:0:0:0:0:1 - - [28/Dec/2025:11:22:37 +0700] "OPTIONS /api/v1/regions/all-no-page HTTP/1.1" 200 - 3831
0:0:0:0:0:0:0:1 - - [28/Dec/2025:11:22:38 +0700] "GET /api/v1/regions/all-no-page HTTP/1.1" 400 155 142976
0:0:0:0:0:0:0:1 - - [28/Dec/2025:11:22:40 +0700] "GET /api/v1/regions/all-no-page HTTP/1.1" 400 155 26478
0:0:0:0:0:0:0:1 - - [28/Dec/2025:11:22:45 +0700] "OPTIONS /api/v1/cinemas/1 HTTP/1.1" 200 - 1967
0:0:0:0:0:0:0:1 - - [28/Dec/2025:11:22:45 +0700] "OPTIONS /api/v1/cinemas/1 HTTP/1.1" 200 - 2115
0:0:0:0:0:0:0:1 - - [28/Dec/2025:11:22:45 +0700] "GET /api/v1/cinemas/1 HTTP/1.1" 200 409 91241
0:0:0:0:0:0:0:1 - - [28/Dec/2025:11:22:45 +0700] "OPTIONS /api/v1/rooms/cinema/1 HTTP/1.1" 200 - 1815
0:0:0:0:0:0:0:1 - - [28/Dec/2025:11:22:45 +0700] "GET /api/v1/cinemas/1 HTTP/1.1" 200 409 18854
0:0:0:0:0:0:0:1 - - [28/Dec/2025:11:22:45 +0700] "GET /api/v1/rooms/cinema/1 HTTP/1.1" 404 174 30378
0:0:0:0:0:0:0:1 - - [28/Dec/2025:11:22:45 +0700] "GET /api/v1/rooms/cinema/1 HTTP/1.1" 404 174 18308
0:0:0:0:0:0:0:1 - - [28/Dec/2025:11:22:48 +0700] "OPTIONS /api/v1/cinemas?page=0&size=10 HTTP/1.1" 200 - 569
0:0:0:0:0:0:0:1 - - [28/Dec/2025:11:22:48 +0700] "OPTIONS /api/v1/cinemas?page=0&size=10 HTTP/1.1" 200 - 527
0:0:0:0:0:0:0:1 - - [28/Dec/2025:11:22:48 +0700] "GET /api/v1/cinemas?page=0&size=10 HTTP/1.1" 200 3291 15063
0:0:0:0:0:0:0:1 - - [28/Dec/2025:11:22:48 +0700] "GET /api/v1/cinemas?page=0&size=10 HTTP/1.1" 200 3291 12359
0:0:0:0:0:0:0:1 - - [28/Dec/2025:11:32:04 +0700] "OPTIONS /api/v1/regions/all-no-page HTTP/1.1" 200 - 1265
0:0:0:0:0:0:0:1 - - [28/Dec/2025:11:32:04 +0700] "GET /api/v1/regions/all-no-page HTTP/1.1" 400 155 30844
0:0:0:0:0:0:0:1 - - [28/Dec/2025:11:36:43 +0700] "OPTIONS /api/v1/cinemas?page=0&size=10 HTTP/1.1" 200 - 596
0:0:0:0:0:0:0:1 - - [28/Dec/2025:11:36:43 +0700] "GET /api/v1/cinemas?page=0&size=10 HTTP/1.1" 200 3291 96244
0:0:0:0:0:0:0:1 - - [28/Dec/2025:11:41:12 +0700] "OPTIONS /api/v1/regions/all-no-page HTTP/1.1" 200 - 866
0:0:0:0:0:0:0:1 - - [28/Dec/2025:11:41:12 +0700] "OPTIONS /api/v1/regions/all-no-page HTTP/1.1" 200 - 664
0:0:0:0:0:0:0:1 - - [28/Dec/2025:11:41:12 +0700] "GET /api/v1/regions/all-no-page HTTP/1.1" 400 155 22454
0:0:0:0:0:0:0:1 - - [28/Dec/2025:11:41:12 +0700] "GET /api/v1/regions/all-no-page HTTP/1.1" 400 155 16670
0:0:0:0:0:0:0:1 - - [28/Dec/2025:11:41:16 +0700] "OPTIONS /api/v1/cinemas?page=0&size=10 HTTP/1.1" 200 - 618
0:0:0:0:0:0:0:1 - - [28/Dec/2025:11:41:16 +0700] "OPTIONS /api/v1/cinemas?page=0&size=10 HTTP/1.1" 200 - 507
0:0:0:0:0:0:0:1 - - [28/Dec/2025:11:41:16 +0700] "GET /api/v1/cinemas?page=0&size=10 HTTP/1.1" 200 3289 18299
0:0:0:0:0:0:0:1 - - [28/Dec/2025:11:41:16 +0700] "GET /api/v1/cinemas?page=0&size=10 HTTP/1.1" 200 3291 11033
0:0:0:0:0:0:0:1 - - [28/Dec/2025:11:43:03 +0700] "OPTIONS /api/v1/genres HTTP/1.1" 200 - 873
0:0:0:0:0:0:0:1 - - [28/Dec/2025:11:43:03 +0700] "OPTIONS /api/v1/movies?page=0&size=10&sort=releaseDate,desc HTTP/1.1" 200 - 592
0:0:0:0:0:0:0:1 - - [28/Dec/2025:11:43:03 +0700] "OPTIONS /api/v1/movies?page=0&size=10&sort=releaseDate,desc HTTP/1.1" 200 - 584
0:0:0:0:0:0:0:1 - - [28/Dec/2025:11:43:03 +0700] "OPTIONS /api/v1/genres HTTP/1.1" 200 - 606
0:0:0:0:0:0:0:1 - - [28/Dec/2025:11:43:03 +0700] "GET /api/v1/genres HTTP/1.1" 200 839 24869
0:0:0:0:0:0:0:1 - - [28/Dec/2025:11:43:03 +0700] "GET /api/v1/genres HTTP/1.1" 200 840 13995
0:0:0:0:0:0:0:1 - - [28/Dec/2025:11:43:03 +0700] "GET /api/v1/movies?page=0&size=10&sort=releaseDate,desc HTTP/1.1" 200 5909 101185
0:0:0:0:0:0:0:1 - - [28/Dec/2025:11:43:03 +0700] "GET /api/v1/movies?page=0&size=10&sort=releaseDate,desc HTTP/1.1" 200 5909 15657
0:0:0:0:0:0:0:1 - - [28/Dec/2025:11:43:04 +0700] "OPTIONS /api/v1/cinemas?page=0&size=10 HTTP/1.1" 200 - 908
0:0:0:0:0:0:0:1 - - [28/Dec/2025:11:43:04 +0700] "OPTIONS /api/v1/cinemas?page=0&size=10 HTTP/1.1" 200 - 1038
0:0:0:0:0:0:0:1 - - [28/Dec/2025:11:43:04 +0700] "GET /api/v1/cinemas?page=0&size=10 HTTP/1.1" 200 3291 18387
0:0:0:0:0:0:0:1 - - [28/Dec/2025:11:43:04 +0700] "GET /api/v1/cinemas?page=0&size=10 HTTP/1.1" 200 3291 14824
0:0:0:0:0:0:0:1 - - [28/Dec/2025:11:43:04 +0700] "GET /api/v1/genres HTTP/1.1" 200 840 19403
0:0:0:0:0:0:0:1 - - [28/Dec/2025:11:43:04 +0700] "GET /api/v1/movies?page=0&size=10&sort=releaseDate,desc HTTP/1.1" 200 5909 18922
0:0:0:0:0:0:0:1 - - [28/Dec/2025:11:43:04 +0700] "GET /api/v1/genres HTTP/1.1" 200 840 19609
0:0:0:0:0:0:0:1 - - [28/Dec/2025:11:43:04 +0700] "GET /api/v1/movies?page=0&size=10&sort=releaseDate,desc HTTP/1.1" 200 5909 20148
0:0:0:0:0:0:0:1 - - [28/Dec/2025:11:43:05 +0700] "GET /api/v1/cinemas?page=0&size=10 HTTP/1.1" 200 3291 15817
0:0:0:0:0:0:0:1 - - [28/Dec/2025:11:43:05 +0700] "GET /api/v1/cinemas?page=0&size=10 HTTP/1.1" 200 3291 16119
0:0:0:0:0:0:0:1 - - [28/Dec/2025:11:43:06 +0700] "GET /api/v1/genres HTTP/1.1" 200 840 17847
0:0:0:0:0:0:0:1 - - [28/Dec/2025:11:43:06 +0700] "GET /api/v1/movies?page=0&size=10&sort=releaseDate,desc HTTP/1.1" 200 5909 18124
0:0:0:0:0:0:0:1 - - [28/Dec/2025:11:43:06 +0700] "GET /api/v1/genres HTTP/1.1" 200 840 11541
0:0:0:0:0:0:0:1 - - [28/Dec/2025:11:43:06 +0700] "GET /api/v1/movies?page=0&size=10&sort=releaseDate,desc HTTP/1.1" 200 5909 11385
0:0:0:0:0:0:0:1 - - [28/Dec/2025:11:43:07 +0700] "GET /api/v1/cinemas?page=0&size=10 HTTP/1.1" 200 3291 13243
0:0:0:0:0:0:0:1 - - [28/Dec/2025:11:43:07 +0700] "GET /api/v1/cinemas?page=0&size=10 HTTP/1.1" 200 3291 16782
0:0:0:0:0:0:0:1 - - [28/Dec/2025:11:43:11 +0700] "OPTIONS /api/v1/genres HTTP/1.1" 200 - 874
0:0:0:0:0:0:0:1 - - [28/Dec/2025:11:43:11 +0700] "OPTIONS /api/v1/genres HTTP/1.1" 200 - 733
0:0:0:0:0:0:0:1 - - [28/Dec/2025:11:43:11 +0700] "OPTIONS /api/v1/movies?page=0&size=10&sort=releaseDate,desc HTTP/1.1" 200 - 626
0:0:0:0:0:0:0:1 - - [28/Dec/2025:11:43:11 +0700] "OPTIONS /api/v1/movies?page=0&size=10&sort=releaseDate,desc HTTP/1.1" 200 - 683
0:0:0:0:0:0:0:1 - - [28/Dec/2025:11:43:11 +0700] "GET /api/v1/genres HTTP/1.1" 200 840 14238
0:0:0:0:0:0:0:1 - - [28/Dec/2025:11:43:11 +0700] "GET /api/v1/movies?page=0&size=10&sort=releaseDate,desc HTTP/1.1" 200 5909 14641
0:0:0:0:0:0:0:1 - - [28/Dec/2025:11:43:11 +0700] "GET /api/v1/genres HTTP/1.1" 200 840 14498
0:0:0:0:0:0:0:1 - - [28/Dec/2025:11:43:11 +0700] "GET /api/v1/movies?page=0&size=10&sort=releaseDate,desc HTTP/1.1" 200 5909 14040
0:0:0:0:0:0:0:1 - - [28/Dec/2025:11:43:12 +0700] "OPTIONS /api/v1/cinemas?page=0&size=10 HTTP/1.1" 200 - 779
0:0:0:0:0:0:0:1 - - [28/Dec/2025:11:43:12 +0700] "OPTIONS /api/v1/cinemas?page=0&size=10 HTTP/1.1" 200 - 625
0:0:0:0:0:0:0:1 - - [28/Dec/2025:11:43:12 +0700] "GET /api/v1/cinemas?page=0&size=10 HTTP/1.1" 200 3291 14121
0:0:0:0:0:0:0:1 - - [28/Dec/2025:11:43:12 +0700] "GET /api/v1/cinemas?page=0&size=10 HTTP/1.1" 200 3291 18765
0:0:0:0:0:0:0:1 - - [28/Dec/2025:11:43:12 +0700] "GET /api/v1/genres HTTP/1.1" 200 840 15008
0:0:0:0:0:0:0:1 - - [28/Dec/2025:11:43:12 +0700] "GET /api/v1/movies?page=0&size=10&sort=releaseDate,desc HTTP/1.1" 200 5909 15238
0:0:0:0:0:0:0:1 - - [28/Dec/2025:11:43:12 +0700] "GET /api/v1/genres HTTP/1.1" 200 839 13694
0:0:0:0:0:0:0:1 - - [28/Dec/2025:11:43:12 +0700] "GET /api/v1/movies?page=0&size=10&sort=releaseDate,desc HTTP/1.1" 200 5909 13711
0:0:0:0:0:0:0:1 - - [28/Dec/2025:11:43:13 +0700] "OPTIONS /api/v1/movies?page=0&size=1 HTTP/1.1" 200 - 831
0:0:0:0:0:0:0:1 - - [28/Dec/2025:11:43:13 +0700] "OPTIONS /api/v1/cinemas?page=0&size=1 HTTP/1.1" 200 - 922
0:0:0:0:0:0:0:1 - - [28/Dec/2025:11:43:13 +0700] "OPTIONS /api/v1/users?page=0&size=1&sortBy=userId&sortDir=asc HTTP/1.1" 200 - 969
0:0:0:0:0:0:0:1 - - [28/Dec/2025:11:43:13 +0700] "OPTIONS /api/v1/bookings?page=0&size=5&sortBy=bookingDate&sortDir=desc HTTP/1.1" 200 - 866
0:0:0:0:0:0:0:1 - - [28/Dec/2025:11:43:13 +0700] "OPTIONS /api/v1/bookings/statistics?startDate=2025-01-01&endDate=2025-12-31 HTTP/1.1" 200 - 5005
0:0:0:0:0:0:0:1 - - [28/Dec/2025:11:43:13 +0700] "OPTIONS /api/v1/movies/coming-soon?page=0&size=5 HTTP/1.1" 200 - 1082
0:0:0:0:0:0:0:1 - - [28/Dec/2025:11:43:13 +0700] "OPTIONS /api/v1/movies?page=0&size=1 HTTP/1.1" 200 - 851
0:0:0:0:0:0:0:1 - - [28/Dec/2025:11:43:13 +0700] "OPTIONS /api/v1/cinemas?page=0&size=1 HTTP/1.1" 200 - 1001
0:0:0:0:0:0:0:1 - - [28/Dec/2025:11:43:13 +0700] "OPTIONS /api/v1/showtime?date=2025-12-28 HTTP/1.1" 200 - 1449
0:0:0:0:0:0:0:1 - - [28/Dec/2025:11:43:13 +0700] "OPTIONS /api/v1/users?page=0&size=1&sortBy=userId&sortDir=asc HTTP/1.1" 200 - 945
0:0:0:0:0:0:0:1 - - [28/Dec/2025:11:43:13 +0700] "OPTIONS /api/v1/bookings?page=0&size=5&sortBy=bookingDate&sortDir=desc HTTP/1.1" 200 - 984
0:0:0:0:0:0:0:1 - - [28/Dec/2025:11:43:13 +0700] "OPTIONS /api/v1/bookings/statistics?startDate=2025-01-01&endDate=2025-12-31 HTTP/1.1" 200 - 1137
0:0:0:0:0:0:0:1 - - [28/Dec/2025:11:43:13 +0700] "OPTIONS /api/v1/movies/coming-soon?page=0&size=5 HTTP/1.1" 200 - 793
0:0:0:0:0:0:0:1 - - [28/Dec/2025:11:43:13 +0700] "OPTIONS /api/v1/showtime?date=2025-12-28 HTTP/1.1" 200 - 811
0:0:0:0:0:0:0:1 - - [28/Dec/2025:11:43:13 +0700] "GET /api/v1/cinemas?page=0&size=1 HTTP/1.1" 200 727 32949
0:0:0:0:0:0:0:1 - - [28/Dec/2025:11:43:13 +0700] "GET /api/v1/bookings?page=0&size=5&sortBy=bookingDate&sortDir=desc HTTP/1.1" 200 433 35175
0:0:0:0:0:0:0:1 - - [28/Dec/2025:11:43:13 +0700] "GET /api/v1/movies?page=0&size=1 HTTP/1.1" 200 704 41487
0:0:0:0:0:0:0:1 - - [28/Dec/2025:11:43:13 +0700] "GET /api/v1/bookings/statistics?startDate=2025-01-01&endDate=2025-12-31 HTTP/1.1" 500 287 39848
0:0:0:0:0:0:0:1 - - [28/Dec/2025:11:43:13 +0700] "GET /api/v1/users?page=0&size=1&sortBy=userId&sortDir=asc HTTP/1.1" 500 173 52300
0:0:0:0:0:0:0:1 - - [28/Dec/2025:11:43:13 +0700] "GET /api/v1/cinemas?page=0&size=1 HTTP/1.1" 200 727 14272
0:0:0:0:0:0:0:1 - - [28/Dec/2025:11:43:13 +0700] "GET /api/v1/showtime?date=2025-12-28 HTTP/1.1" 500 178 24411
0:0:0:0:0:0:0:1 - - [28/Dec/2025:11:43:13 +0700] "GET /api/v1/bookings?page=0&size=5&sortBy=bookingDate&sortDir=desc HTTP/1.1" 200 433 18361
0:0:0:0:0:0:0:1 - - [28/Dec/2025:11:43:13 +0700] "GET /api/v1/movies?page=0&size=1 HTTP/1.1" 200 704 15939
0:0:0:0:0:0:0:1 - - [28/Dec/2025:11:43:13 +0700] "GET /api/v1/bookings/statistics?startDate=2025-01-01&endDate=2025-12-31 HTTP/1.1" 500 287 16104
0:0:0:0:0:0:0:1 - - [28/Dec/2025:11:43:13 +0700] "GET /api/v1/users?page=0&size=1&sortBy=userId&sortDir=asc HTTP/1.1" 500 173 15860
0:0:0:0:0:0:0:1 - - [28/Dec/2025:11:43:13 +0700] "GET /api/v1/showtime?date=2025-12-28 HTTP/1.1" 500 178 16205
0:0:0:0:0:0:0:1 - - [28/Dec/2025:11:43:13 +0700] "GET /api/v1/movies/coming-soon?page=0&size=5 HTTP/1.1" 200 3113 84148
0:0:0:0:0:0:0:1 - - [28/Dec/2025:11:43:13 +0700] "GET /api/v1/movies/coming-soon?page=0&size=5 HTTP/1.1" 200 3113 15547
0:0:0:0:0:0:0:1 - - [28/Dec/2025:11:43:15 +0700] "GET /api/v1/genres HTTP/1.1" 200 840 16184
0:0:0:0:0:0:0:1 - - [28/Dec/2025:11:43:15 +0700] "GET /api/v1/movies?page=0&size=10&sort=releaseDate,desc HTTP/1.1" 200 5909 16405
0:0:0:0:0:0:0:1 - - [28/Dec/2025:11:43:15 +0700] "GET /api/v1/genres HTTP/1.1" 200 840 12360
0:0:0:0:0:0:0:1 - - [28/Dec/2025:11:43:15 +0700] "GET /api/v1/movies?page=0&size=10&sort=releaseDate,desc HTTP/1.1" 200 5909 15733
0:0:0:0:0:0:0:1 - - [28/Dec/2025:11:43:16 +0700] "GET /api/v1/cinemas?page=0&size=10 HTTP/1.1" 200 3290 14096
0:0:0:0:0:0:0:1 - - [28/Dec/2025:11:43:16 +0700] "GET /api/v1/cinemas?page=0&size=10 HTTP/1.1" 200 3290 16324
0:0:0:0:0:0:0:1 - - [28/Dec/2025:11:50:31 +0700] "OPTIONS /api/v1/movies?page=0&size=1 HTTP/1.1" 200 - 951
0:0:0:0:0:0:0:1 - - [28/Dec/2025:11:50:31 +0700] "OPTIONS /api/v1/cinemas?page=0&size=1 HTTP/1.1" 200 - 632
0:0:0:0:0:0:0:1 - - [28/Dec/2025:11:50:31 +0700] "OPTIONS /api/v1/users?page=0&size=1&sortBy=userId&sortDir=asc HTTP/1.1" 200 - 586
0:0:0:0:0:0:0:1 - - [28/Dec/2025:11:50:31 +0700] "OPTIONS /api/v1/bookings?page=0&size=5&sortBy=bookingDate&sortDir=desc HTTP/1.1" 200 - 644
0:0:0:0:0:0:0:1 - - [28/Dec/2025:11:50:31 +0700] "OPTIONS /api/v1/movies/coming-soon?page=0&size=5 HTTP/1.1" 200 - 501
0:0:0:0:0:0:0:1 - - [28/Dec/2025:11:50:31 +0700] "OPTIONS /api/v1/bookings/statistics?startDate=2025-01-01&endDate=2025-12-31 HTTP/1.1" 200 - 778
0:0:0:0:0:0:0:1 - - [28/Dec/2025:11:50:31 +0700] "OPTIONS /api/v1/showtime?date=2025-12-28 HTTP/1.1" 200 - 514
0:0:0:0:0:0:0:1 - - [28/Dec/2025:11:50:31 +0700] "OPTIONS /api/v1/movies?page=0&size=1 HTTP/1.1" 200 - 656
0:0:0:0:0:0:0:1 - - [28/Dec/2025:11:50:31 +0700] "OPTIONS /api/v1/cinemas?page=0&size=1 HTTP/1.1" 200 - 612
0:0:0:0:0:0:0:1 - - [28/Dec/2025:11:50:31 +0700] "OPTIONS /api/v1/users?page=0&size=1&sortBy=userId&sortDir=asc HTTP/1.1" 200 - 466
0:0:0:0:0:0:0:1 - - [28/Dec/2025:11:50:31 +0700] "OPTIONS /api/v1/bookings?page=0&size=5&sortBy=bookingDate&sortDir=desc HTTP/1.1" 200 - 526
0:0:0:0:0:0:0:1 - - [28/Dec/2025:11:50:31 +0700] "OPTIONS /api/v1/movies/coming-soon?page=0&size=5 HTTP/1.1" 200 - 446
0:0:0:0:0:0:0:1 - - [28/Dec/2025:11:50:31 +0700] "OPTIONS /api/v1/bookings/statistics?startDate=2025-01-01&endDate=2025-12-31 HTTP/1.1" 200 - 717
0:0:0:0:0:0:0:1 - - [28/Dec/2025:11:50:31 +0700] "OPTIONS /api/v1/showtime?date=2025-12-28 HTTP/1.1" 200 - 564
0:0:0:0:0:0:0:1 - - [28/Dec/2025:11:50:31 +0700] "GET /api/v1/cinemas?page=0&size=1 HTTP/1.1" 200 727 19226
0:0:0:0:0:0:0:1 - - [28/Dec/2025:11:50:31 +0700] "GET /api/v1/movies/coming-soon?page=0&size=5 HTTP/1.1" 200 3113 18182
0:0:0:0:0:0:0:1 - - [28/Dec/2025:11:50:31 +0700] "GET /api/v1/movies?page=0&size=1 HTTP/1.1" 200 704 20111
0:0:0:0:0:0:0:1 - - [28/Dec/2025:11:50:31 +0700] "GET /api/v1/users?page=0&size=1&sortBy=userId&sortDir=asc HTTP/1.1" 500 173 23468
0:0:0:0:0:0:0:1 - - [28/Dec/2025:11:50:31 +0700] "GET /api/v1/bookings/statistics?startDate=2025-01-01&endDate=2025-12-31 HTTP/1.1" 500 287 22078
0:0:0:0:0:0:0:1 - - [28/Dec/2025:11:50:31 +0700] "GET /api/v1/bookings?page=0&size=5&sortBy=bookingDate&sortDir=desc HTTP/1.1" 200 433 25743
0:0:0:0:0:0:0:1 - - [28/Dec/2025:11:50:31 +0700] "GET /api/v1/cinemas?page=0&size=1 HTTP/1.1" 200 727 11680
0:0:0:0:0:0:0:1 - - [28/Dec/2025:11:50:31 +0700] "GET /api/v1/movies?page=0&size=1 HTTP/1.1" 200 704 11685
0:0:0:0:0:0:0:1 - - [28/Dec/2025:11:50:31 +0700] "GET /api/v1/bookings/statistics?startDate=2025-01-01&endDate=2025-12-31 HTTP/1.1" 500 287 13349
0:0:0:0:0:0:0:1 - - [28/Dec/2025:11:50:31 +0700] "GET /api/v1/showtime?date=2025-12-28 HTTP/1.1" 500 178 19539
0:0:0:0:0:0:0:1 - - [28/Dec/2025:11:50:31 +0700] "GET /api/v1/movies/coming-soon?page=0&size=5 HTTP/1.1" 200 3113 14918
0:0:0:0:0:0:0:1 - - [28/Dec/2025:11:50:31 +0700] "GET /api/v1/users?page=0&size=1&sortBy=userId&sortDir=asc HTTP/1.1" 500 173 15132
0:0:0:0:0:0:0:1 - - [28/Dec/2025:11:50:31 +0700] "GET /api/v1/bookings?page=0&size=5&sortBy=bookingDate&sortDir=desc HTTP/1.1" 200 433 19354
0:0:0:0:0:0:0:1 - - [28/Dec/2025:11:50:31 +0700] "GET /api/v1/showtime?date=2025-12-28 HTTP/1.1" 500 178 19957
0:0:0:0:0:0:0:1 - - [28/Dec/2025:11:50:33 +0700] "OPTIONS /api/v1/movies?page=0&size=10&sort=releaseDate,desc HTTP/1.1" 200 - 692
0:0:0:0:0:0:0:1 - - [28/Dec/2025:11:50:33 +0700] "OPTIONS /api/v1/genres HTTP/1.1" 200 - 790
0:0:0:0:0:0:0:1 - - [28/Dec/2025:11:50:33 +0700] "OPTIONS /api/v1/genres HTTP/1.1" 200 - 601
0:0:0:0:0:0:0:1 - - [28/Dec/2025:11:50:33 +0700] "OPTIONS /api/v1/movies?page=0&size=10&sort=releaseDate,desc HTTP/1.1" 200 - 502
0:0:0:0:0:0:0:1 - - [28/Dec/2025:11:50:33 +0700] "GET /api/v1/genres HTTP/1.1" 200 840 18410
0:0:0:0:0:0:0:1 - - [28/Dec/2025:11:50:33 +0700] "GET /api/v1/movies?page=0&size=10&sort=releaseDate,desc HTTP/1.1" 200 5909 18567
0:0:0:0:0:0:0:1 - - [28/Dec/2025:11:50:33 +0700] "GET /api/v1/genres HTTP/1.1" 200 840 14623
0:0:0:0:0:0:0:1 - - [28/Dec/2025:11:50:33 +0700] "GET /api/v1/movies?page=0&size=10&sort=releaseDate,desc HTTP/1.1" 200 5909 14565
0:0:0:0:0:0:0:1 - - [28/Dec/2025:11:50:34 +0700] "OPTIONS /api/v1/cinemas?page=0&size=10 HTTP/1.1" 200 - 764
0:0:0:0:0:0:0:1 - - [28/Dec/2025:11:50:34 +0700] "OPTIONS /api/v1/cinemas?page=0&size=10 HTTP/1.1" 200 - 823
0:0:0:0:0:0:0:1 - - [28/Dec/2025:11:50:34 +0700] "GET /api/v1/cinemas?page=0&size=10 HTTP/1.1" 200 3291 114274
0:0:0:0:0:0:0:1 - - [28/Dec/2025:11:50:34 +0700] "GET /api/v1/cinemas?page=0&size=10 HTTP/1.1" 200 3291 14955
0:0:0:0:0:0:0:1 - - [28/Dec/2025:11:50:38 +0700] "OPTIONS /api/v1/cinemas/1 HTTP/1.1" 200 - 862
0:0:0:0:0:0:0:1 - - [28/Dec/2025:11:50:38 +0700] "OPTIONS /api/v1/cinemas/1 HTTP/1.1" 200 - 881
0:0:0:0:0:0:0:1 - - [28/Dec/2025:11:50:38 +0700] "GET /api/v1/cinemas/1 HTTP/1.1" 200 409 37460
0:0:0:0:0:0:0:1 - - [28/Dec/2025:11:50:38 +0700] "OPTIONS /api/v1/rooms/cinema/1 HTTP/1.1" 200 - 905
0:0:0:0:0:0:0:1 - - [28/Dec/2025:11:50:38 +0700] "GET /api/v1/cinemas/1 HTTP/1.1" 200 409 16625
0:0:0:0:0:0:0:1 - - [28/Dec/2025:11:50:38 +0700] "GET /api/v1/rooms/cinema/1 HTTP/1.1" 404 174 25743
0:0:0:0:0:0:0:1 - - [28/Dec/2025:11:50:38 +0700] "GET /api/v1/rooms/cinema/1 HTTP/1.1" 404 173 22211
0:0:0:0:0:0:0:1 - - [28/Dec/2025:11:50:43 +0700] "OPTIONS /api/v1/cinemas?page=0&size=10 HTTP/1.1" 200 - 574
0:0:0:0:0:0:0:1 - - [28/Dec/2025:11:50:43 +0700] "OPTIONS /api/v1/cinemas?page=0&size=10 HTTP/1.1" 200 - 593
0:0:0:0:0:0:0:1 - - [28/Dec/2025:11:50:43 +0700] "GET /api/v1/cinemas?page=0&size=10 HTTP/1.1" 200 3291 16614
0:0:0:0:0:0:0:1 - - [28/Dec/2025:11:50:43 +0700] "GET /api/v1/cinemas?page=0&size=10 HTTP/1.1" 200 3291 27245
0:0:0:0:0:0:0:1 - - [28/Dec/2025:11:50:45 +0700] "OPTIONS /api/v1/regions/all-no-page HTTP/1.1" 200 - 1011
0:0:0:0:0:0:0:1 - - [28/Dec/2025:11:50:45 +0700] "OPTIONS /api/v1/regions/all-no-page HTTP/1.1" 200 - 1229
0:0:0:0:0:0:0:1 - - [28/Dec/2025:11:50:45 +0700] "GET /api/v1/regions/all-no-page HTTP/1.1" 400 155 27003
0:0:0:0:0:0:0:1 - - [28/Dec/2025:11:50:45 +0700] "GET /api/v1/regions/all-no-page HTTP/1.1" 400 154 22250
0:0:0:0:0:0:0:1 - - [28/Dec/2025:11:51:09 +0700] "OPTIONS /api/v1/cinemas?page=0&size=10 HTTP/1.1" 200 - 694
0:0:0:0:0:0:0:1 - - [28/Dec/2025:11:51:09 +0700] "OPTIONS /api/v1/cinemas?page=0&size=10 HTTP/1.1" 200 - 726
0:0:0:0:0:0:0:1 - - [28/Dec/2025:11:51:09 +0700] "GET /api/v1/cinemas?page=0&size=10 HTTP/1.1" 200 3291 24183
0:0:0:0:0:0:0:1 - - [28/Dec/2025:11:51:09 +0700] "GET /api/v1/cinemas?page=0&size=10 HTTP/1.1" 200 3291 15616
0:0:0:0:0:0:0:1 - - [28/Dec/2025:11:51:13 +0700] "OPTIONS /api/v1/regions/all-no-page HTTP/1.1" 200 - 996
0:0:0:0:0:0:0:1 - - [28/Dec/2025:11:51:13 +0700] "OPTIONS /api/v1/regions/all-no-page HTTP/1.1" 200 - 678
0:0:0:0:0:0:0:1 - - [28/Dec/2025:11:51:13 +0700] "GET /api/v1/regions/all-no-page HTTP/1.1" 400 155 35074
0:0:0:0:0:0:0:1 - - [28/Dec/2025:11:51:13 +0700] "GET /api/v1/regions/all-no-page HTTP/1.1" 400 155 24380
0:0:0:0:0:0:0:1 - - [28/Dec/2025:11:51:14 +0700] "GET /api/v1/cinemas?page=0&size=10 HTTP/1.1" 200 3290 21955
0:0:0:0:0:0:0:1 - - [28/Dec/2025:11:51:14 +0700] "GET /api/v1/cinemas?page=0&size=10 HTTP/1.1" 200 3291 22166
0:0:0:0:0:0:0:1 - - [28/Dec/2025:11:51:15 +0700] "OPTIONS /api/v1/movies?page=0&size=1 HTTP/1.1" 200 - 1195
0:0:0:0:0:0:0:1 - - [28/Dec/2025:11:51:15 +0700] "OPTIONS /api/v1/cinemas?page=0&size=1 HTTP/1.1" 200 - 784
0:0:0:0:0:0:0:1 - - [28/Dec/2025:11:51:15 +0700] "OPTIONS /api/v1/users?page=0&size=1&sortBy=userId&sortDir=asc HTTP/1.1" 200 - 1198
0:0:0:0:0:0:0:1 - - [28/Dec/2025:11:51:15 +0700] "OPTIONS /api/v1/bookings?page=0&size=5&sortBy=bookingDate&sortDir=desc HTTP/1.1" 200 - 1580
0:0:0:0:0:0:0:1 - - [28/Dec/2025:11:51:15 +0700] "OPTIONS /api/v1/bookings/statistics?startDate=2025-01-01&endDate=2025-12-31 HTTP/1.1" 200 - 1478
0:0:0:0:0:0:0:1 - - [28/Dec/2025:11:51:15 +0700] "OPTIONS /api/v1/movies/coming-soon?page=0&size=5 HTTP/1.1" 200 - 1021
0:0:0:0:0:0:0:1 - - [28/Dec/2025:11:51:15 +0700] "OPTIONS /api/v1/showtime?date=2025-12-28 HTTP/1.1" 200 - 999
0:0:0:0:0:0:0:1 - - [28/Dec/2025:11:51:15 +0700] "OPTIONS /api/v1/movies?page=0&size=1 HTTP/1.1" 200 - 1459
0:0:0:0:0:0:0:1 - - [28/Dec/2025:11:51:15 +0700] "OPTIONS /api/v1/cinemas?page=0&size=1 HTTP/1.1" 200 - 1205
0:0:0:0:0:0:0:1 - - [28/Dec/2025:11:51:15 +0700] "OPTIONS /api/v1/users?page=0&size=1&sortBy=userId&sortDir=asc HTTP/1.1" 200 - 923
0:0:0:0:0:0:0:1 - - [28/Dec/2025:11:51:15 +0700] "OPTIONS /api/v1/bookings?page=0&size=5&sortBy=bookingDate&sortDir=desc HTTP/1.1" 200 - 596
0:0:0:0:0:0:0:1 - - [28/Dec/2025:11:51:15 +0700] "OPTIONS /api/v1/bookings/statistics?startDate=2025-01-01&endDate=2025-12-31 HTTP/1.1" 200 - 1064
0:0:0:0:0:0:0:1 - - [28/Dec/2025:11:51:15 +0700] "OPTIONS /api/v1/movies/coming-soon?page=0&size=5 HTTP/1.1" 200 - 862
0:0:0:0:0:0:0:1 - - [28/Dec/2025:11:51:15 +0700] "OPTIONS /api/v1/showtime?date=2025-12-28 HTTP/1.1" 200 - 943
0:0:0:0:0:0:0:1 - - [28/Dec/2025:11:51:15 +0700] "GET /api/v1/movies?page=0&size=1 HTTP/1.1" 200 704 18475
0:0:0:0:0:0:0:1 - - [28/Dec/2025:11:51:15 +0700] "GET /api/v1/bookings/statistics?startDate=2025-01-01&endDate=2025-12-31 HTTP/1.1" 500 287 17995
0:0:0:0:0:0:0:1 - - [28/Dec/2025:11:51:15 +0700] "GET /api/v1/cinemas?page=0&size=1 HTTP/1.1" 200 727 18728
0:0:0:0:0:0:0:1 - - [28/Dec/2025:11:51:15 +0700] "GET /api/v1/users?page=0&size=1&sortBy=userId&sortDir=asc HTTP/1.1" 500 173 19684
0:0:0:0:0:0:0:1 - - [28/Dec/2025:11:51:15 +0700] "GET /api/v1/bookings?page=0&size=5&sortBy=bookingDate&sortDir=desc HTTP/1.1" 200 433 20866
0:0:0:0:0:0:0:1 - - [28/Dec/2025:11:51:15 +0700] "GET /api/v1/movies/coming-soon?page=0&size=5 HTTP/1.1" 200 3112 25070
0:0:0:0:0:0:0:1 - - [28/Dec/2025:11:51:15 +0700] "GET /api/v1/movies?page=0&size=1 HTTP/1.1" 200 704 19492
0:0:0:0:0:0:0:1 - - [28/Dec/2025:11:51:15 +0700] "GET /api/v1/cinemas?page=0&size=1 HTTP/1.1" 200 727 18231
0:0:0:0:0:0:0:1 - - [28/Dec/2025:11:51:15 +0700] "GET /api/v1/bookings/statistics?startDate=2025-01-01&endDate=2025-12-31 HTTP/1.1" 500 287 19933
0:0:0:0:0:0:0:1 - - [28/Dec/2025:11:51:15 +0700] "GET /api/v1/showtime?date=2025-12-28 HTTP/1.1" 500 178 23952
0:0:0:0:0:0:0:1 - - [28/Dec/2025:11:51:15 +0700] "GET /api/v1/users?page=0&size=1&sortBy=userId&sortDir=asc HTTP/1.1" 500 172 19183
0:0:0:0:0:0:0:1 - - [28/Dec/2025:11:51:15 +0700] "GET /api/v1/bookings?page=0&size=5&sortBy=bookingDate&sortDir=desc HTTP/1.1" 200 433 21470
0:0:0:0:0:0:0:1 - - [28/Dec/2025:11:51:15 +0700] "GET /api/v1/movies/coming-soon?page=0&size=5 HTTP/1.1" 200 3113 15569
0:0:0:0:0:0:0:1 - - [28/Dec/2025:11:51:15 +0700] "GET /api/v1/showtime?date=2025-12-28 HTTP/1.1" 500 178 59083
0:0:0:0:0:0:0:1 - - [28/Dec/2025:11:51:16 +0700] "OPTIONS /api/v1/cinemas?page=0&size=10 HTTP/1.1" 200 - 751
0:0:0:0:0:0:0:1 - - [28/Dec/2025:11:51:16 +0700] "OPTIONS /api/v1/cinemas?page=0&size=10 HTTP/1.1" 200 - 650
0:0:0:0:0:0:0:1 - - [28/Dec/2025:11:51:16 +0700] "GET /api/v1/cinemas?page=0&size=10 HTTP/1.1" 200 3291 16678
0:0:0:0:0:0:0:1 - - [28/Dec/2025:11:51:16 +0700] "GET /api/v1/cinemas?page=0&size=10 HTTP/1.1" 200 3291 16186
0:0:0:0:0:0:0:1 - - [28/Dec/2025:11:52:45 +0700] "OPTIONS /api/v1/regions/all-no-page HTTP/1.1" 200 - 1217
0:0:0:0:0:0:0:1 - - [28/Dec/2025:11:52:45 +0700] "OPTIONS /api/v1/regions/all-no-page HTTP/1.1" 200 - 892
0:0:0:0:0:0:0:1 - - [28/Dec/2025:11:52:45 +0700] "GET /api/v1/regions/all-no-page HTTP/1.1" 400 155 44014
0:0:0:0:0:0:0:1 - - [28/Dec/2025:11:52:45 +0700] "GET /api/v1/regions/all-no-page HTTP/1.1" 400 155 33795
0:0:0:0:0:0:0:1 - - [28/Dec/2025:11:52:46 +0700] "OPTIONS /api/v1/cinemas?page=0&size=10 HTTP/1.1" 200 - 1265
0:0:0:0:0:0:0:1 - - [28/Dec/2025:11:52:46 +0700] "OPTIONS /api/v1/cinemas?page=0&size=10 HTTP/1.1" 200 - 1453
0:0:0:0:0:0:0:1 - - [28/Dec/2025:11:52:46 +0700] "GET /api/v1/cinemas?page=0&size=10 HTTP/1.1" 200 3291 18251
0:0:0:0:0:0:0:1 - - [28/Dec/2025:11:52:46 +0700] "GET /api/v1/cinemas?page=0&size=10 HTTP/1.1" 200 3291 21035
0:0:0:0:0:0:0:1 - - [28/Dec/2025:11:56:48 +0700] "OPTIONS /api/v1/cinemas/1 HTTP/1.1" 200 - 1195
0:0:0:0:0:0:0:1 - - [28/Dec/2025:11:56:48 +0700] "OPTIONS /api/v1/cinemas/1 HTTP/1.1" 200 - 942
0:0:0:0:0:0:0:1 - - [28/Dec/2025:11:56:48 +0700] "GET /api/v1/cinemas/1 HTTP/1.1" 200 409 17667
0:0:0:0:0:0:0:1 - - [28/Dec/2025:11:56:48 +0700] "OPTIONS /api/v1/rooms/cinema/1 HTTP/1.1" 200 - 1116
0:0:0:0:0:0:0:1 - - [28/Dec/2025:11:56:48 +0700] "GET /api/v1/cinemas/1 HTTP/1.1" 200 409 17692
0:0:0:0:0:0:0:1 - - [28/Dec/2025:11:56:48 +0700] "GET /api/v1/rooms/cinema/1 HTTP/1.1" 404 174 26422
0:0:0:0:0:0:0:1 - - [28/Dec/2025:11:56:48 +0700] "GET /api/v1/rooms/cinema/1 HTTP/1.1" 404 174 21100
0:0:0:0:0:0:0:1 - - [28/Dec/2025:11:57:00 +0700] "OPTIONS /api/v1/regions/all-no-page HTTP/1.1" 200 - 987
0:0:0:0:0:0:0:1 - - [28/Dec/2025:11:57:00 +0700] "OPTIONS /api/v1/cinemas/1 HTTP/1.1" 200 - 1003
0:0:0:0:0:0:0:1 - - [28/Dec/2025:11:57:00 +0700] "OPTIONS /api/v1/cinemas/1 HTTP/1.1" 200 - 967
0:0:0:0:0:0:0:1 - - [28/Dec/2025:11:57:00 +0700] "OPTIONS /api/v1/regions/all-no-page HTTP/1.1" 200 - 980
0:0:0:0:0:0:0:1 - - [28/Dec/2025:11:57:00 +0700] "GET /api/v1/cinemas/1 HTTP/1.1" 200 409 17417
0:0:0:0:0:0:0:1 - - [28/Dec/2025:11:57:00 +0700] "GET /api/v1/regions/all-no-page HTTP/1.1" 400 155 26247
0:0:0:0:0:0:0:1 - - [28/Dec/2025:11:57:00 +0700] "GET /api/v1/cinemas/1 HTTP/1.1" 200 409 19560
0:0:0:0:0:0:0:1 - - [28/Dec/2025:11:57:00 +0700] "GET /api/v1/regions/all-no-page HTTP/1.1" 400 155 22517
0:0:0:0:0:0:0:1 - - [28/Dec/2025:11:57:02 +0700] "OPTIONS /api/v1/cinemas?page=0&size=10 HTTP/1.1" 200 - 1074
0:0:0:0:0:0:0:1 - - [28/Dec/2025:11:57:02 +0700] "OPTIONS /api/v1/cinemas?page=0&size=10 HTTP/1.1" 200 - 616
0:0:0:0:0:0:0:1 - - [28/Dec/2025:11:57:02 +0700] "GET /api/v1/cinemas?page=0&size=10 HTTP/1.1" 200 3291 15339
0:0:0:0:0:0:0:1 - - [28/Dec/2025:11:57:02 +0700] "GET /api/v1/cinemas?page=0&size=10 HTTP/1.1" 200 3291 14209
0:0:0:0:0:0:0:1 - - [28/Dec/2025:11:57:05 +0700] "OPTIONS /api/v1/cinemas/1 HTTP/1.1" 200 - 1122
0:0:0:0:0:0:0:1 - - [28/Dec/2025:11:57:05 +0700] "OPTIONS /api/v1/cinemas/1 HTTP/1.1" 200 - 1023
0:0:0:0:0:0:0:1 - - [28/Dec/2025:11:57:05 +0700] "GET /api/v1/cinemas/1 HTTP/1.1" 200 409 16857
0:0:0:0:0:0:0:1 - - [28/Dec/2025:11:57:05 +0700] "OPTIONS /api/v1/rooms/cinema/1 HTTP/1.1" 200 - 2391
0:0:0:0:0:0:0:1 - - [28/Dec/2025:11:57:05 +0700] "GET /api/v1/cinemas/1 HTTP/1.1" 200 409 14935
0:0:0:0:0:0:0:1 - - [28/Dec/2025:11:57:05 +0700] "GET /api/v1/rooms/cinema/1 HTTP/1.1" 404 174 18415
0:0:0:0:0:0:0:1 - - [28/Dec/2025:11:57:05 +0700] "GET /api/v1/rooms/cinema/1 HTTP/1.1" 404 174 20002
0:0:0:0:0:0:0:1 - - [28/Dec/2025:11:57:07 +0700] "OPTIONS /api/v1/cinemas?page=0&size=10 HTTP/1.1" 200 - 670
0:0:0:0:0:0:0:1 - - [28/Dec/2025:11:57:07 +0700] "OPTIONS /api/v1/cinemas?page=0&size=10 HTTP/1.1" 200 - 855
0:0:0:0:0:0:0:1 - - [28/Dec/2025:11:57:07 +0700] "GET /api/v1/cinemas?page=0&size=10 HTTP/1.1" 200 3291 17321
0:0:0:0:0:0:0:1 - - [28/Dec/2025:11:57:07 +0700] "GET /api/v1/cinemas?page=0&size=10 HTTP/1.1" 200 3291 19173
0:0:0:0:0:0:0:1 - - [28/Dec/2025:11:57:08 +0700] "OPTIONS /api/v1/regions/all-no-page HTTP/1.1" 200 - 865
0:0:0:0:0:0:0:1 - - [28/Dec/2025:11:57:08 +0700] "OPTIONS /api/v1/regions/all-no-page HTTP/1.1" 200 - 975
0:0:0:0:0:0:0:1 - - [28/Dec/2025:11:57:08 +0700] "GET /api/v1/regions/all-no-page HTTP/1.1" 400 155 20934
0:0:0:0:0:0:0:1 - - [28/Dec/2025:11:57:08 +0700] "GET /api/v1/regions/all-no-page HTTP/1.1" 400 155 22368
0:0:0:0:0:0:0:1 - - [28/Dec/2025:11:57:10 +0700] "GET /api/v1/cinemas?page=0&size=10 HTTP/1.1" 200 3290 17802
0:0:0:0:0:0:0:1 - - [28/Dec/2025:11:57:10 +0700] "GET /api/v1/cinemas?page=0&size=10 HTTP/1.1" 200 3291 20451
0:0:0:0:0:0:0:1 - - [28/Dec/2025:11:57:11 +0700] "OPTIONS /api/v1/cinemas/1 HTTP/1.1" 200 - 1254
0:0:0:0:0:0:0:1 - - [28/Dec/2025:11:57:11 +0700] "OPTIONS /api/v1/cinemas/1 HTTP/1.1" 200 - 864
0:0:0:0:0:0:0:1 - - [28/Dec/2025:11:57:11 +0700] "GET /api/v1/cinemas/1 HTTP/1.1" 200 409 17156
0:0:0:0:0:0:0:1 - - [28/Dec/2025:11:57:11 +0700] "OPTIONS /api/v1/rooms/cinema/1 HTTP/1.1" 200 - 741
0:0:0:0:0:0:0:1 - - [28/Dec/2025:11:57:11 +0700] "GET /api/v1/cinemas/1 HTTP/1.1" 200 409 8588
0:0:0:0:0:0:0:1 - - [28/Dec/2025:11:57:11 +0700] "GET /api/v1/rooms/cinema/1 HTTP/1.1" 404 174 16397
0:0:0:0:0:0:0:1 - - [28/Dec/2025:11:57:11 +0700] "GET /api/v1/rooms/cinema/1 HTTP/1.1" 404 174 19617
0:0:0:0:0:0:0:1 - - [28/Dec/2025:11:57:15 +0700] "OPTIONS /api/v1/cinemas?page=0&size=10 HTTP/1.1" 200 - 654
0:0:0:0:0:0:0:1 - - [28/Dec/2025:11:57:15 +0700] "OPTIONS /api/v1/cinemas?page=0&size=10 HTTP/1.1" 200 - 555
0:0:0:0:0:0:0:1 - - [28/Dec/2025:11:57:15 +0700] "GET /api/v1/cinemas?page=0&size=10 HTTP/1.1" 200 3291 16942
0:0:0:0:0:0:0:1 - - [28/Dec/2025:11:57:15 +0700] "GET /api/v1/cinemas?page=0&size=10 HTTP/1.1" 200 3291 13119
0:0:0:0:0:0:0:1 - - [28/Dec/2025:11:57:16 +0700] "OPTIONS /api/v1/cinemas/1 HTTP/1.1" 200 - 802
0:0:0:0:0:0:0:1 - - [28/Dec/2025:11:57:16 +0700] "OPTIONS /api/v1/cinemas/1 HTTP/1.1" 200 - 1083
0:0:0:0:0:0:0:1 - - [28/Dec/2025:11:57:16 +0700] "GET /api/v1/cinemas/1 HTTP/1.1" 200 409 16001
0:0:0:0:0:0:0:1 - - [28/Dec/2025:11:57:16 +0700] "OPTIONS /api/v1/rooms/cinema/1 HTTP/1.1" 200 - 789
0:0:0:0:0:0:0:1 - - [28/Dec/2025:11:57:16 +0700] "GET /api/v1/cinemas/1 HTTP/1.1" 200 409 11593
0:0:0:0:0:0:0:1 - - [28/Dec/2025:11:57:16 +0700] "GET /api/v1/rooms/cinema/1 HTTP/1.1" 404 174 20180
0:0:0:0:0:0:0:1 - - [28/Dec/2025:11:57:16 +0700] "GET /api/v1/rooms/cinema/1 HTTP/1.1" 404 174 21625
0:0:0:0:0:0:0:1 - - [28/Dec/2025:11:57:18 +0700] "GET /api/v1/cinemas?page=0&size=10 HTTP/1.1" 200 3291 17982
0:0:0:0:0:0:0:1 - - [28/Dec/2025:11:57:18 +0700] "GET /api/v1/cinemas?page=0&size=10 HTTP/1.1" 200 3290 15171
0:0:0:0:0:0:0:1 - - [28/Dec/2025:12:00:41 +0700] "OPTIONS /api/v1/cinemas/1 HTTP/1.1" 200 - 991
0:0:0:0:0:0:0:1 - - [28/Dec/2025:12:00:41 +0700] "OPTIONS /api/v1/cinemas/1 HTTP/1.1" 200 - 1073
0:0:0:0:0:0:0:1 - - [28/Dec/2025:12:00:41 +0700] "GET /api/v1/cinemas/1 HTTP/1.1" 200 409 49528
0:0:0:0:0:0:0:1 - - [28/Dec/2025:12:00:41 +0700] "OPTIONS /api/v1/rooms/cinema/1 HTTP/1.1" 200 - 1547
0:0:0:0:0:0:0:1 - - [28/Dec/2025:12:00:41 +0700] "GET /api/v1/cinemas/1 HTTP/1.1" 200 409 16859
0:0:0:0:0:0:0:1 - - [28/Dec/2025:12:00:41 +0700] "GET /api/v1/rooms/cinema/1 HTTP/1.1" 404 174 29563
0:0:0:0:0:0:0:1 - - [28/Dec/2025:12:00:41 +0700] "GET /api/v1/rooms/cinema/1 HTTP/1.1" 404 174 30436
0:0:0:0:0:0:0:1 - - [28/Dec/2025:12:00:43 +0700] "OPTIONS /api/v1/cinemas?page=0&size=10 HTTP/1.1" 200 - 1146
0:0:0:0:0:0:0:1 - - [28/Dec/2025:12:00:43 +0700] "OPTIONS /api/v1/cinemas?page=0&size=10 HTTP/1.1" 200 - 967
0:0:0:0:0:0:0:1 - - [28/Dec/2025:12:00:43 +0700] "GET /api/v1/cinemas?page=0&size=10 HTTP/1.1" 200 3291 94820
0:0:0:0:0:0:0:1 - - [28/Dec/2025:12:00:43 +0700] "GET /api/v1/cinemas?page=0&size=10 HTTP/1.1" 200 3291 17413
0:0:0:0:0:0:0:1 - - [28/Dec/2025:12:00:44 +0700] "GET /api/v1/cinemas/1 HTTP/1.1" 200 409 16643
0:0:0:0:0:0:0:1 - - [28/Dec/2025:12:00:45 +0700] "GET /api/v1/cinemas/1 HTTP/1.1" 200 409 16389
0:0:0:0:0:0:0:1 - - [28/Dec/2025:12:00:45 +0700] "GET /api/v1/rooms/cinema/1 HTTP/1.1" 404 174 24132
0:0:0:0:0:0:0:1 - - [28/Dec/2025:12:00:45 +0700] "GET /api/v1/rooms/cinema/1 HTTP/1.1" 404 174 17790
0:0:0:0:0:0:0:1 - - [28/Dec/2025:12:00:47 +0700] "GET /api/v1/cinemas?page=0&size=10 HTTP/1.1" 200 3291 17178
0:0:0:0:0:0:0:1 - - [28/Dec/2025:12:00:47 +0700] "GET /api/v1/cinemas?page=0&size=10 HTTP/1.1" 200 3291 15716
0:0:0:0:0:0:0:1 - - [28/Dec/2025:12:00:48 +0700] "OPTIONS /api/v1/cinemas/1 HTTP/1.1" 200 - 2522
0:0:0:0:0:0:0:1 - - [28/Dec/2025:12:00:48 +0700] "OPTIONS /api/v1/cinemas/1 HTTP/1.1" 200 - 1053
0:0:0:0:0:0:0:1 - - [28/Dec/2025:12:00:48 +0700] "GET /api/v1/cinemas/1 HTTP/1.1" 200 409 12756
0:0:0:0:0:0:0:1 - - [28/Dec/2025:12:00:48 +0700] "OPTIONS /api/v1/rooms/cinema/1 HTTP/1.1" 200 - 866
0:0:0:0:0:0:0:1 - - [28/Dec/2025:12:00:48 +0700] "GET /api/v1/cinemas/1 HTTP/1.1" 200 409 13413
0:0:0:0:0:0:0:1 - - [28/Dec/2025:12:00:48 +0700] "GET /api/v1/rooms/cinema/1 HTTP/1.1" 404 174 21501
0:0:0:0:0:0:0:1 - - [28/Dec/2025:12:00:48 +0700] "GET /api/v1/rooms/cinema/1 HTTP/1.1" 404 174 20993
0:0:0:0:0:0:0:1 - - [28/Dec/2025:12:00:50 +0700] "OPTIONS /api/v1/cinemas?page=0&size=10 HTTP/1.1" 200 - 683
0:0:0:0:0:0:0:1 - - [28/Dec/2025:12:00:50 +0700] "OPTIONS /api/v1/cinemas?page=0&size=10 HTTP/1.1" 200 - 382
0:0:0:0:0:0:0:1 - - [28/Dec/2025:12:00:50 +0700] "GET /api/v1/cinemas?page=0&size=10 HTTP/1.1" 200 3291 16743
0:0:0:0:0:0:0:1 - - [28/Dec/2025:12:00:50 +0700] "GET /api/v1/cinemas?page=0&size=10 HTTP/1.1" 200 3291 12787
0:0:0:0:0:0:0:1 - - [28/Dec/2025:12:00:54 +0700] "OPTIONS /api/v1/regions/all-no-page HTTP/1.1" 200 - 857
0:0:0:0:0:0:0:1 - - [28/Dec/2025:12:00:54 +0700] "OPTIONS /api/v1/regions/all-no-page HTTP/1.1" 200 - 612
0:0:0:0:0:0:0:1 - - [28/Dec/2025:12:00:54 +0700] "GET /api/v1/regions/all-no-page HTTP/1.1" 400 155 21598
0:0:0:0:0:0:0:1 - - [28/Dec/2025:12:00:54 +0700] "GET /api/v1/regions/all-no-page HTTP/1.1" 400 155 19812
0:0:0:0:0:0:0:1 - - [28/Dec/2025:12:00:55 +0700] "OPTIONS /api/v1/cinemas?page=0&size=10 HTTP/1.1" 200 - 695
0:0:0:0:0:0:0:1 - - [28/Dec/2025:12:00:55 +0700] "OPTIONS /api/v1/cinemas?page=0&size=10 HTTP/1.1" 200 - 426
0:0:0:0:0:0:0:1 - - [28/Dec/2025:12:00:56 +0700] "GET /api/v1/cinemas?page=0&size=10 HTTP/1.1" 200 3291 22654
0:0:0:0:0:0:0:1 - - [28/Dec/2025:12:00:56 +0700] "GET /api/v1/cinemas?page=0&size=10 HTTP/1.1" 200 3291 16522
0:0:0:0:0:0:0:1 - - [28/Dec/2025:12:00:58 +0700] "OPTIONS /api/v1/cinemas/1 HTTP/1.1" 200 - 807
0:0:0:0:0:0:0:1 - - [28/Dec/2025:12:00:58 +0700] "OPTIONS /api/v1/cinemas/1 HTTP/1.1" 200 - 533
0:0:0:0:0:0:0:1 - - [28/Dec/2025:12:00:58 +0700] "GET /api/v1/cinemas/1 HTTP/1.1" 200 409 14528
0:0:0:0:0:0:0:1 - - [28/Dec/2025:12:00:58 +0700] "OPTIONS /api/v1/rooms/cinema/1 HTTP/1.1" 200 - 692
0:0:0:0:0:0:0:1 - - [28/Dec/2025:12:00:58 +0700] "GET /api/v1/cinemas/1 HTTP/1.1" 200 409 9871
0:0:0:0:0:0:0:1 - - [28/Dec/2025:12:00:58 +0700] "GET /api/v1/rooms/cinema/1 HTTP/1.1" 404 174 16061
0:0:0:0:0:0:0:1 - - [28/Dec/2025:12:00:58 +0700] "GET /api/v1/rooms/cinema/1 HTTP/1.1" 404 174 16786
0:0:0:0:0:0:0:1 - - [28/Dec/2025:12:01:00 +0700] "OPTIONS /api/v1/regions/all-no-page HTTP/1.1" 200 - 1094
0:0:0:0:0:0:0:1 - - [28/Dec/2025:12:01:00 +0700] "OPTIONS /api/v1/regions/all-no-page HTTP/1.1" 200 - 958
0:0:0:0:0:0:0:1 - - [28/Dec/2025:12:01:00 +0700] "GET /api/v1/cinemas/1 HTTP/1.1" 200 409 13248
0:0:0:0:0:0:0:1 - - [28/Dec/2025:12:01:00 +0700] "GET /api/v1/regions/all-no-page HTTP/1.1" 400 155 14490
0:0:0:0:0:0:0:1 - - [28/Dec/2025:12:01:00 +0700] "GET /api/v1/cinemas/1 HTTP/1.1" 200 409 10063
0:0:0:0:0:0:0:1 - - [28/Dec/2025:12:01:00 +0700] "GET /api/v1/regions/all-no-page HTTP/1.1" 400 155 16882
0:0:0:0:0:0:0:1 - - [28/Dec/2025:12:01:06 +0700] "OPTIONS /api/v1/cinemas/1 HTTP/1.1" 200 - 1212
0:0:0:0:0:0:0:1 - - [28/Dec/2025:12:01:06 +0700] "OPTIONS /api/v1/cinemas/1 HTTP/1.1" 200 - 960
0:0:0:0:0:0:0:1 - - [28/Dec/2025:12:01:06 +0700] "GET /api/v1/cinemas/1 HTTP/1.1" 200 409 15395
0:0:0:0:0:0:0:1 - - [28/Dec/2025:12:01:06 +0700] "OPTIONS /api/v1/rooms/cinema/1 HTTP/1.1" 200 - 1579
0:0:0:0:0:0:0:1 - - [28/Dec/2025:12:01:06 +0700] "GET /api/v1/cinemas/1 HTTP/1.1" 200 408 14041
0:0:0:0:0:0:0:1 - - [28/Dec/2025:12:01:06 +0700] "GET /api/v1/rooms/cinema/1 HTTP/1.1" 404 174 12361
0:0:0:0:0:0:0:1 - - [28/Dec/2025:12:01:06 +0700] "GET /api/v1/rooms/cinema/1 HTTP/1.1" 404 174 18044
0:0:0:0:0:0:0:1 - - [28/Dec/2025:12:01:08 +0700] "OPTIONS /api/v1/cinemas?page=0&size=10 HTTP/1.1" 200 - 777
0:0:0:0:0:0:0:1 - - [28/Dec/2025:12:01:08 +0700] "OPTIONS /api/v1/cinemas?page=0&size=10 HTTP/1.1" 200 - 803
0:0:0:0:0:0:0:1 - - [28/Dec/2025:12:01:08 +0700] "GET /api/v1/cinemas?page=0&size=10 HTTP/1.1" 200 3291 18242
0:0:0:0:0:0:0:1 - - [28/Dec/2025:12:01:08 +0700] "GET /api/v1/cinemas?page=0&size=10 HTTP/1.1" 200 3290 21037
0:0:0:0:0:0:0:1 - - [28/Dec/2025:12:01:12 +0700] "OPTIONS /api/v1/cinemas/1 HTTP/1.1" 200 - 933
0:0:0:0:0:0:0:1 - - [28/Dec/2025:12:01:12 +0700] "OPTIONS /api/v1/cinemas/1 HTTP/1.1" 200 - 640
0:0:0:0:0:0:0:1 - - [28/Dec/2025:12:01:12 +0700] "GET /api/v1/cinemas/1 HTTP/1.1" 200 409 9977
0:0:0:0:0:0:0:1 - - [28/Dec/2025:12:01:12 +0700] "OPTIONS /api/v1/rooms/cinema/1 HTTP/1.1" 200 - 1484
0:0:0:0:0:0:0:1 - - [28/Dec/2025:12:01:12 +0700] "GET /api/v1/cinemas/1 HTTP/1.1" 200 409 13947
0:0:0:0:0:0:0:1 - - [28/Dec/2025:12:01:12 +0700] "GET /api/v1/rooms/cinema/1 HTTP/1.1" 404 174 17565
0:0:0:0:0:0:0:1 - - [28/Dec/2025:12:01:12 +0700] "GET /api/v1/rooms/cinema/1 HTTP/1.1" 404 174 14248
0:0:0:0:0:0:0:1 - - [28/Dec/2025:12:01:13 +0700] "GET /api/v1/cinemas?page=0&size=10 HTTP/1.1" 200 3291 17562
0:0:0:0:0:0:0:1 - - [28/Dec/2025:12:01:13 +0700] "GET /api/v1/cinemas?page=0&size=10 HTTP/1.1" 200 3291 11050
0:0:0:0:0:0:0:1 - - [28/Dec/2025:12:03:21 +0700] "OPTIONS /api/v1/regions/all-no-page HTTP/1.1" 200 - 993
0:0:0:0:0:0:0:1 - - [28/Dec/2025:12:03:21 +0700] "OPTIONS /api/v1/cinemas/1 HTTP/1.1" 200 - 897
0:0:0:0:0:0:0:1 - - [28/Dec/2025:12:03:21 +0700] "OPTIONS /api/v1/regions/all-no-page HTTP/1.1" 200 - 930
0:0:0:0:0:0:0:1 - - [28/Dec/2025:12:03:21 +0700] "OPTIONS /api/v1/cinemas/1 HTTP/1.1" 200 - 1001
0:0:0:0:0:0:0:1 - - [28/Dec/2025:12:03:21 +0700] "GET /api/v1/cinemas/1 HTTP/1.1" 200 409 19144
0:0:0:0:0:0:0:1 - - [28/Dec/2025:12:03:21 +0700] "GET /api/v1/regions/all-no-page HTTP/1.1" 400 155 27369
0:0:0:0:0:0:0:1 - - [28/Dec/2025:12:03:21 +0700] "GET /api/v1/cinemas/1 HTTP/1.1" 200 409 17312
0:0:0:0:0:0:0:1 - - [28/Dec/2025:12:03:21 +0700] "GET /api/v1/regions/all-no-page HTTP/1.1" 400 155 20170
0:0:0:0:0:0:0:1 - - [28/Dec/2025:12:03:23 +0700] "OPTIONS /api/v1/cinemas?page=0&size=10 HTTP/1.1" 200 - 519
0:0:0:0:0:0:0:1 - - [28/Dec/2025:12:03:23 +0700] "OPTIONS /api/v1/cinemas?page=0&size=10 HTTP/1.1" 200 - 535
0:0:0:0:0:0:0:1 - - [28/Dec/2025:12:03:23 +0700] "GET /api/v1/cinemas?page=0&size=10 HTTP/1.1" 200 3291 15959
0:0:0:0:0:0:0:1 - - [28/Dec/2025:12:03:23 +0700] "GET /api/v1/cinemas?page=0&size=10 HTTP/1.1" 200 3289 20316
0:0:0:0:0:0:0:1 - - [28/Dec/2025:12:03:54 +0700] "OPTIONS /api/v1/regions/all-no-page HTTP/1.1" 200 - 810
0:0:0:0:0:0:0:1 - - [28/Dec/2025:12:03:54 +0700] "GET /api/v1/regions/all-no-page HTTP/1.1" 400 155 25749
0:0:0:0:0:0:0:1 - - [28/Dec/2025:12:04:56 +0700] "OPTIONS /api/v1/regions HTTP/1.1" 200 - 1961
0:0:0:0:0:0:0:1 - - [28/Dec/2025:12:04:56 +0700] "GET /api/v1/regions HTTP/1.1" 200 3720 52442
0:0:0:0:0:0:0:1 - - [28/Dec/2025:12:05:02 +0700] "OPTIONS /api/v1/cinemas/1 HTTP/1.1" 200 - 1457
0:0:0:0:0:0:0:1 - - [28/Dec/2025:12:05:02 +0700] "OPTIONS /api/v1/cinemas/1 HTTP/1.1" 200 - 792
0:0:0:0:0:0:0:1 - - [28/Dec/2025:12:05:02 +0700] "GET /api/v1/cinemas/1 HTTP/1.1" 200 409 14452
0:0:0:0:0:0:0:1 - - [28/Dec/2025:12:05:02 +0700] "OPTIONS /api/v1/rooms/cinema/1 HTTP/1.1" 200 - 827
0:0:0:0:0:0:0:1 - - [28/Dec/2025:12:05:02 +0700] "GET /api/v1/cinemas/1 HTTP/1.1" 200 409 10202
0:0:0:0:0:0:0:1 - - [28/Dec/2025:12:05:02 +0700] "GET /api/v1/rooms/cinema/1 HTTP/1.1" 404 174 15632
0:0:0:0:0:0:0:1 - - [28/Dec/2025:12:05:02 +0700] "GET /api/v1/rooms/cinema/1 HTTP/1.1" 404 174 29438
0:0:0:0:0:0:0:1 - - [28/Dec/2025:12:05:06 +0700] "OPTIONS /api/v1/cinemas?page=0&size=10 HTTP/1.1" 200 - 1217
0:0:0:0:0:0:0:1 - - [28/Dec/2025:12:05:06 +0700] "OPTIONS /api/v1/cinemas?page=0&size=10 HTTP/1.1" 200 - 632
0:0:0:0:0:0:0:1 - - [28/Dec/2025:12:05:06 +0700] "GET /api/v1/cinemas?page=0&size=10 HTTP/1.1" 200 3291 22202
0:0:0:0:0:0:0:1 - - [28/Dec/2025:12:05:06 +0700] "GET /api/v1/cinemas?page=0&size=10 HTTP/1.1" 200 3291 21599
0:0:0:0:0:0:0:1 - - [28/Dec/2025:12:05:07 +0700] "OPTIONS /api/v1/regions HTTP/1.1" 200 - 574
0:0:0:0:0:0:0:1 - - [28/Dec/2025:12:05:07 +0700] "OPTIONS /api/v1/regions HTTP/1.1" 200 - 632
0:0:0:0:0:0:0:1 - - [28/Dec/2025:12:05:07 +0700] "GET /api/v1/cinemas/1 HTTP/1.1" 200 409 15008
0:0:0:0:0:0:0:1 - - [28/Dec/2025:12:05:07 +0700] "GET /api/v1/regions HTTP/1.1" 200 3720 16315
0:0:0:0:0:0:0:1 - - [28/Dec/2025:12:05:07 +0700] "GET /api/v1/cinemas/1 HTTP/1.1" 200 409 14842
0:0:0:0:0:0:0:1 - - [28/Dec/2025:12:05:07 +0700] "GET /api/v1/regions HTTP/1.1" 200 3720 15837
0:0:0:0:0:0:0:1 - - [28/Dec/2025:12:05:13 +0700] "OPTIONS /api/v1/cinemas?page=0&size=10 HTTP/1.1" 200 - 571
0:0:0:0:0:0:0:1 - - [28/Dec/2025:12:05:13 +0700] "OPTIONS /api/v1/cinemas?page=0&size=10 HTTP/1.1" 200 - 613
0:0:0:0:0:0:0:1 - - [28/Dec/2025:12:05:13 +0700] "GET /api/v1/cinemas?page=0&size=10 HTTP/1.1" 200 3291 20061
0:0:0:0:0:0:0:1 - - [28/Dec/2025:12:05:13 +0700] "GET /api/v1/cinemas?page=0&size=10 HTTP/1.1" 200 3291 11971
0:0:0:0:0:0:0:1 - - [28/Dec/2025:12:05:14 +0700] "OPTIONS /api/v1/movies?page=0&size=1 HTTP/1.1" 200 - 683
0:0:0:0:0:0:0:1 - - [28/Dec/2025:12:05:14 +0700] "OPTIONS /api/v1/cinemas?page=0&size=1 HTTP/1.1" 200 - 468
0:0:0:0:0:0:0:1 - - [28/Dec/2025:12:05:14 +0700] "OPTIONS /api/v1/users?page=0&size=1&sortBy=userId&sortDir=asc HTTP/1.1" 200 - 385
0:0:0:0:0:0:0:1 - - [28/Dec/2025:12:05:14 +0700] "OPTIONS /api/v1/bookings?page=0&size=5&sortBy=bookingDate&sortDir=desc HTTP/1.1" 200 - 459
0:0:0:0:0:0:0:1 - - [28/Dec/2025:12:05:14 +0700] "OPTIONS /api/v1/movies/coming-soon?page=0&size=5 HTTP/1.1" 200 - 510
0:0:0:0:0:0:0:1 - - [28/Dec/2025:12:05:14 +0700] "OPTIONS /api/v1/bookings/statistics?startDate=2025-01-01&endDate=2025-12-31 HTTP/1.1" 200 - 778
0:0:0:0:0:0:0:1 - - [28/Dec/2025:12:05:14 +0700] "OPTIONS /api/v1/showtime?date=2025-12-28 HTTP/1.1" 200 - 486
0:0:0:0:0:0:0:1 - - [28/Dec/2025:12:05:14 +0700] "OPTIONS /api/v1/movies?page=0&size=1 HTTP/1.1" 200 - 528
0:0:0:0:0:0:0:1 - - [28/Dec/2025:12:05:14 +0700] "OPTIONS /api/v1/cinemas?page=0&size=1 HTTP/1.1" 200 - 405
0:0:0:0:0:0:0:1 - - [28/Dec/2025:12:05:14 +0700] "OPTIONS /api/v1/users?page=0&size=1&sortBy=userId&sortDir=asc HTTP/1.1" 200 - 366
0:0:0:0:0:0:0:1 - - [28/Dec/2025:12:05:14 +0700] "OPTIONS /api/v1/bookings?page=0&size=5&sortBy=bookingDate&sortDir=desc HTTP/1.1" 200 - 340
0:0:0:0:0:0:0:1 - - [28/Dec/2025:12:05:14 +0700] "OPTIONS /api/v1/bookings/statistics?startDate=2025-01-01&endDate=2025-12-31 HTTP/1.1" 200 - 596
0:0:0:0:0:0:0:1 - - [28/Dec/2025:12:05:14 +0700] "OPTIONS /api/v1/movies/coming-soon?page=0&size=5 HTTP/1.1" 200 - 363
0:0:0:0:0:0:0:1 - - [28/Dec/2025:12:05:14 +0700] "OPTIONS /api/v1/showtime?date=2025-12-28 HTTP/1.1" 200 - 380
0:0:0:0:0:0:0:1 - - [28/Dec/2025:12:05:14 +0700] "GET /api/v1/users?page=0&size=1&sortBy=userId&sortDir=asc HTTP/1.1" 500 173 21622
0:0:0:0:0:0:0:1 - - [28/Dec/2025:12:05:14 +0700] "GET /api/v1/bookings?page=0&size=5&sortBy=bookingDate&sortDir=desc HTTP/1.1" 200 432 27293
0:0:0:0:0:0:0:1 - - [28/Dec/2025:12:05:14 +0700] "GET /api/v1/bookings/statistics?startDate=2025-01-01&endDate=2025-12-31 HTTP/1.1" 500 287 24602
0:0:0:0:0:0:0:1 - - [28/Dec/2025:12:05:14 +0700] "GET /api/v1/cinemas?page=0&size=1 HTTP/1.1" 200 727 45073
0:0:0:0:0:0:0:1 - - [28/Dec/2025:12:05:14 +0700] "GET /api/v1/showtime?date=2025-12-28 HTTP/1.1" 500 178 19477
0:0:0:0:0:0:0:1 - - [28/Dec/2025:12:05:14 +0700] "GET /api/v1/users?page=0&size=1&sortBy=userId&sortDir=asc HTTP/1.1" 500 173 20076
0:0:0:0:0:0:0:1 - - [28/Dec/2025:12:05:14 +0700] "GET /api/v1/movies?page=0&size=1 HTTP/1.1" 200 704 55818
0:0:0:0:0:0:0:1 - - [28/Dec/2025:12:05:14 +0700] "GET /api/v1/bookings?page=0&size=5&sortBy=bookingDate&sortDir=desc HTTP/1.1" 200 433 23457
0:0:0:0:0:0:0:1 - - [28/Dec/2025:12:05:14 +0700] "GET /api/v1/bookings/statistics?startDate=2025-01-01&endDate=2025-12-31 HTTP/1.1" 500 286 16734
0:0:0:0:0:0:0:1 - - [28/Dec/2025:12:05:14 +0700] "GET /api/v1/cinemas?page=0&size=1 HTTP/1.1" 200 727 16406
0:0:0:0:0:0:0:1 - - [28/Dec/2025:12:05:14 +0700] "GET /api/v1/movies?page=0&size=1 HTTP/1.1" 200 704 11545
0:0:0:0:0:0:0:1 - - [28/Dec/2025:12:05:14 +0700] "GET /api/v1/showtime?date=2025-12-28 HTTP/1.1" 500 178 17883
0:0:0:0:0:0:0:1 - - [28/Dec/2025:12:05:14 +0700] "GET /api/v1/movies/coming-soon?page=0&size=5 HTTP/1.1" 200 3113 86890
0:0:0:0:0:0:0:1 - - [28/Dec/2025:12:05:14 +0700] "GET /api/v1/movies/coming-soon?page=0&size=5 HTTP/1.1" 200 3113 14171
0:0:0:0:0:0:0:1 - - [28/Dec/2025:12:05:42 +0700] "OPTIONS /api/v1/cinemas?page=0&size=1 HTTP/1.1" 200 - 526
0:0:0:0:0:0:0:1 - - [28/Dec/2025:12:05:42 +0700] "OPTIONS /api/v1/movies?page=0&size=1 HTTP/1.1" 200 - 746
0:0:0:0:0:0:0:1 - - [28/Dec/2025:12:05:42 +0700] "OPTIONS /api/v1/users?page=0&size=1&sortBy=userId&sortDir=asc HTTP/1.1" 200 - 724
0:0:0:0:0:0:0:1 - - [28/Dec/2025:12:05:42 +0700] "OPTIONS /api/v1/bookings?page=0&size=5&sortBy=bookingDate&sortDir=desc HTTP/1.1" 200 - 633
0:0:0:0:0:0:0:1 - - [28/Dec/2025:12:05:42 +0700] "OPTIONS /api/v1/movies/coming-soon?page=0&size=5 HTTP/1.1" 200 - 694
0:0:0:0:0:0:0:1 - - [28/Dec/2025:12:05:42 +0700] "OPTIONS /api/v1/bookings/statistics?startDate=2025-01-01&endDate=2025-12-31 HTTP/1.1" 200 - 1468
0:0:0:0:0:0:0:1 - - [28/Dec/2025:12:05:42 +0700] "OPTIONS /api/v1/showtime?date=2025-12-28 HTTP/1.1" 200 - 752
0:0:0:0:0:0:0:1 - - [28/Dec/2025:12:05:42 +0700] "OPTIONS /api/v1/cinemas?page=0&size=1 HTTP/1.1" 200 - 490
0:0:0:0:0:0:0:1 - - [28/Dec/2025:12:05:42 +0700] "OPTIONS /api/v1/movies?page=0&size=1 HTTP/1.1" 200 - 541
0:0:0:0:0:0:0:1 - - [28/Dec/2025:12:05:42 +0700] "OPTIONS /api/v1/users?page=0&size=1&sortBy=userId&sortDir=asc HTTP/1.1" 200 - 788
0:0:0:0:0:0:0:1 - - [28/Dec/2025:12:05:42 +0700] "OPTIONS /api/v1/bookings?page=0&size=5&sortBy=bookingDate&sortDir=desc HTTP/1.1" 200 - 557
0:0:0:0:0:0:0:1 - - [28/Dec/2025:12:05:42 +0700] "OPTIONS /api/v1/movies/coming-soon?page=0&size=5 HTTP/1.1" 200 - 454
0:0:0:0:0:0:0:1 - - [28/Dec/2025:12:05:42 +0700] "OPTIONS /api/v1/bookings/statistics?startDate=2025-01-01&endDate=2025-12-31 HTTP/1.1" 200 - 738
0:0:0:0:0:0:0:1 - - [28/Dec/2025:12:05:42 +0700] "OPTIONS /api/v1/showtime?date=2025-12-28 HTTP/1.1" 200 - 445
0:0:0:0:0:0:0:1 - - [28/Dec/2025:12:05:42 +0700] "GET /api/v1/cinemas?page=0&size=1 HTTP/1.1" 200 727 13746
0:0:0:0:0:0:0:1 - - [28/Dec/2025:12:05:42 +0700] "GET /api/v1/movies/coming-soon?page=0&size=5 HTTP/1.1" 200 3113 12644
0:0:0:0:0:0:0:1 - - [28/Dec/2025:12:05:42 +0700] "GET /api/v1/movies?page=0&size=1 HTTP/1.1" 200 704 13893
0:0:0:0:0:0:0:1 - - [28/Dec/2025:12:05:42 +0700] "GET /api/v1/users?page=0&size=1&sortBy=userId&sortDir=asc HTTP/1.1" 500 173 12937
0:0:0:0:0:0:0:1 - - [28/Dec/2025:12:05:42 +0700] "GET /api/v1/bookings/statistics?startDate=2025-01-01&endDate=2025-12-31 HTTP/1.1" 500 287 12586
0:0:0:0:0:0:0:1 - - [28/Dec/2025:12:05:42 +0700] "GET /api/v1/bookings?page=0&size=5&sortBy=bookingDate&sortDir=desc HTTP/1.1" 200 433 15000
0:0:0:0:0:0:0:1 - - [28/Dec/2025:12:05:42 +0700] "GET /api/v1/movies?page=0&size=1 HTTP/1.1" 200 704 12172
0:0:0:0:0:0:0:1 - - [28/Dec/2025:12:05:42 +0700] "GET /api/v1/cinemas?page=0&size=1 HTTP/1.1" 200 727 13212
0:0:0:0:0:0:0:1 - - [28/Dec/2025:12:05:42 +0700] "GET /api/v1/movies/coming-soon?page=0&size=5 HTTP/1.1" 200 3113 13222
0:0:0:0:0:0:0:1 - - [28/Dec/2025:12:05:42 +0700] "GET /api/v1/showtime?date=2025-12-28 HTTP/1.1" 500 178 16349
0:0:0:0:0:0:0:1 - - [28/Dec/2025:12:05:42 +0700] "GET /api/v1/bookings/statistics?startDate=2025-01-01&endDate=2025-12-31 HTTP/1.1" 500 287 13180
0:0:0:0:0:0:0:1 - - [28/Dec/2025:12:05:42 +0700] "GET /api/v1/users?page=0&size=1&sortBy=userId&sortDir=asc HTTP/1.1" 500 173 14891
0:0:0:0:0:0:0:1 - - [28/Dec/2025:12:05:42 +0700] "GET /api/v1/showtime?date=2025-12-28 HTTP/1.1" 500 178 16996
0:0:0:0:0:0:0:1 - - [28/Dec/2025:12:05:42 +0700] "GET /api/v1/bookings?page=0&size=5&sortBy=bookingDate&sortDir=desc HTTP/1.1" 200 433 18211
0:0:0:0:0:0:0:1 - - [28/Dec/2025:12:05:43 +0700] "OPTIONS /api/v1/cinemas?page=0&size=10 HTTP/1.1" 200 - 546
0:0:0:0:0:0:0:1 - - [28/Dec/2025:12:05:43 +0700] "OPTIONS /api/v1/cinemas?page=0&size=10 HTTP/1.1" 200 - 482
0:0:0:0:0:0:0:1 - - [28/Dec/2025:12:05:43 +0700] "GET /api/v1/cinemas?page=0&size=10 HTTP/1.1" 200 3291 18700
0:0:0:0:0:0:0:1 - - [28/Dec/2025:12:05:43 +0700] "GET /api/v1/cinemas?page=0&size=10 HTTP/1.1" 200 3291 23748
0:0:0:0:0:0:0:1 - - [28/Dec/2025:12:05:45 +0700] "OPTIONS /api/v1/cinemas/1 HTTP/1.1" 200 - 861
0:0:0:0:0:0:0:1 - - [28/Dec/2025:12:05:45 +0700] "OPTIONS /api/v1/cinemas/1 HTTP/1.1" 200 - 873
0:0:0:0:0:0:0:1 - - [28/Dec/2025:12:05:45 +0700] "GET /api/v1/cinemas/1 HTTP/1.1" 200 409 15703
0:0:0:0:0:0:0:1 - - [28/Dec/2025:12:05:45 +0700] "OPTIONS /api/v1/rooms/cinema/1 HTTP/1.1" 200 - 861
0:0:0:0:0:0:0:1 - - [28/Dec/2025:12:05:45 +0700] "GET /api/v1/cinemas/1 HTTP/1.1" 200 409 16281
0:0:0:0:0:0:0:1 - - [28/Dec/2025:12:05:45 +0700] "GET /api/v1/rooms/cinema/1 HTTP/1.1" 404 174 20810
0:0:0:0:0:0:0:1 - - [28/Dec/2025:12:05:45 +0700] "GET /api/v1/rooms/cinema/1 HTTP/1.1" 404 174 16955
0:0:0:0:0:0:0:1 - - [28/Dec/2025:12:07:07 +0700] "OPTIONS /api/v1/cinemas/1 HTTP/1.1" 200 - 1028
0:0:0:0:0:0:0:1 - - [28/Dec/2025:12:07:07 +0700] "GET /api/v1/cinemas/1 HTTP/1.1" 200 409 12162
0:0:0:0:0:0:0:1 - - [28/Dec/2025:12:07:07 +0700] "OPTIONS /api/v1/rooms/cinema/1 HTTP/1.1" 200 - 694
0:0:0:0:0:0:0:1 - - [28/Dec/2025:12:07:07 +0700] "GET /api/v1/rooms/cinema/1 HTTP/1.1" 404 174 18409
0:0:0:0:0:0:0:1 - - [28/Dec/2025:12:07:20 +0700] "OPTIONS /api/v1/cinemas/1 HTTP/1.1" 200 - 907
0:0:0:0:0:0:0:1 - - [28/Dec/2025:12:07:20 +0700] "GET /api/v1/cinemas/1 HTTP/1.1" 200 409 11478
0:0:0:0:0:0:0:1 - - [28/Dec/2025:12:07:20 +0700] "OPTIONS /api/v1/rooms/cinema/1 HTTP/1.1" 200 - 528
0:0:0:0:0:0:0:1 - - [28/Dec/2025:12:07:20 +0700] "GET /api/v1/rooms/cinema/1 HTTP/1.1" 404 174 12523
0:0:0:0:0:0:0:1 - - [28/Dec/2025:12:07:20 +0700] "GET /api/v1/cinemas/1 HTTP/1.1" 200 409 12642
0:0:0:0:0:0:0:1 - - [28/Dec/2025:12:07:20 +0700] "GET /api/v1/cinemas/1 HTTP/1.1" 200 409 11516
0:0:0:0:0:0:0:1 - - [28/Dec/2025:12:07:21 +0700] "GET /api/v1/rooms/cinema/1 HTTP/1.1" 404 174 15218
0:0:0:0:0:0:0:1 - - [28/Dec/2025:12:07:21 +0700] "GET /api/v1/rooms/cinema/1 HTTP/1.1" 404 174 17043
0:0:0:0:0:0:0:1 - - [28/Dec/2025:13:14:29 +0700] "OPTIONS /api/v1/auth/refresh HTTP/1.1" 200 - 186489
0:0:0:0:0:0:0:1 - - [28/Dec/2025:13:14:29 +0700] "POST /api/v1/auth/refresh HTTP/1.1" 500 163 30922
0:0:0:0:0:0:0:1 - - [28/Dec/2025:13:14:29 +0700] "GET /api/v1/cinemas?page=0&size=10 HTTP/1.1" 200 3291 88504
0:0:0:0:0:0:0:1 - - [28/Dec/2025:13:14:29 +0700] "GET /api/v1/cinemas?page=0&size=10 HTTP/1.1" 200 3291 6579
0:0:0:0:0:0:0:1 - - [28/Dec/2025:13:14:32 +0700] "GET /api/v1/cinemas/1 HTTP/1.1" 200 409 14490
0:0:0:0:0:0:0:1 - - [28/Dec/2025:13:14:32 +0700] "GET /api/v1/regions HTTP/1.1" 200 3720 15061
0:0:0:0:0:0:0:1 - - [28/Dec/2025:13:14:32 +0700] "GET /api/v1/cinemas/1 HTTP/1.1" 200 409 3891
0:0:0:0:0:0:0:1 - - [28/Dec/2025:13:14:32 +0700] "GET /api/v1/regions HTTP/1.1" 200 3720 3651
0:0:0:0:0:0:0:1 - - [28/Dec/2025:13:14:34 +0700] "GET /api/v1/cinemas?page=0&size=10 HTTP/1.1" 200 3291 6408
0:0:0:0:0:0:0:1 - - [28/Dec/2025:13:14:34 +0700] "GET /api/v1/cinemas?page=0&size=10 HTTP/1.1" 200 3291 5920
0:0:0:0:0:0:0:1 - - [28/Dec/2025:13:14:36 +0700] "GET /api/v1/cinemas/1 HTTP/1.1" 200 409 4915
0:0:0:0:0:0:0:1 - - [28/Dec/2025:13:14:36 +0700] "GET /api/v1/cinemas/1 HTTP/1.1" 200 409 4000
0:0:0:0:0:0:0:1 - - [28/Dec/2025:13:14:36 +0700] "GET /api/v1/rooms/cinema/1 HTTP/1.1" 404 174 11629
0:0:0:0:0:0:0:1 - - [28/Dec/2025:13:14:36 +0700] "GET /api/v1/rooms/cinema/1 HTTP/1.1" 404 173 9911
0:0:0:0:0:0:0:1 - - [28/Dec/2025:13:31:38 +0700] "OPTIONS /api/v1/rooms/cinema/1 HTTP/1.1" 200 - 795
0:0:0:0:0:0:0:1 - - [28/Dec/2025:13:31:39 +0700] "POST /api/v1/rooms/cinema/1 HTTP/1.1" 201 273 319453
0:0:0:0:0:0:0:1 - - [28/Dec/2025:13:31:39 +0700] "GET /api/v1/cinemas/1 HTTP/1.1" 200 409 25420
0:0:0:0:0:0:0:1 - - [28/Dec/2025:13:31:39 +0700] "GET /api/v1/rooms/cinema/1 HTTP/1.1" 200 289 10550
0:0:0:0:0:0:0:1 - - [28/Dec/2025:13:31:44 +0700] "GET /api/v1/seats/room/1 HTTP/1.1" 500 163 29203
0:0:0:0:0:0:0:1 - - [28/Dec/2025:13:31:44 +0700] "GET /api/v1/seats/room/1 HTTP/1.1" 500 163 3988
0:0:0:0:0:0:0:1 - - [28/Dec/2025:13:34:16 +0700] "GET /api/v1/seats/room/1 HTTP/1.1" 500 163 10142
0:0:0:0:0:0:0:1 - - [28/Dec/2025:13:34:16 +0700] "GET /api/v1/seats/room/1 HTTP/1.1" 500 163 5369
0:0:0:0:0:0:0:1 - - [28/Dec/2025:13:36:03 +0700] "GET /api/v1/seats/room/1 HTTP/1.1" 500 163 10971
0:0:0:0:0:0:0:1 - - [28/Dec/2025:13:36:03 +0700] "GET /api/v1/seats/room/1 HTTP/1.1" 500 163 5864
0:0:0:0:0:0:0:1 - - [28/Dec/2025:13:37:29 +0700] "GET /api/v1/cinemas/1 HTTP/1.1" 200 409 5637
0:0:0:0:0:0:0:1 - - [28/Dec/2025:13:37:29 +0700] "GET /api/v1/rooms/cinema/1 HTTP/1.1" 200 289 6690
0:0:0:0:0:0:0:1 - - [28/Dec/2025:13:37:30 +0700] "GET /api/v1/cinemas/1 HTTP/1.1" 200 409 7142
0:0:0:0:0:0:0:1 - - [28/Dec/2025:13:37:30 +0700] "GET /api/v1/cinemas/1 HTTP/1.1" 200 409 7022
0:0:0:0:0:0:0:1 - - [28/Dec/2025:13:37:30 +0700] "GET /api/v1/rooms/cinema/1 HTTP/1.1" 200 289 6672
0:0:0:0:0:0:0:1 - - [28/Dec/2025:13:37:30 +0700] "GET /api/v1/rooms/cinema/1 HTTP/1.1" 200 289 8816
0:0:0:0:0:0:0:1 - - [28/Dec/2025:13:37:37 +0700] "GET /api/v1/cinemas/1 HTTP/1.1" 200 409 5048
0:0:0:0:0:0:0:1 - - [28/Dec/2025:13:37:37 +0700] "GET /api/v1/rooms/cinema/1 HTTP/1.1" 200 289 5195
0:0:0:0:0:0:0:1 - - [28/Dec/2025:13:37:44 +0700] "GET /api/v1/cinemas/1 HTTP/1.1" 200 409 7244
0:0:0:0:0:0:0:1 - - [28/Dec/2025:13:37:44 +0700] "GET /api/v1/rooms/cinema/1 HTTP/1.1" 200 289 3927
0:0:0:0:0:0:0:1 - - [28/Dec/2025:13:37:51 +0700] "GET /api/v1/cinemas/1 HTTP/1.1" 200 409 8312
0:0:0:0:0:0:0:1 - - [28/Dec/2025:13:37:51 +0700] "GET /api/v1/rooms/cinema/1 HTTP/1.1" 200 289 5263
0:0:0:0:0:0:0:1 - - [28/Dec/2025:13:42:15 +0700] "GET /api/v1/cinemas/1 HTTP/1.1" 200 409 44498
0:0:0:0:0:0:0:1 - - [28/Dec/2025:13:42:15 +0700] "GET /api/v1/cinemas/1 HTTP/1.1" 200 409 6175
0:0:0:0:0:0:0:1 - - [28/Dec/2025:13:42:15 +0700] "GET /api/v1/rooms/cinema/1 HTTP/1.1" 200 289 18981
0:0:0:0:0:0:0:1 - - [28/Dec/2025:13:42:15 +0700] "GET /api/v1/rooms/cinema/1 HTTP/1.1" 200 289 8673
0:0:0:0:0:0:0:1 - - [28/Dec/2025:13:42:15 +0700] "GET /api/v1/seats/room/1 HTTP/1.1" 500 163 15408
0:0:0:0:0:0:0:1 - - [28/Dec/2025:13:42:15 +0700] "GET /api/v1/seats/room/1 HTTP/1.1" 500 163 8893
0:0:0:0:0:0:0:1 - - [28/Dec/2025:13:42:16 +0700] "GET /api/v1/seats/room/1 HTTP/1.1" 500 162 8133
0:0:0:0:0:0:0:1 - - [28/Dec/2025:13:45:26 +0700] "GET /api/v1/cinemas/1 HTTP/1.1" 200 408 4223
0:0:0:0:0:0:0:1 - - [28/Dec/2025:13:45:26 +0700] "GET /api/v1/cinemas/1 HTTP/1.1" 200 409 3691
0:0:0:0:0:0:0:1 - - [28/Dec/2025:13:45:26 +0700] "GET /api/v1/rooms/cinema/1 HTTP/1.1" 200 289 4288
0:0:0:0:0:0:0:1 - - [28/Dec/2025:13:45:26 +0700] "GET /api/v1/rooms/cinema/1 HTTP/1.1" 200 289 3411
0:0:0:0:0:0:0:1 - - [28/Dec/2025:13:45:26 +0700] "GET /api/v1/seats/room/1 HTTP/1.1" 500 163 7443
0:0:0:0:0:0:0:1 - - [28/Dec/2025:13:45:26 +0700] "GET /api/v1/seats/room/1 HTTP/1.1" 500 163 5829
0:0:0:0:0:0:0:1 - - [28/Dec/2025:13:45:26 +0700] "GET /api/v1/seats/room/1 HTTP/1.1" 500 163 6832
0:0:0:0:0:0:0:1 - - [28/Dec/2025:13:47:53 +0700] "GET /api/v1/cinemas/1 HTTP/1.1" 200 409 9160
0:0:0:0:0:0:0:1 - - [28/Dec/2025:13:47:53 +0700] "GET /api/v1/cinemas/1 HTTP/1.1" 200 409 7949
0:0:0:0:0:0:0:1 - - [28/Dec/2025:13:47:53 +0700] "GET /api/v1/rooms/cinema/1 HTTP/1.1" 200 289 4306
0:0:0:0:0:0:0:1 - - [28/Dec/2025:13:47:53 +0700] "GET /api/v1/rooms/cinema/1 HTTP/1.1" 200 289 9084
0:0:0:0:0:0:0:1 - - [28/Dec/2025:13:47:53 +0700] "GET /api/v1/seats/theater/1 HTTP/1.1" 200 9810 181538
0:0:0:0:0:0:0:1 - - [28/Dec/2025:13:47:54 +0700] "GET /api/v1/seats/theater/1 HTTP/1.1" 200 9810 44234
0:0:0:0:0:0:0:1 - - [28/Dec/2025:13:47:54 +0700] "GET /api/v1/seats/theater/1 HTTP/1.1" 200 9810 19773
0:0:0:0:0:0:0:1 - - [28/Dec/2025:13:51:04 +0700] "GET /api/v1/cinemas/1 HTTP/1.1" 200 409 6156
0:0:0:0:0:0:0:1 - - [28/Dec/2025:13:51:04 +0700] "GET /api/v1/cinemas/1 HTTP/1.1" 200 409 5452
0:0:0:0:0:0:0:1 - - [28/Dec/2025:13:51:04 +0700] "GET /api/v1/rooms/cinema/1 HTTP/1.1" 200 289 7042
0:0:0:0:0:0:0:1 - - [28/Dec/2025:13:51:04 +0700] "GET /api/v1/rooms/cinema/1 HTTP/1.1" 200 289 5751
0:0:0:0:0:0:0:1 - - [28/Dec/2025:13:51:04 +0700] "GET /api/v1/seats/theater/1 HTTP/1.1" 200 9810 26646
0:0:0:0:0:0:0:1 - - [28/Dec/2025:13:51:04 +0700] "GET /api/v1/seats/theater/1 HTTP/1.1" 200 9809 14420
0:0:0:0:0:0:0:1 - - [28/Dec/2025:14:02:48 +0700] "GET /api/v1/cinemas/1 HTTP/1.1" 200 409 50016
0:0:0:0:0:0:0:1 - - [28/Dec/2025:14:02:48 +0700] "GET /api/v1/cinemas/1 HTTP/1.1" 200 409 3707
0:0:0:0:0:0:0:1 - - [28/Dec/2025:14:02:48 +0700] "GET /api/v1/rooms/cinema/1 HTTP/1.1" 200 289 9818
0:0:0:0:0:0:0:1 - - [28/Dec/2025:14:02:48 +0700] "GET /api/v1/rooms/cinema/1 HTTP/1.1" 200 289 5043
0:0:0:0:0:0:0:1 - - [28/Dec/2025:14:02:48 +0700] "GET /api/v1/seats/theater/1 HTTP/1.1" 200 9810 16944
0:0:0:0:0:0:0:1 - - [28/Dec/2025:14:02:48 +0700] "GET /api/v1/seats/theater/1 HTTP/1.1" 200 9810 18306
0:0:0:0:0:0:0:1 - - [28/Dec/2025:14:02:48 +0700] "GET /api/v1/seats/theater/1 HTTP/1.1" 200 9810 15319
0:0:0:0:0:0:0:1 - - [28/Dec/2025:14:24:40 +0700] "GET /api/v1/cinemas/1 HTTP/1.1" 200 409 90662
0:0:0:0:0:0:0:1 - - [28/Dec/2025:14:24:40 +0700] "GET /api/v1/cinemas/1 HTTP/1.1" 200 409 7464
0:0:0:0:0:0:0:1 - - [28/Dec/2025:14:24:40 +0700] "GET /api/v1/rooms/cinema/1 HTTP/1.1" 200 289 17585
0:0:0:0:0:0:0:1 - - [28/Dec/2025:14:24:40 +0700] "GET /api/v1/rooms/cinema/1 HTTP/1.1" 200 289 5143
0:0:0:0:0:0:0:1 - - [28/Dec/2025:14:24:40 +0700] "GET /api/v1/seats/theater/1 HTTP/1.1" 200 9810 23017
0:0:0:0:0:0:0:1 - - [28/Dec/2025:14:24:40 +0700] "GET /api/v1/seats/theater/1 HTTP/1.1" 200 9810 14016
0:0:0:0:0:0:0:1 - - [28/Dec/2025:14:24:40 +0700] "GET /api/v1/seats/theater/1 HTTP/1.1" 200 9810 16365
0:0:0:0:0:0:0:1 - - [28/Dec/2025:14:49:09 +0700] "GET /api/v1/cinemas/1 HTTP/1.1" 200 409 495121
0:0:0:0:0:0:0:1 - - [28/Dec/2025:14:49:09 +0700] "GET /api/v1/rooms/cinema/1 HTTP/1.1" 404 174 51021
0:0:0:0:0:0:0:1 - - [28/Dec/2025:14:49:09 +0700] "GET /api/v1/cinemas/1 HTTP/1.1" 200 408 94964
0:0:0:0:0:0:0:1 - - [28/Dec/2025:14:49:09 +0700] "GET /api/v1/rooms/cinema/1 HTTP/1.1" 404 174 20105
0:0:0:0:0:0:0:1 - - [28/Dec/2025:14:49:20 +0700] "OPTIONS /api/v1/rooms/cinema/1 HTTP/1.1" 200 - 12755
0:0:0:0:0:0:0:1 - - [28/Dec/2025:14:49:21 +0700] "POST /api/v1/rooms/cinema/1 HTTP/1.1" 201 274 623567
0:0:0:0:0:0:0:1 - - [28/Dec/2025:14:49:21 +0700] "GET /api/v1/cinemas/1 HTTP/1.1" 200 409 35053
0:0:0:0:0:0:0:1 - - [28/Dec/2025:14:49:21 +0700] "GET /api/v1/rooms/cinema/1 HTTP/1.1" 200 290 86654
0:0:0:0:0:0:0:1 - - [28/Dec/2025:14:49:23 +0700] "GET /api/v1/cinemas/1 HTTP/1.1" 200 409 9273
0:0:0:0:0:0:0:1 - - [28/Dec/2025:14:49:23 +0700] "GET /api/v1/cinemas/1 HTTP/1.1" 200 409 9134
0:0:0:0:0:0:0:1 - - [28/Dec/2025:14:49:23 +0700] "GET /api/v1/rooms/cinema/1 HTTP/1.1" 200 290 9263
0:0:0:0:0:0:0:1 - - [28/Dec/2025:14:49:23 +0700] "GET /api/v1/rooms/cinema/1 HTTP/1.1" 200 289 6853
0:0:0:0:0:0:0:1 - - [28/Dec/2025:14:49:23 +0700] "GET /api/v1/seats/theater/1 HTTP/1.1" 200 9822 52319
0:0:0:0:0:0:0:1 - - [28/Dec/2025:14:49:23 +0700] "GET /api/v1/seats/theater/1 HTTP/1.1" 200 9822 42782
0:0:0:0:0:0:0:1 - - [28/Dec/2025:14:49:23 +0700] "GET /api/v1/seats/theater/1 HTTP/1.1" 200 9822 30111
0:0:0:0:0:0:0:1 - - [28/Dec/2025:14:51:00 +0700] "GET /api/v1/cinemas?page=0&size=10 HTTP/1.1" 200 3291 668120
0:0:0:0:0:0:0:1 - - [28/Dec/2025:14:51:00 +0700] "GET /api/v1/cinemas?page=0&size=10 HTTP/1.1" 200 3291 70844
0:0:0:0:0:0:0:1 - - [28/Dec/2025:14:51:42 +0700] "GET /api/v1/cinemas/1 HTTP/1.1" 200 409 85819
0:0:0:0:0:0:0:1 - - [28/Dec/2025:14:51:42 +0700] "GET /api/v1/cinemas/1 HTTP/1.1" 200 409 19072
0:0:0:0:0:0:0:1 - - [28/Dec/2025:14:51:42 +0700] "GET /api/v1/rooms/cinema/1 HTTP/1.1" 200 290 38532
0:0:0:0:0:0:0:1 - - [28/Dec/2025:14:51:42 +0700] "GET /api/v1/rooms/cinema/1 HTTP/1.1" 200 290 18869
0:0:0:0:0:0:0:1 - - [28/Dec/2025:14:52:03 +0700] "GET /api/v1/cinemas/1 HTTP/1.1" 200 409 11120
0:0:0:0:0:0:0:1 - - [28/Dec/2025:14:52:03 +0700] "GET /api/v1/cinemas/1 HTTP/1.1" 200 408 12568
0:0:0:0:0:0:0:1 - - [28/Dec/2025:14:52:03 +0700] "GET /api/v1/rooms/cinema/1 HTTP/1.1" 200 290 12090
0:0:0:0:0:0:0:1 - - [28/Dec/2025:14:52:03 +0700] "GET /api/v1/rooms/cinema/1 HTTP/1.1" 200 290 9294
0:0:0:0:0:0:0:1 - - [28/Dec/2025:14:54:18 +0700] "GET /api/v1/cinemas/1 HTTP/1.1" 200 409 9523
0:0:0:0:0:0:0:1 - - [28/Dec/2025:14:54:18 +0700] "GET /api/v1/cinemas/1 HTTP/1.1" 200 409 9488
0:0:0:0:0:0:0:1 - - [28/Dec/2025:14:54:18 +0700] "GET /api/v1/rooms/cinema/1 HTTP/1.1" 200 290 13695
0:0:0:0:0:0:0:1 - - [28/Dec/2025:14:54:18 +0700] "GET /api/v1/rooms/cinema/1 HTTP/1.1" 200 290 10125
0:0:0:0:0:0:0:1 - - [28/Dec/2025:14:54:18 +0700] "GET /api/v1/seats/theater/1 HTTP/1.1" 200 9821 63120
0:0:0:0:0:0:0:1 - - [28/Dec/2025:14:54:18 +0700] "GET /api/v1/seats/theater/1 HTTP/1.1" 200 9821 57318
0:0:0:0:0:0:0:1 - - [28/Dec/2025:14:54:18 +0700] "GET /api/v1/seats/theater/1 HTTP/1.1" 200 9822 25614
0:0:0:0:0:0:0:1 - - [28/Dec/2025:14:54:19 +0700] "GET /api/v1/cinemas/1 HTTP/1.1" 200 409 13438
0:0:0:0:0:0:0:1 - - [28/Dec/2025:14:54:19 +0700] "GET /api/v1/cinemas/1 HTTP/1.1" 200 409 17715
0:0:0:0:0:0:0:1 - - [28/Dec/2025:14:54:19 +0700] "GET /api/v1/rooms/cinema/1 HTTP/1.1" 200 290 16191
0:0:0:0:0:0:0:1 - - [28/Dec/2025:14:54:19 +0700] "GET /api/v1/rooms/cinema/1 HTTP/1.1" 200 290 22567
0:0:0:0:0:0:0:1 - - [28/Dec/2025:14:54:33 +0700] "GET /api/v1/cinemas/1 HTTP/1.1" 200 409 15343
0:0:0:0:0:0:0:1 - - [28/Dec/2025:14:54:33 +0700] "GET /api/v1/cinemas/1 HTTP/1.1" 200 409 11005
0:0:0:0:0:0:0:1 - - [28/Dec/2025:14:54:33 +0700] "GET /api/v1/rooms/cinema/1 HTTP/1.1" 200 290 7917
0:0:0:0:0:0:0:1 - - [28/Dec/2025:14:54:33 +0700] "GET /api/v1/rooms/cinema/1 HTTP/1.1" 200 290 7499
0:0:0:0:0:0:0:1 - - [28/Dec/2025:14:58:31 +0700] "GET /api/v1/cinemas/1 HTTP/1.1" 200 408 11091
0:0:0:0:0:0:0:1 - - [28/Dec/2025:14:58:31 +0700] "GET /api/v1/cinemas/1 HTTP/1.1" 200 409 4651
0:0:0:0:0:0:0:1 - - [28/Dec/2025:14:58:31 +0700] "GET /api/v1/rooms/cinema/1 HTTP/1.1" 200 290 4215
0:0:0:0:0:0:0:1 - - [28/Dec/2025:14:58:31 +0700] "GET /api/v1/rooms/cinema/1 HTTP/1.1" 200 290 9939
0:0:0:0:0:0:0:1 - - [28/Dec/2025:15:05:17 +0700] "GET /api/v1/cinemas/1 HTTP/1.1" 200 409 75442
0:0:0:0:0:0:0:1 - - [28/Dec/2025:15:05:17 +0700] "GET /api/v1/cinemas/1 HTTP/1.1" 200 409 27433
0:0:0:0:0:0:0:1 - - [28/Dec/2025:15:05:17 +0700] "GET /api/v1/rooms/cinema/1 HTTP/1.1" 200 290 18647
0:0:0:0:0:0:0:1 - - [28/Dec/2025:15:05:17 +0700] "GET /api/v1/rooms/cinema/1 HTTP/1.1" 200 290 8660
0:0:0:0:0:0:0:1 - - [28/Dec/2025:15:06:48 +0700] "GET /api/v1/cinemas/1 HTTP/1.1" 200 409 9792
0:0:0:0:0:0:0:1 - - [28/Dec/2025:15:06:48 +0700] "GET /api/v1/cinemas/1 HTTP/1.1" 200 407 7336
0:0:0:0:0:0:0:1 - - [28/Dec/2025:15:06:48 +0700] "GET /api/v1/rooms/cinema/1 HTTP/1.1" 200 290 11093
0:0:0:0:0:0:0:1 - - [28/Dec/2025:15:06:48 +0700] "GET /api/v1/rooms/cinema/1 HTTP/1.1" 200 290 6106
0:0:0:0:0:0:0:1 - - [28/Dec/2025:15:06:48 +0700] "GET /api/v1/seats/theater/1 HTTP/1.1" 200 9822 19637
0:0:0:0:0:0:0:1 - - [28/Dec/2025:15:06:48 +0700] "GET /api/v1/seats/theater/1 HTTP/1.1" 200 9822 17381
0:0:0:0:0:0:0:1 - - [28/Dec/2025:15:06:48 +0700] "GET /api/v1/seats/theater/1 HTTP/1.1" 200 9822 15389
0:0:0:0:0:0:0:1 - - [28/Dec/2025:15:06:49 +0700] "GET /api/v1/cinemas/1 HTTP/1.1" 200 409 5745
0:0:0:0:0:0:0:1 - - [28/Dec/2025:15:06:49 +0700] "GET /api/v1/cinemas/1 HTTP/1.1" 200 409 7786
0:0:0:0:0:0:0:1 - - [28/Dec/2025:15:06:49 +0700] "GET /api/v1/rooms/cinema/1 HTTP/1.1" 200 290 8322
0:0:0:0:0:0:0:1 - - [28/Dec/2025:15:06:49 +0700] "GET /api/v1/rooms/cinema/1 HTTP/1.1" 200 289 5412
0:0:0:0:0:0:0:1 - - [28/Dec/2025:15:07:25 +0700] "GET /api/v1/cinemas/1 HTTP/1.1" 200 409 6050
0:0:0:0:0:0:0:1 - - [28/Dec/2025:15:07:25 +0700] "GET /api/v1/rooms/cinema/1 HTTP/1.1" 200 290 5713
0:0:0:0:0:0:0:1 - - [28/Dec/2025:15:07:25 +0700] "GET /api/v1/cinemas/1 HTTP/1.1" 200 409 5660
0:0:0:0:0:0:0:1 - - [28/Dec/2025:15:07:25 +0700] "GET /api/v1/cinemas/1 HTTP/1.1" 200 409 6224
0:0:0:0:0:0:0:1 - - [28/Dec/2025:15:07:25 +0700] "GET /api/v1/rooms/cinema/1 HTTP/1.1" 200 290 5221
0:0:0:0:0:0:0:1 - - [28/Dec/2025:15:07:25 +0700] "GET /api/v1/rooms/cinema/1 HTTP/1.1" 200 290 5951
0:0:0:0:0:0:0:1 - - [28/Dec/2025:15:09:10 +0700] "OPTIONS /api/v1/rooms/1 HTTP/1.1" 200 - 4328
0:0:0:0:0:0:0:1 - - [28/Dec/2025:15:09:11 +0700] "DELETE /api/v1/rooms/1 HTTP/1.1" 200 116 464526
0:0:0:0:0:0:0:1 - - [28/Dec/2025:15:09:11 +0700] "GET /api/v1/cinemas/1 HTTP/1.1" 200 409 6990
0:0:0:0:0:0:0:1 - - [28/Dec/2025:15:09:11 +0700] "GET /api/v1/rooms/cinema/1 HTTP/1.1" 404 174 46347
0:0:0:0:0:0:0:1 - - [28/Dec/2025:15:09:22 +0700] "GET /api/v1/cinemas/1 HTTP/1.1" 200 409 10841
0:0:0:0:0:0:0:1 - - [28/Dec/2025:15:09:22 +0700] "GET /api/v1/cinemas/1 HTTP/1.1" 200 408 5712
0:0:0:0:0:0:0:1 - - [28/Dec/2025:15:09:22 +0700] "GET /api/v1/rooms/cinema/1 HTTP/1.1" 404 174 19416
0:0:0:0:0:0:0:1 - - [28/Dec/2025:15:09:22 +0700] "GET /api/v1/rooms/cinema/1 HTTP/1.1" 404 174 15102
0:0:0:0:0:0:0:1 - - [28/Dec/2025:15:16:49 +0700] "OPTIONS /api/v1/rooms/cinema/1 HTTP/1.1" 200 - 2115
0:0:0:0:0:0:0:1 - - [28/Dec/2025:15:16:49 +0700] "POST /api/v1/rooms/cinema/1 HTTP/1.1" 201 274 165169
0:0:0:0:0:0:0:1 - - [28/Dec/2025:15:16:49 +0700] "GET /api/v1/cinemas/1 HTTP/1.1" 200 409 18871
0:0:0:0:0:0:0:1 - - [28/Dec/2025:15:16:49 +0700] "GET /api/v1/rooms/cinema/1 HTTP/1.1" 200 290 14620
0:0:0:0:0:0:0:1 - - [28/Dec/2025:15:16:52 +0700] "GET /api/v1/cinemas/1 HTTP/1.1" 200 409 11027
0:0:0:0:0:0:0:1 - - [28/Dec/2025:15:16:52 +0700] "GET /api/v1/cinemas/1 HTTP/1.1" 200 408 11540
0:0:0:0:0:0:0:1 - - [28/Dec/2025:15:16:52 +0700] "GET /api/v1/rooms/cinema/1 HTTP/1.1" 200 290 12369
0:0:0:0:0:0:0:1 - - [28/Dec/2025:15:16:52 +0700] "GET /api/v1/rooms/cinema/1 HTTP/1.1" 200 290 8080
0:0:0:0:0:0:0:1 - - [28/Dec/2025:15:16:52 +0700] "GET /api/v1/seats/theater/2 HTTP/1.1" 200 9930 29389
0:0:0:0:0:0:0:1 - - [28/Dec/2025:15:16:52 +0700] "GET /api/v1/seats/theater/2 HTTP/1.1" 200 9929 15781
0:0:0:0:0:0:0:1 - - [28/Dec/2025:15:16:52 +0700] "GET /api/v1/seats/theater/2 HTTP/1.1" 200 9930 16311
0:0:0:0:0:0:0:1 - - [28/Dec/2025:15:18:18 +0700] "OPTIONS /api/v1/seats HTTP/1.1" 200 - 1396
0:0:0:0:0:0:0:1 - - [28/Dec/2025:15:18:18 +0700] "POST /api/v1/seats HTTP/1.1" 400 154 80819
0:0:0:0:0:0:0:1 - - [28/Dec/2025:15:22:00 +0700] "OPTIONS /api/v1/seats HTTP/1.1" 200 - 1238
0:0:0:0:0:0:0:1 - - [28/Dec/2025:15:22:00 +0700] "POST /api/v1/seats HTTP/1.1" 201 205 28872
0:0:0:0:0:0:0:1 - - [28/Dec/2025:15:22:05 +0700] "POST /api/v1/seats HTTP/1.1" 201 205 24941
0:0:0:0:0:0:0:1 - - [28/Dec/2025:15:22:12 +0700] "OPTIONS /api/v1/seats/205 HTTP/1.1" 200 - 1180
0:0:0:0:0:0:0:1 - - [28/Dec/2025:15:22:12 +0700] "DELETE /api/v1/seats/205 HTTP/1.1" 200 114 23581
0:0:0:0:0:0:0:1 - - [28/Dec/2025:15:22:30 +0700] "OPTIONS /api/v1/seats/206 HTTP/1.1" 200 - 1628
0:0:0:0:0:0:0:1 - - [28/Dec/2025:15:22:30 +0700] "DELETE /api/v1/seats/206 HTTP/1.1" 200 114 18278
0:0:0:0:0:0:0:1 - - [28/Dec/2025:15:22:34 +0700] "OPTIONS /api/v1/seats/207 HTTP/1.1" 200 - 1471
0:0:0:0:0:0:0:1 - - [28/Dec/2025:15:22:34 +0700] "PUT /api/v1/seats/207 HTTP/1.1" 200 198 37129
0:0:0:0:0:0:0:1 - - [28/Dec/2025:15:23:01 +0700] "OPTIONS /api/v1/seats/216 HTTP/1.1" 200 - 2007
0:0:0:0:0:0:0:1 - - [28/Dec/2025:15:23:01 +0700] "PUT /api/v1/seats/216 HTTP/1.1" 200 203 19319
0:0:0:0:0:0:0:1 - - [28/Dec/2025:15:23:36 +0700] "OPTIONS /api/v1/seats/207 HTTP/1.1" 200 - 1280
0:0:0:0:0:0:0:1 - - [28/Dec/2025:15:23:36 +0700] "DELETE /api/v1/seats/207 HTTP/1.1" 200 114 21925
0:0:0:0:0:0:0:1 - - [28/Dec/2025:15:23:38 +0700] "OPTIONS /api/v1/seats HTTP/1.1" 200 - 1466
0:0:0:0:0:0:0:1 - - [28/Dec/2025:15:23:38 +0700] "POST /api/v1/seats HTTP/1.1" 201 202 28450
0:0:0:0:0:0:0:1 - - [28/Dec/2025:15:23:45 +0700] "OPTIONS /api/v1/seats/243 HTTP/1.1" 200 - 1744
0:0:0:0:0:0:0:1 - - [28/Dec/2025:15:23:45 +0700] "PUT /api/v1/seats/243 HTTP/1.1" 200 201 15411
0:0:0:0:0:0:0:1 - - [28/Dec/2025:15:30:48 +0700] "GET /api/v1/cinemas/1 HTTP/1.1" 200 409 34285
0:0:0:0:0:0:0:1 - - [28/Dec/2025:15:30:48 +0700] "GET /api/v1/cinemas/1 HTTP/1.1" 200 409 7622
0:0:0:0:0:0:0:1 - - [28/Dec/2025:15:30:48 +0700] "GET /api/v1/rooms/cinema/1 HTTP/1.1" 200 290 13373
0:0:0:0:0:0:0:1 - - [28/Dec/2025:15:30:48 +0700] "GET /api/v1/rooms/cinema/1 HTTP/1.1" 200 290 6302
0:0:0:0:0:0:0:1 - - [28/Dec/2025:15:30:50 +0700] "GET /api/v1/cinemas?page=0&size=10 HTTP/1.1" 200 3291 87890
0:0:0:0:0:0:0:1 - - [28/Dec/2025:15:30:50 +0700] "GET /api/v1/cinemas?page=0&size=10 HTTP/1.1" 200 3291 7253
0:0:0:0:0:0:0:1 - - [28/Dec/2025:15:33:55 +0700] "GET /api/v1/showtime HTTP/1.1" 500 178 63751
0:0:0:0:0:0:0:1 - - [28/Dec/2025:15:33:55 +0700] "GET /api/v1/showtime HTTP/1.1" 500 178 10982
0:0:0:0:0:0:0:1 - - [28/Dec/2025:15:33:55 +0700] "GET /api/v1/showtime HTTP/1.1" 500 178 9036
0:0:0:0:0:0:0:1 - - [28/Dec/2025:15:33:55 +0700] "GET /api/v1/showtime HTTP/1.1" 500 178 10044
0:0:0:0:0:0:0:1 - - [28/Dec/2025:15:33:55 +0700] "GET /api/v1/cinemas HTTP/1.1" 200 6067 148765
0:0:0:0:0:0:0:1 - - [28/Dec/2025:15:33:55 +0700] "GET /api/v1/cinemas HTTP/1.1" 200 6067 8890
0:0:0:0:0:0:0:1 - - [28/Dec/2025:15:33:55 +0700] "GET /api/v1/movies/now-showing HTTP/1.1" 200 6013 253064
0:0:0:0:0:0:0:1 - - [28/Dec/2025:15:33:55 +0700] "GET /api/v1/movies/now-showing HTTP/1.1" 200 6013 7906
0:0:0:0:0:0:0:1 - - [28/Dec/2025:15:34:07 +0700] "GET /api/v1/rooms/cinema/1 HTTP/1.1" 200 290 5158
0:0:0:0:0:0:0:1 - - [28/Dec/2025:15:41:43 +0700] "OPTIONS /api/v1/showtime HTTP/1.1" 200 - 1876
0:0:0:0:0:0:0:1 - - [28/Dec/2025:15:41:43 +0700] "POST /api/v1/showtime HTTP/1.1" 500 402 72165
0:0:0:0:0:0:0:1 - - [28/Dec/2025:15:48:15 +0700] "OPTIONS /api/v1/showtime HTTP/1.1" 200 - 1665
0:0:0:0:0:0:0:1 - - [28/Dec/2025:15:48:15 +0700] "POST /api/v1/showtime HTTP/1.1" 201 468 193174
0:0:0:0:0:0:0:1 - - [28/Dec/2025:15:48:15 +0700] "GET /api/v1/showtime HTTP/1.1" 500 178 15428
0:0:0:0:0:0:0:1 - - [28/Dec/2025:15:48:19 +0700] "GET /api/v1/showtime HTTP/1.1" 500 178 16737
0:0:0:0:0:0:0:1 - - [28/Dec/2025:15:48:19 +0700] "GET /api/v1/showtime HTTP/1.1" 500 178 14481
0:0:0:0:0:0:0:1 - - [28/Dec/2025:15:48:19 +0700] "GET /api/v1/showtime HTTP/1.1" 500 178 9521
0:0:0:0:0:0:0:1 - - [28/Dec/2025:15:48:19 +0700] "GET /api/v1/showtime HTTP/1.1" 500 178 9338
0:0:0:0:0:0:0:1 - - [28/Dec/2025:15:48:19 +0700] "GET /api/v1/movies/now-showing HTTP/1.1" 200 6013 124652
0:0:0:0:0:0:0:1 - - [28/Dec/2025:15:48:19 +0700] "GET /api/v1/movies/now-showing HTTP/1.1" 200 6013 6100
0:0:0:0:0:0:0:1 - - [28/Dec/2025:15:48:19 +0700] "GET /api/v1/cinemas HTTP/1.1" 200 6067 170458
0:0:0:0:0:0:0:1 - - [28/Dec/2025:15:48:19 +0700] "GET /api/v1/cinemas HTTP/1.1" 200 6067 6695
0:0:0:0:0:0:0:1 - - [28/Dec/2025:15:49:03 +0700] "GET /api/v1/cinemas HTTP/1.1" 200 6067 8982
0:0:0:0:0:0:0:1 - - [28/Dec/2025:15:49:03 +0700] "GET /api/v1/movies/now-showing HTTP/1.1" 200 6013 9386
0:0:0:0:0:0:0:1 - - [28/Dec/2025:15:49:03 +0700] "GET /api/v1/showtime HTTP/1.1" 500 177 13189
0:0:0:0:0:0:0:1 - - [28/Dec/2025:15:49:03 +0700] "GET /api/v1/movies/now-showing HTTP/1.1" 200 6013 5147
0:0:0:0:0:0:0:1 - - [28/Dec/2025:15:49:03 +0700] "GET /api/v1/cinemas HTTP/1.1" 200 6067 5363
0:0:0:0:0:0:0:1 - - [28/Dec/2025:15:49:03 +0700] "GET /api/v1/showtime HTTP/1.1" 500 178 12461
0:0:0:0:0:0:0:1 - - [28/Dec/2025:15:49:03 +0700] "GET /api/v1/showtime HTTP/1.1" 500 178 9975
0:0:0:0:0:0:0:1 - - [28/Dec/2025:15:49:03 +0700] "GET /api/v1/showtime HTTP/1.1" 500 177 8521
0:0:0:0:0:0:0:1 - - [28/Dec/2025:15:52:11 +0700] "GET /api/v1/showtime?page=0&size=10 HTTP/1.1" 200 - 398651
0:0:0:0:0:0:0:1 - - [28/Dec/2025:15:52:56 +0700] "GET /api/v1/showtime?page=0&size=10 HTTP/1.1" 500 178 12758
0:0:0:0:0:0:0:1 - - [28/Dec/2025:15:57:32 +0700] "GET /api/v1/showtime?page=0&size=10 HTTP/1.1" 200 792 364837
0:0:0:0:0:0:0:1 - - [28/Dec/2025:15:57:41 +0700] "GET /api/v1/showtime HTTP/1.1" 200 791 101605
0:0:0:0:0:0:0:1 - - [28/Dec/2025:15:57:41 +0700] "GET /api/v1/showtime HTTP/1.1" 200 791 11290
0:0:0:0:0:0:0:1 - - [28/Dec/2025:15:57:41 +0700] "GET /api/v1/showtime HTTP/1.1" 200 790 8451
0:0:0:0:0:0:0:1 - - [28/Dec/2025:15:57:41 +0700] "GET /api/v1/showtime HTTP/1.1" 200 790 7629
0:0:0:0:0:0:0:1 - - [28/Dec/2025:15:57:41 +0700] "GET /api/v1/movies/now-showing HTTP/1.1" 200 6013 205249
0:0:0:0:0:0:0:1 - - [28/Dec/2025:15:57:41 +0700] "GET /api/v1/movies/now-showing HTTP/1.1" 200 6013 11461
0:0:0:0:0:0:0:1 - - [28/Dec/2025:15:57:41 +0700] "GET /api/v1/cinemas HTTP/1.1" 200 6067 233405
0:0:0:0:0:0:0:1 - - [28/Dec/2025:15:57:41 +0700] "GET /api/v1/cinemas HTTP/1.1" 200 6067 12774
0:0:0:0:0:0:0:1 - - [28/Dec/2025:15:57:54 +0700] "GET /api/v1/showtime/1/seats HTTP/1.1" 200 14264 87632
0:0:0:0:0:0:0:1 - - [28/Dec/2025:15:57:55 +0700] "GET /api/v1/showtime/1/seats HTTP/1.1" 200 14264 48735
0:0:0:0:0:0:0:1 - - [28/Dec/2025:15:57:55 +0700] "GET /api/v1/showtime/1/seats HTTP/1.1" 200 14264 44769
0:0:0:0:0:0:0:1 - - [28/Dec/2025:15:58:07 +0700] "GET /api/v1/rooms/cinema/1 HTTP/1.1" 200 290 19518
0:0:0:0:0:0:0:1 - - [28/Dec/2025:15:58:33 +0700] "GET /api/v1/showtime/1/seats HTTP/1.1" 200 14263 25994
0:0:0:0:0:0:0:1 - - [28/Dec/2025:15:58:33 +0700] "GET /api/v1/showtime/1/seats HTTP/1.1" 200 14264 40377
0:0:0:0:0:0:0:1 - - [28/Dec/2025:15:58:33 +0700] "GET /api/v1/showtime/1/seats HTTP/1.1" 200 14264 35573
0:0:0:0:0:0:0:1 - - [28/Dec/2025:16:02:28 +0700] "GET /api/v1/showtime HTTP/1.1" 200 791 8039
0:0:0:0:0:0:0:1 - - [28/Dec/2025:16:02:28 +0700] "GET /api/v1/movies/now-showing HTTP/1.1" 200 6013 8212
0:0:0:0:0:0:0:1 - - [28/Dec/2025:16:02:28 +0700] "GET /api/v1/cinemas HTTP/1.1" 200 6067 9520
0:0:0:0:0:0:0:1 - - [28/Dec/2025:16:02:28 +0700] "GET /api/v1/showtime HTTP/1.1" 200 791 5961
0:0:0:0:0:0:0:1 - - [28/Dec/2025:16:02:28 +0700] "GET /api/v1/cinemas HTTP/1.1" 200 6067 5769
0:0:0:0:0:0:0:1 - - [28/Dec/2025:16:02:28 +0700] "GET /api/v1/movies/now-showing HTTP/1.1" 200 6013 6485
0:0:0:0:0:0:0:1 - - [28/Dec/2025:16:02:28 +0700] "GET /api/v1/showtime HTTP/1.1" 200 791 6424
0:0:0:0:0:0:0:1 - - [28/Dec/2025:16:02:28 +0700] "GET /api/v1/showtime HTTP/1.1" 200 791 6157
0:0:0:0:0:0:0:1 - - [28/Dec/2025:16:05:33 +0700] "GET /api/v1/cinemas HTTP/1.1" 200 6067 6914
0:0:0:0:0:0:0:1 - - [28/Dec/2025:16:05:33 +0700] "GET /api/v1/movies/now-showing HTTP/1.1" 200 6013 6822
0:0:0:0:0:0:0:1 - - [28/Dec/2025:16:05:33 +0700] "GET /api/v1/showtime HTTP/1.1" 200 791 6896
0:0:0:0:0:0:0:1 - - [28/Dec/2025:16:05:33 +0700] "GET /api/v1/movies/now-showing HTTP/1.1" 200 6013 9923
0:0:0:0:0:0:0:1 - - [28/Dec/2025:16:05:33 +0700] "GET /api/v1/showtime HTTP/1.1" 200 791 10894
0:0:0:0:0:0:0:1 - - [28/Dec/2025:16:05:33 +0700] "GET /api/v1/cinemas HTTP/1.1" 200 6067 10756
0:0:0:0:0:0:0:1 - - [28/Dec/2025:16:05:33 +0700] "GET /api/v1/showtime HTTP/1.1" 200 790 5529
0:0:0:0:0:0:0:1 - - [28/Dec/2025:16:05:33 +0700] "GET /api/v1/showtime HTTP/1.1" 200 791 7248
0:0:0:0:0:0:0:1 - - [28/Dec/2025:16:05:37 +0700] "GET /api/v1/movies/now-showing HTTP/1.1" 200 6013 8017
0:0:0:0:0:0:0:1 - - [28/Dec/2025:16:05:37 +0700] "GET /api/v1/showtime HTTP/1.1" 200 791 8016
0:0:0:0:0:0:0:1 - - [28/Dec/2025:16:05:37 +0700] "GET /api/v1/cinemas HTTP/1.1" 200 6067 7907
0:0:0:0:0:0:0:1 - - [28/Dec/2025:16:05:37 +0700] "GET /api/v1/showtime HTTP/1.1" 200 791 8131
0:0:0:0:0:0:0:1 - - [28/Dec/2025:16:05:37 +0700] "GET /api/v1/movies/now-showing HTTP/1.1" 200 6013 8307
0:0:0:0:0:0:0:1 - - [28/Dec/2025:16:05:37 +0700] "GET /api/v1/cinemas HTTP/1.1" 200 6067 8380
0:0:0:0:0:0:0:1 - - [28/Dec/2025:16:05:37 +0700] "GET /api/v1/showtime HTTP/1.1" 200 791 6911
0:0:0:0:0:0:0:1 - - [28/Dec/2025:16:05:37 +0700] "GET /api/v1/showtime HTTP/1.1" 200 791 7225
0:0:0:0:0:0:0:1 - - [28/Dec/2025:16:05:55 +0700] "GET /api/v1/cinemas HTTP/1.1" 200 6067 29138
0:0:0:0:0:0:0:1 - - [28/Dec/2025:16:05:55 +0700] "GET /api/v1/movies/now-showing HTTP/1.1" 200 6013 29152
0:0:0:0:0:0:0:1 - - [28/Dec/2025:16:05:55 +0700] "GET /api/v1/showtime HTTP/1.1" 200 791 29182
0:0:0:0:0:0:0:1 - - [28/Dec/2025:16:05:55 +0700] "GET /api/v1/movies/now-showing HTTP/1.1" 200 6013 14136
0:0:0:0:0:0:0:1 - - [28/Dec/2025:16:05:55 +0700] "GET /api/v1/showtime HTTP/1.1" 200 791 14311
0:0:0:0:0:0:0:1 - - [28/Dec/2025:16:05:55 +0700] "GET /api/v1/cinemas HTTP/1.1" 200 6067 14190
0:0:0:0:0:0:0:1 - - [28/Dec/2025:16:05:55 +0700] "GET /api/v1/showtime HTTP/1.1" 200 791 8594
0:0:0:0:0:0:0:1 - - [28/Dec/2025:16:05:55 +0700] "GET /api/v1/showtime HTTP/1.1" 200 791 7417
0:0:0:0:0:0:0:1 - - [28/Dec/2025:16:07:54 +0700] "GET /api/v1/showtime/1 HTTP/1.1" 200 473 26015
0:0:0:0:0:0:0:1 - - [28/Dec/2025:16:07:54 +0700] "GET /api/v1/showtime/1 HTTP/1.1" 200 472 5038
0:0:0:0:0:0:0:1 - - [28/Dec/2025:16:07:55 +0700] "GET /api/v1/showtime/1/seats HTTP/1.1" 200 14264 27963
0:0:0:0:0:0:0:1 - - [28/Dec/2025:16:07:55 +0700] "GET /api/v1/showtime/1/seats HTTP/1.1" 200 14264 24245
0:0:0:0:0:0:0:1 - - [28/Dec/2025:16:10:10 +0700] "GET /api/v1/showtime/1/seats HTTP/1.1" 200 - 183806
0:0:0:0:0:0:0:1 - - [28/Dec/2025:16:10:21 +0700] "GET /api/v1/showtime/1/seats HTTP/1.1" 200 14264 21045
0:0:0:0:0:0:0:1 - - [28/Dec/2025:16:13:44 +0700] "GET /api/v1/showtime/1 HTTP/1.1" 200 472 12617
0:0:0:0:0:0:0:1 - - [28/Dec/2025:16:13:44 +0700] "GET /api/v1/showtime/1 HTTP/1.1" 200 472 8708
0:0:0:0:0:0:0:1 - - [28/Dec/2025:16:13:44 +0700] "GET /api/v1/showtime/1/seats HTTP/1.1" 200 14264 23448
0:0:0:0:0:0:0:1 - - [28/Dec/2025:16:13:44 +0700] "GET /api/v1/showtime/1/seats HTTP/1.1" 200 14264 23535
0:0:0:0:0:0:0:1 - - [28/Dec/2025:16:17:10 +0700] "GET /api/v1/showtime/1 HTTP/1.1" 200 472 9556
0:0:0:0:0:0:0:1 - - [28/Dec/2025:16:17:10 +0700] "GET /api/v1/showtime/1 HTTP/1.1" 200 472 6972
0:0:0:0:0:0:0:1 - - [28/Dec/2025:16:17:10 +0700] "GET /api/v1/showtime/1/seats HTTP/1.1" 200 14263 24364
0:0:0:0:0:0:0:1 - - [28/Dec/2025:16:17:10 +0700] "GET /api/v1/showtime/1/seats HTTP/1.1" 200 14264 24967
0:0:0:0:0:0:0:1 - - [28/Dec/2025:16:23:19 +0700] "GET /api/v1/showtime/1 HTTP/1.1" 200 473 32168
0:0:0:0:0:0:0:1 - - [28/Dec/2025:16:23:19 +0700] "GET /api/v1/showtime/1 HTTP/1.1" 200 471 6315
0:0:0:0:0:0:0:1 - - [28/Dec/2025:16:23:20 +0700] "GET /api/v1/showtime/1/seats HTTP/1.1" 200 14264 23328
0:0:0:0:0:0:0:1 - - [28/Dec/2025:16:23:20 +0700] "GET /api/v1/showtime/1/seats HTTP/1.1" 200 14264 18906
0:0:0:0:0:0:0:1 - - [28/Dec/2025:16:25:07 +0700] "GET /api/v1/showtime HTTP/1.1" 200 792 36939
0:0:0:0:0:0:0:1 - - [28/Dec/2025:16:25:07 +0700] "GET /api/v1/showtime HTTP/1.1" 200 791 8276
0:0:0:0:0:0:0:1 - - [28/Dec/2025:16:25:07 +0700] "GET /api/v1/showtime HTTP/1.1" 200 791 5189
0:0:0:0:0:0:0:1 - - [28/Dec/2025:16:25:07 +0700] "GET /api/v1/showtime HTTP/1.1" 200 791 5823
0:0:0:0:0:0:0:1 - - [28/Dec/2025:16:25:07 +0700] "GET /api/v1/movies/now-showing HTTP/1.1" 200 6013 128909
0:0:0:0:0:0:0:1 - - [28/Dec/2025:16:25:07 +0700] "GET /api/v1/movies/now-showing HTTP/1.1" 200 6012 6517
0:0:0:0:0:0:0:1 - - [28/Dec/2025:16:25:07 +0700] "GET /api/v1/cinemas HTTP/1.1" 200 6067 158664
0:0:0:0:0:0:0:1 - - [28/Dec/2025:16:25:07 +0700] "GET /api/v1/cinemas HTTP/1.1" 200 6067 7351
0:0:0:0:0:0:0:1 - - [28/Dec/2025:16:25:08 +0700] "GET /api/v1/bookings?page=0&size=5&sortBy=bookingDate&sortDir=desc HTTP/1.1" 200 433 34137
0:0:0:0:0:0:0:1 - - [28/Dec/2025:16:25:08 +0700] "GET /api/v1/cinemas?page=0&size=1 HTTP/1.1" 200 727 46490
0:0:0:0:0:0:0:1 - - [28/Dec/2025:16:25:08 +0700] "GET /api/v1/showtime?date=2025-12-28 HTTP/1.1" 200 791 11278
0:0:0:0:0:0:0:1 - - [28/Dec/2025:16:25:08 +0700] "GET /api/v1/bookings?page=0&size=5&sortBy=bookingDate&sortDir=desc HTTP/1.1" 200 433 14182
0:0:0:0:0:0:0:1 - - [28/Dec/2025:16:25:08 +0700] "GET /api/v1/cinemas?page=0&size=1 HTTP/1.1" 200 727 6990
0:0:0:0:0:0:0:1 - - [28/Dec/2025:16:25:08 +0700] "GET /api/v1/movies?page=0&size=1 HTTP/1.1" 200 704 66365
0:0:0:0:0:0:0:1 - - [28/Dec/2025:16:25:08 +0700] "GET /api/v1/showtime?date=2025-12-28 HTTP/1.1" 200 791 9041
0:0:0:0:0:0:0:1 - - [28/Dec/2025:16:25:08 +0700] "GET /api/v1/movies?page=0&size=1 HTTP/1.1" 200 704 8238
0:0:0:0:0:0:0:1 - - [28/Dec/2025:16:25:08 +0700] "GET /api/v1/bookings/statistics?startDate=2025-01-01&endDate=2025-12-31 HTTP/1.1" 500 287 97108
0:0:0:0:0:0:0:1 - - [28/Dec/2025:16:25:08 +0700] "GET /api/v1/users?page=0&size=1&sortBy=userId&sortDir=asc HTTP/1.1" 500 173 101939
0:0:0:0:0:0:0:1 - - [28/Dec/2025:16:25:08 +0700] "GET /api/v1/bookings/statistics?startDate=2025-01-01&endDate=2025-12-31 HTTP/1.1" 500 286 11295
0:0:0:0:0:0:0:1 - - [28/Dec/2025:16:25:08 +0700] "GET /api/v1/users?page=0&size=1&sortBy=userId&sortDir=asc HTTP/1.1" 500 173 9392
0:0:0:0:0:0:0:1 - - [28/Dec/2025:16:25:08 +0700] "GET /api/v1/movies/coming-soon?page=0&size=5 HTTP/1.1" 200 3113 114348
0:0:0:0:0:0:0:1 - - [28/Dec/2025:16:25:08 +0700] "GET /api/v1/movies/coming-soon?page=0&size=5 HTTP/1.1" 200 3112 6173
0:0:0:0:0:0:0:1 - - [28/Dec/2025:16:25:11 +0700] "GET /api/v1/cinemas?page=0&size=10 HTTP/1.1" 200 3290 39572
0:0:0:0:0:0:0:1 - - [28/Dec/2025:16:25:11 +0700] "GET /api/v1/cinemas?page=0&size=10 HTTP/1.1" 200 3291 9024
0:0:0:0:0:0:0:1 - - [28/Dec/2025:16:25:13 +0700] "GET /api/v1/cinemas/1 HTTP/1.1" 200 408 19499
0:0:0:0:0:0:0:1 - - [28/Dec/2025:16:25:13 +0700] "GET /api/v1/cinemas/1 HTTP/1.1" 200 409 10186
0:0:0:0:0:0:0:1 - - [28/Dec/2025:16:25:13 +0700] "GET /api/v1/rooms/cinema/1 HTTP/1.1" 200 289 11516
0:0:0:0:0:0:0:1 - - [28/Dec/2025:16:25:13 +0700] "GET /api/v1/rooms/cinema/1 HTTP/1.1" 200 290 7304
0:0:0:0:0:0:0:1 - - [28/Dec/2025:16:25:16 +0700] "GET /api/v1/cinemas/1 HTTP/1.1" 200 409 13634
0:0:0:0:0:0:0:1 - - [28/Dec/2025:16:25:16 +0700] "GET /api/v1/rooms/cinema/1 HTTP/1.1" 200 290 5089
0:0:0:0:0:0:0:1 - - [28/Dec/2025:16:25:16 +0700] "GET /api/v1/cinemas/1 HTTP/1.1" 200 409 7972
0:0:0:0:0:0:0:1 - - [28/Dec/2025:16:25:16 +0700] "GET /api/v1/rooms/cinema/1 HTTP/1.1" 200 290 8993
0:0:0:0:0:0:0:1 - - [28/Dec/2025:16:25:17 +0700] "GET /api/v1/seats/theater/2 HTTP/1.1" 200 9934 59365
0:0:0:0:0:0:0:1 - - [28/Dec/2025:16:25:17 +0700] "GET /api/v1/seats/theater/2 HTTP/1.1" 200 9933 27221
0:0:0:0:0:0:0:1 - - [28/Dec/2025:16:25:17 +0700] "GET /api/v1/seats/theater/2 HTTP/1.1" 200 9934 110522
0:0:0:0:0:0:0:1 - - [28/Dec/2025:16:25:34 +0700] "GET /api/v1/cinemas/1 HTTP/1.1" 200 409 10776
0:0:0:0:0:0:0:1 - - [28/Dec/2025:16:25:34 +0700] "GET /api/v1/cinemas/1 HTTP/1.1" 200 409 3899
0:0:0:0:0:0:0:1 - - [28/Dec/2025:16:25:34 +0700] "GET /api/v1/rooms/cinema/1 HTTP/1.1" 200 290 3630
0:0:0:0:0:0:0:1 - - [28/Dec/2025:16:25:34 +0700] "GET /api/v1/rooms/cinema/1 HTTP/1.1" 200 289 4152
0:0:0:0:0:0:0:1 - - [28/Dec/2025:16:25:36 +0700] "GET /api/v1/cinemas?page=0&size=10 HTTP/1.1" 200 3291 6566
0:0:0:0:0:0:0:1 - - [28/Dec/2025:16:25:36 +0700] "GET /api/v1/cinemas?page=0&size=10 HTTP/1.1" 200 3291 5830
0:0:0:0:0:0:0:1 - - [28/Dec/2025:16:29:28 +0700] "GET /api/v1/movies/top-rated?page=0&size=10 HTTP/1.1" 404 164 172044
0:0:0:0:0:0:0:1 - - [28/Dec/2025:16:29:28 +0700] "GET /api/v1/movies/top-rated?page=0&size=10 HTTP/1.1" 404 165 73223
0:0:0:0:0:0:0:1 - - [28/Dec/2025:16:29:28 +0700] "GET /api/v1/movies/coming-soon?page=0&size=12 HTTP/1.1" 200 5956 260273
0:0:0:0:0:0:0:1 - - [28/Dec/2025:16:29:28 +0700] "GET /api/v1/movies/coming-soon?page=0&size=12 HTTP/1.1" 200 5956 7129
0:0:0:0:0:0:0:1 - - [28/Dec/2025:16:29:28 +0700] "GET /api/v1/movies/now-showing?page=0&size=12 HTTP/1.1" 200 7097 284676
0:0:0:0:0:0:0:1 - - [28/Dec/2025:16:29:28 +0700] "GET /api/v1/movies/now-showing?page=0&size=12 HTTP/1.1" 200 7096 9171
0:0:0:0:0:0:0:1 - - [28/Dec/2025:16:29:29 +0700] "GET /api/v1/movies?page=0&size=20 HTTP/1.1" 200 11204 366850
0:0:0:0:0:0:0:1 - - [28/Dec/2025:16:29:29 +0700] "GET /api/v1/movies?page=0&size=20 HTTP/1.1" 200 11204 8826
0:0:0:0:0:0:0:1 - - [28/Dec/2025:16:39:21 +0700] "GET /api/v1/regions HTTP/1.1" 200 3720 34593
0:0:0:0:0:0:0:1 - - [28/Dec/2025:16:39:21 +0700] "GET /api/v1/regions HTTP/1.1" 200 3719 8202
0:0:0:0:0:0:0:1 - - [28/Dec/2025:16:39:21 +0700] "GET /api/v1/movies/96 HTTP/1.1" 200 1259 76485
0:0:0:0:0:0:0:1 - - [28/Dec/2025:16:39:21 +0700] "GET /api/v1/movies/96 HTTP/1.1" 200 1258 7483
0:0:0:0:0:0:0:1 - - [28/Dec/2025:16:39:21 +0700] "GET /api/v1/movies/search?page=0&size=7&status=NOW_SHOWING&sort=createdAt,desc HTTP/1.1" 200 4695 152846
0:0:0:0:0:0:0:1 - - [28/Dec/2025:16:39:21 +0700] "GET /api/v1/movies/search?page=0&size=7&status=NOW_SHOWING&sort=createdAt,desc HTTP/1.1" 200 4695 119933
0:0:0:0:0:0:0:1 - - [28/Dec/2025:16:39:21 +0700] "GET /api/v1/comments/average-rating/96 HTTP/1.1" 500 177 45890
0:0:0:0:0:0:0:1 - - [28/Dec/2025:16:39:21 +0700] "GET /api/v1/comments/movie/96?page=0&size=10&sort=createdAt,desc HTTP/1.1" 500 168 48657
0:0:0:0:0:0:0:1 - - [28/Dec/2025:16:39:21 +0700] "GET /api/v1/comments/average-rating/96 HTTP/1.1" 500 177 24273
0:0:0:0:0:0:0:1 - - [28/Dec/2025:16:39:21 +0700] "GET /api/v1/comments/movie/96?page=0&size=10&sort=createdAt,desc HTTP/1.1" 500 168 24091
0:0:0:0:0:0:0:1 - - [28/Dec/2025:16:39:21 +0700] "GET /api/v1/showtime/movie/96/date/2025-12-27?page=0&size=5&cityId=1 HTTP/1.1" 200 441 93137
0:0:0:0:0:0:0:1 - - [28/Dec/2025:16:39:21 +0700] "GET /api/v1/movies/search?page=0&size=7&status=NOW_SHOWING&sort=createdAt,desc HTTP/1.1" 200 4694 153000
0:0:0:0:0:0:0:1 - - [28/Dec/2025:16:39:21 +0700] "GET /api/v1/showtime/movie/96/date/2025-12-27?page=0&size=5&cityId=1 HTTP/1.1" 200 441 36009
0:0:0:0:0:0:0:1 - - [28/Dec/2025:16:39:29 +0700] "GET /api/v1/showtime/movie/96/date/2025-12-30?page=0&size=5&cityId=1 HTTP/1.1" 200 441 20672
0:0:0:0:0:0:0:1 - - [28/Dec/2025:16:39:34 +0700] "GET /api/v1/showtime/movie/96/date/2025-12-29?page=0&size=5&cityId=1 HTTP/1.1" 200 441 39094
0:0:0:0:0:0:0:1 - - [28/Dec/2025:16:39:37 +0700] "GET /api/v1/showtime/movie/96/date/2025-12-28?page=0&size=5&cityId=1 HTTP/1.1" 200 441 28064
0:0:0:0:0:0:0:1 - - [28/Dec/2025:16:39:41 +0700] "GET /api/v1/showtime/movie/96/date/2025-12-30?page=0&size=5&cityId=1 HTTP/1.1" 200 441 29811
0:0:0:0:0:0:0:1 - - [28/Dec/2025:16:39:47 +0700] "GET /api/v1/showtime/movie/96/date/2025-12-31?page=0&size=5&cityId=1 HTTP/1.1" 200 831 115500
0:0:0:0:0:0:0:1 - - [28/Dec/2025:16:40:01 +0700] "GET /ws-booking/info?t=1766914801299 HTTP/1.1" 200 78 39086
0:0:0:0:0:0:0:1 - - [28/Dec/2025:16:40:01 +0700] "GET /api/v1/showtime/1 HTTP/1.1" 200 473 81509
0:0:0:0:0:0:0:1 - - [28/Dec/2025:16:40:01 +0700] "GET /api/v1/showtime/1/seats HTTP/1.1" 200 14264 85923
0:0:0:0:0:0:0:1 - - [28/Dec/2025:16:40:01 +0700] "GET /api/v1/showtime/1 HTTP/1.1" 200 472 18842
0:0:0:0:0:0:0:1 - - [28/Dec/2025:16:40:01 +0700] "GET /api/v1/showtime/1/seats HTTP/1.1" 200 14264 58570
0:0:0:0:0:0:0:1 - - [28/Dec/2025:16:40:01 +0700] "GET /ws-booking/598/3bscfbuz/websocket HTTP/1.1" 101 - 134758
0:0:0:0:0:0:0:1 - - [28/Dec/2025:16:40:06 +0700] "POST /api/v1/showtime/1/lock-seat/121?userId=0 HTTP/1.1" 200 104 66400
0:0:0:0:0:0:0:1 - - [28/Dec/2025:16:40:59 +0700] "GET /api/v1/movies/top-rated?page=0&size=10 HTTP/1.1" 404 165 21705
0:0:0:0:0:0:0:1 - - [28/Dec/2025:16:40:59 +0700] "GET /api/v1/movies/top-rated?page=0&size=10 HTTP/1.1" 404 165 24408
0:0:0:0:0:0:0:1 - - [28/Dec/2025:16:40:59 +0700] "GET /api/v1/movies/coming-soon?page=0&size=12 HTTP/1.1" 200 5956 125641
0:0:0:0:0:0:0:1 - - [28/Dec/2025:16:40:59 +0700] "GET /api/v1/movies/coming-soon?page=0&size=12 HTTP/1.1" 200 5956 11943
0:0:0:0:0:0:0:1 - - [28/Dec/2025:16:40:59 +0700] "GET /api/v1/movies/now-showing?page=0&size=12 HTTP/1.1" 200 7097 162297
0:0:0:0:0:0:0:1 - - [28/Dec/2025:16:40:59 +0700] "GET /api/v1/movies/now-showing?page=0&size=12 HTTP/1.1" 200 7097 10265
0:0:0:0:0:0:0:1 - - [28/Dec/2025:16:40:59 +0700] "GET /api/v1/movies?page=0&size=20 HTTP/1.1" 200 11203 250705
0:0:0:0:0:0:0:1 - - [28/Dec/2025:16:40:59 +0700] "GET /api/v1/movies?page=0&size=20 HTTP/1.1" 200 11204 11834
0:0:0:0:0:0:0:1 - - [28/Dec/2025:16:41:08 +0700] "GET /api/v1/movies?page=0&size=20 HTTP/1.1" 200 11204 9888
0:0:0:0:0:0:0:1 - - [28/Dec/2025:16:41:08 +0700] "GET /api/v1/movies/coming-soon?page=0&size=12 HTTP/1.1" 200 5956 9870
0:0:0:0:0:0:0:1 - - [28/Dec/2025:16:41:08 +0700] "GET /api/v1/movies/now-showing?page=0&size=12 HTTP/1.1" 200 7097 9692
0:0:0:0:0:0:0:1 - - [28/Dec/2025:16:41:08 +0700] "GET /api/v1/movies/now-showing?page=0&size=12 HTTP/1.1" 200 7097 5997
0:0:0:0:0:0:0:1 - - [28/Dec/2025:16:41:08 +0700] "GET /api/v1/movies/coming-soon?page=0&size=12 HTTP/1.1" 200 5956 6674
0:0:0:0:0:0:0:1 - - [28/Dec/2025:16:41:08 +0700] "GET /api/v1/movies?page=0&size=20 HTTP/1.1" 200 11204 6765
0:0:0:0:0:0:0:1 - - [28/Dec/2025:16:41:08 +0700] "GET /api/v1/movies/top-rated?page=0&size=10 HTTP/1.1" 404 164 17708
0:0:0:0:0:0:0:1 - - [28/Dec/2025:16:41:08 +0700] "GET /api/v1/movies/top-rated?page=0&size=10 HTTP/1.1" 404 164 13113
0:0:0:0:0:0:0:1 - - [28/Dec/2025:16:41:26 +0700] "GET /api/v1/genres HTTP/1.1" 200 840 18137
0:0:0:0:0:0:0:1 - - [28/Dec/2025:16:41:26 +0700] "GET /api/v1/genres HTTP/1.1" 200 840 5956
0:0:0:0:0:0:0:1 - - [28/Dec/2025:16:41:27 +0700] "GET /api/v1/movies/search?page=0&size=15&sort=id,desc HTTP/1.1" 200 9160 95715
0:0:0:0:0:0:0:1 - - [28/Dec/2025:16:41:27 +0700] "GET /api/v1/movies/search?page=0&size=15&sort=id,desc HTTP/1.1" 200 9160 89558
0:0:0:0:0:0:0:1 - - [28/Dec/2025:16:41:31 +0700] "GET /api/v1/genres HTTP/1.1" 200 838 5722
0:0:0:0:0:0:0:1 - - [28/Dec/2025:16:41:31 +0700] "GET /api/v1/genres HTTP/1.1" 200 840 5602
0:0:0:0:0:0:0:1 - - [28/Dec/2025:16:41:31 +0700] "GET /api/v1/movies/search?page=0&size=15&sort=id,desc HTTP/1.1" 200 9160 89849
0:0:0:0:0:0:0:1 - - [28/Dec/2025:16:41:31 +0700] "GET /api/v1/movies/search?page=0&size=15&sort=id,desc HTTP/1.1" 200 9160 105790
0:0:0:0:0:0:0:1 - - [28/Dec/2025:16:41:32 +0700] "GET /api/v1/regions HTTP/1.1" 200 3720 6702
0:0:0:0:0:0:0:1 - - [28/Dec/2025:16:41:32 +0700] "GET /api/v1/regions HTTP/1.1" 200 3720 8428
0:0:0:0:0:0:0:1 - - [28/Dec/2025:16:41:32 +0700] "GET /api/v1/cinemas?size=1000 HTTP/1.1" 200 6071 200832
0:0:0:0:0:0:0:1 - - [28/Dec/2025:16:41:32 +0700] "GET /api/v1/cinemas?size=1000 HTTP/1.1" 200 6070 10446
0:0:0:0:0:0:0:1 - - [28/Dec/2025:16:41:45 +0700] "GET /api/v1/cinemas/1 HTTP/1.1" 200 408 23714
0:0:0:0:0:0:0:1 - - [28/Dec/2025:16:41:46 +0700] "GET /api/v1/cinemas/1 HTTP/1.1" 200 409 9809
0:0:0:0:0:0:0:1 - - [28/Dec/2025:16:41:46 +0700] "GET /api/v1/showtime/cinema/1/date/2025-12-28?page=0&size=5 HTTP/1.1" 200 434 31983
0:0:0:0:0:0:0:1 - - [28/Dec/2025:16:41:47 +0700] "GET /api/v1/showtime/cinema/1/date/2026-01-02?page=0&size=5 HTTP/1.1" 200 434 15411
0:0:0:0:0:0:0:1 - - [28/Dec/2025:16:41:48 +0700] "GET /api/v1/showtime/cinema/1/date/2026-01-01?page=0&size=5 HTTP/1.1" 200 434 14468
0:0:0:0:0:0:0:1 - - [28/Dec/2025:16:41:49 +0700] "GET /api/v1/showtime/cinema/1/date/2025-12-31?page=0&size=5 HTTP/1.1" 200 766 36072
0:0:0:0:0:0:0:1 - - [28/Dec/2025:16:41:54 +0700] "GET /api/v1/cinemas/1 HTTP/1.1" 200 409 4780
0:0:0:0:0:0:0:1 - - [28/Dec/2025:16:41:54 +0700] "GET /api/v1/showtime/cinema/1/date/2025-12-28?page=0&size=5 HTTP/1.1" 200 434 9583
0:0:0:0:0:0:0:1 - - [28/Dec/2025:16:41:54 +0700] "GET /api/v1/cinemas/1 HTTP/1.1" 200 409 7381
0:0:0:0:0:0:0:1 - - [28/Dec/2025:16:41:56 +0700] "GET /api/v1/movies/now-showing?page=0&size=12 HTTP/1.1" 200 7097 7799
0:0:0:0:0:0:0:1 - - [28/Dec/2025:16:41:56 +0700] "GET /api/v1/movies?page=0&size=20 HTTP/1.1" 200 11204 7954
0:0:0:0:0:0:0:1 - - [28/Dec/2025:16:41:56 +0700] "GET /api/v1/movies/coming-soon?page=0&size=12 HTTP/1.1" 200 5956 8332
0:0:0:0:0:0:0:1 - - [28/Dec/2025:16:41:56 +0700] "GET /api/v1/movies/now-showing?page=0&size=12 HTTP/1.1" 200 7097 7529
0:0:0:0:0:0:0:1 - - [28/Dec/2025:16:41:56 +0700] "GET /api/v1/movies/coming-soon?page=0&size=12 HTTP/1.1" 200 5956 6775
0:0:0:0:0:0:0:1 - - [28/Dec/2025:16:41:56 +0700] "GET /api/v1/movies?page=0&size=20 HTTP/1.1" 200 11204 7576
0:0:0:0:0:0:0:1 - - [28/Dec/2025:16:41:56 +0700] "GET /api/v1/movies/top-rated?page=0&size=10 HTTP/1.1" 404 165 16114
0:0:0:0:0:0:0:1 - - [28/Dec/2025:16:41:56 +0700] "GET /api/v1/movies/top-rated?page=0&size=10 HTTP/1.1" 404 165 13401
0:0:0:0:0:0:0:1 - - [28/Dec/2025:16:42:02 +0700] "GET /api/v1/movies/96 HTTP/1.1" 200 1259 6090
0:0:0:0:0:0:0:1 - - [28/Dec/2025:16:42:02 +0700] "GET /api/v1/regions HTTP/1.1" 200 3720 6650
0:0:0:0:0:0:0:1 - - [28/Dec/2025:16:42:02 +0700] "GET /api/v1/movies/96 HTTP/1.1" 200 1259 7309
0:0:0:0:0:0:0:1 - - [28/Dec/2025:16:42:02 +0700] "GET /api/v1/regions HTTP/1.1" 200 3720 7805
0:0:0:0:0:0:0:1 - - [28/Dec/2025:16:42:02 +0700] "GET /api/v1/movies/search?page=0&size=7&status=NOW_SHOWING&sort=createdAt,desc HTTP/1.1" 200 4695 68836
0:0:0:0:0:0:0:1 - - [28/Dec/2025:16:42:02 +0700] "GET /api/v1/movies/search?page=0&size=7&status=NOW_SHOWING&sort=createdAt,desc HTTP/1.1" 200 4695 63922
0:0:0:0:0:0:0:1 - - [28/Dec/2025:16:42:02 +0700] "GET /api/v1/comments/average-rating/96 HTTP/1.1" 500 177 8274
0:0:0:0:0:0:0:1 - - [28/Dec/2025:16:42:02 +0700] "GET /api/v1/comments/movie/96?page=0&size=10&sort=createdAt,desc HTTP/1.1" 500 168 8297
0:0:0:0:0:0:0:1 - - [28/Dec/2025:16:42:02 +0700] "GET /api/v1/comments/movie/96?page=0&size=10&sort=createdAt,desc HTTP/1.1" 500 168 6002
0:0:0:0:0:0:0:1 - - [28/Dec/2025:16:42:02 +0700] "GET /api/v1/comments/average-rating/96 HTTP/1.1" 500 176 7318
0:0:0:0:0:0:0:1 - - [28/Dec/2025:16:42:02 +0700] "GET /api/v1/showtime/movie/96/date/2025-12-27?page=0&size=5&cityId=1 HTTP/1.1" 200 441 18303
0:0:0:0:0:0:0:1 - - [28/Dec/2025:16:42:02 +0700] "GET /api/v1/showtime/movie/96/date/2025-12-27?page=0&size=5 HTTP/1.1" 200 443 21736
0:0:0:0:0:0:0:1 - - [28/Dec/2025:16:42:02 +0700] "GET /api/v1/movies/search?page=0&size=7&status=NOW_SHOWING&sort=createdAt,desc HTTP/1.1" 200 4695 74233
0:0:0:0:0:0:0:1 - - [28/Dec/2025:16:42:02 +0700] "GET /api/v1/showtime/movie/96/date/2025-12-27?page=0&size=5&cityId=1 HTTP/1.1" 200 441 24919
0:0:0:0:0:0:0:1 - - [28/Dec/2025:16:42:03 +0700] "GET /api/v1/showtime/movie/96/date/2025-12-31?page=0&size=5&cityId=1 HTTP/1.1" 200 831 30987
0:0:0:0:0:0:0:1 - - [28/Dec/2025:16:42:16 +0700] "GET /api/v1/showtime/1 HTTP/1.1" 200 472 5410
0:0:0:0:0:0:0:1 - - [28/Dec/2025:16:42:16 +0700] "GET /api/v1/showtime/1 HTTP/1.1" 200 472 6122
0:0:0:0:0:0:0:1 - - [28/Dec/2025:16:42:16 +0700] "GET /ws-booking/info?t=1766914936726 HTTP/1.1" 200 76 2986
0:0:0:0:0:0:0:1 - - [28/Dec/2025:16:42:16 +0700] "GET /api/v1/showtime/1/seats HTTP/1.1" 200 14259 22922
0:0:0:0:0:0:0:1 - - [28/Dec/2025:16:42:16 +0700] "GET /ws-booking/266/qvyym3nd/websocket HTTP/1.1" 101 - 4045
0:0:0:0:0:0:0:1 - - [28/Dec/2025:16:42:16 +0700] "GET /api/v1/showtime/1/seats HTTP/1.1" 200 14259 23636
0:0:0:0:0:0:0:1 - - [28/Dec/2025:16:42:21 +0700] "POST /api/v1/showtime/1/lock-seat/122?userId=0 HTTP/1.1" 200 104 12970
0:0:0:0:0:0:0:1 - - [28/Dec/2025:16:42:22 +0700] "POST /api/v1/showtime/1/lock-seat/123?userId=0 HTTP/1.1" 200 104 9843
0:0:0:0:0:0:0:1 - - [28/Dec/2025:16:42:22 +0700] "POST /api/v1/showtime/1/lock-seat/125?userId=0 HTTP/1.1" 200 104 13618
0:0:0:0:0:0:0:1 - - [28/Dec/2025:16:42:22 +0700] "POST /api/v1/showtime/1/lock-seat/124?userId=0 HTTP/1.1" 200 104 9334
0:0:0:0:0:0:0:1 - - [28/Dec/2025:16:42:23 +0700] "POST /api/v1/showtime/1/lock-seat/126?userId=0 HTTP/1.1" 200 104 8370
0:0:0:0:0:0:0:1 - - [28/Dec/2025:16:42:23 +0700] "POST /api/v1/showtime/1/lock-seat/127?userId=0 HTTP/1.1" 200 104 9325
0:0:0:0:0:0:0:1 - - [28/Dec/2025:16:42:24 +0700] "POST /api/v1/showtime/1/lock-seat/128?userId=0 HTTP/1.1" 200 104 9632
0:0:0:0:0:0:0:1 - - [28/Dec/2025:16:42:24 +0700] "POST /api/v1/showtime/1/lock-seat/129?userId=0 HTTP/1.1" 200 104 13206
0:0:0:0:0:0:0:1 - - [28/Dec/2025:16:42:25 +0700] "POST /api/v1/showtime/1/lock-seat/130?userId=0 HTTP/1.1" 200 104 9224
0:0:0:0:0:0:0:1 - - [28/Dec/2025:16:42:25 +0700] "POST /api/v1/showtime/1/lock-seat/131?userId=0 HTTP/1.1" 200 104 12280
0:0:0:0:0:0:0:1 - - [28/Dec/2025:16:42:37 +0700] "POST /api/v1/showtime/1/unlock-seat/131 HTTP/1.1" 200 106 13884
0:0:0:0:0:0:0:1 - - [28/Dec/2025:16:42:37 +0700] "POST /api/v1/showtime/1/unlock-seat/130 HTTP/1.1" 200 105 11379
0:0:0:0:0:0:0:1 - - [28/Dec/2025:16:42:38 +0700] "POST /api/v1/showtime/1/lock-seat/216?userId=0 HTTP/1.1" 200 104 12648
0:0:0:0:0:0:0:1 - - [28/Dec/2025:16:42:47 +0700] "POST /api/v1/showtime/1/unlock-seat/216 HTTP/1.1" 200 106 10355
0:0:0:0:0:0:0:1 - - [28/Dec/2025:16:42:48 +0700] "POST /api/v1/showtime/1/lock-seat/216?userId=0 HTTP/1.1" 200 104 11948
0:0:0:0:0:0:0:1 - - [28/Dec/2025:16:43:23 +0700] "GET /api/v1/movies/coming-soon?page=0&size=12 HTTP/1.1" 200 5956 8890
0:0:0:0:0:0:0:1 - - [28/Dec/2025:16:43:23 +0700] "GET /api/v1/movies?page=0&size=20 HTTP/1.1" 200 11204 9112
0:0:0:0:0:0:0:1 - - [28/Dec/2025:16:43:23 +0700] "GET /api/v1/movies/now-showing?page=0&size=12 HTTP/1.1" 200 7096 9508
0:0:0:0:0:0:0:1 - - [28/Dec/2025:16:43:23 +0700] "GET /api/v1/movies/coming-soon?page=0&size=12 HTTP/1.1" 200 5956 8337
0:0:0:0:0:0:0:1 - - [28/Dec/2025:16:43:23 +0700] "GET /api/v1/movies?page=0&size=20 HTTP/1.1" 200 11204 8257
0:0:0:0:0:0:0:1 - - [28/Dec/2025:16:43:23 +0700] "GET /api/v1/movies/now-showing?page=0&size=12 HTTP/1.1" 200 7097 8135
0:0:0:0:0:0:0:1 - - [28/Dec/2025:16:43:23 +0700] "GET /api/v1/movies/top-rated?page=0&size=10 HTTP/1.1" 404 165 22654
0:0:0:0:0:0:0:1 - - [28/Dec/2025:16:43:23 +0700] "GET /api/v1/movies/top-rated?page=0&size=10 HTTP/1.1" 404 165 14314
0:0:0:0:0:0:0:1 - - [28/Dec/2025:16:43:26 +0700] "OPTIONS /api/v1/auth/login HTTP/1.1" 200 - 1728
0:0:0:0:0:0:0:1 - - [28/Dec/2025:16:43:27 +0700] "POST /api/v1/auth/login HTTP/1.1" 200 1044 852609
0:0:0:0:0:0:0:1 - - [28/Dec/2025:16:43:27 +0700] "OPTIONS /api/v1/movies/now-showing?page=0&size=12 HTTP/1.1" 200 - 1137
0:0:0:0:0:0:0:1 - - [28/Dec/2025:16:43:27 +0700] "OPTIONS /api/v1/movies?page=0&size=20 HTTP/1.1" 200 - 1662
0:0:0:0:0:0:0:1 - - [28/Dec/2025:16:43:27 +0700] "OPTIONS /api/v1/movies/coming-soon?page=0&size=12 HTTP/1.1" 200 - 1846
0:0:0:0:0:0:0:1 - - [28/Dec/2025:16:43:27 +0700] "OPTIONS /api/v1/movies/top-rated?page=0&size=10 HTTP/1.1" 200 - 1585
0:0:0:0:0:0:0:1 - - [28/Dec/2025:16:43:27 +0700] "OPTIONS /api/v1/movies/coming-soon?page=0&size=12 HTTP/1.1" 200 - 1193
0:0:0:0:0:0:0:1 - - [28/Dec/2025:16:43:27 +0700] "OPTIONS /api/v1/movies?page=0&size=20 HTTP/1.1" 200 - 1385
0:0:0:0:0:0:0:1 - - [28/Dec/2025:16:43:27 +0700] "OPTIONS /api/v1/movies/now-showing?page=0&size=12 HTTP/1.1" 200 - 1370
0:0:0:0:0:0:0:1 - - [28/Dec/2025:16:43:27 +0700] "OPTIONS /api/v1/movies/top-rated?page=0&size=10 HTTP/1.1" 200 - 1368
0:0:0:0:0:0:0:1 - - [28/Dec/2025:16:43:27 +0700] "GET /api/v1/movies/coming-soon?page=0&size=12 HTTP/1.1" 200 5956 31943
0:0:0:0:0:0:0:1 - - [28/Dec/2025:16:43:27 +0700] "GET /api/v1/movies/now-showing?page=0&size=12 HTTP/1.1" 200 7097 35219
0:0:0:0:0:0:0:1 - - [28/Dec/2025:16:43:27 +0700] "GET /api/v1/movies?page=0&size=20 HTTP/1.1" 200 11204 31981
0:0:0:0:0:0:0:1 - - [28/Dec/2025:16:43:27 +0700] "GET /api/v1/movies/top-rated?page=0&size=10 HTTP/1.1" 404 165 39887
0:0:0:0:0:0:0:1 - - [28/Dec/2025:16:43:27 +0700] "GET /api/v1/movies/coming-soon?page=0&size=12 HTTP/1.1" 200 5956 29041
0:0:0:0:0:0:0:1 - - [28/Dec/2025:16:43:27 +0700] "GET /api/v1/movies?page=0&size=20 HTTP/1.1" 200 11204 28620
0:0:0:0:0:0:0:1 - - [28/Dec/2025:16:43:27 +0700] "GET /api/v1/movies/now-showing?page=0&size=12 HTTP/1.1" 200 7097 29059
0:0:0:0:0:0:0:1 - - [28/Dec/2025:16:43:27 +0700] "GET /api/v1/movies/top-rated?page=0&size=10 HTTP/1.1" 404 165 36344
0:0:0:0:0:0:0:1 - - [28/Dec/2025:16:43:32 +0700] "OPTIONS /api/v1/movies?page=0&size=1 HTTP/1.1" 200 - 1732
0:0:0:0:0:0:0:1 - - [28/Dec/2025:16:43:32 +0700] "OPTIONS /api/v1/bookings?page=0&size=5&sortBy=bookingDate&sortDir=desc HTTP/1.1" 200 - 1113
0:0:0:0:0:0:0:1 - - [28/Dec/2025:16:43:32 +0700] "OPTIONS /api/v1/users?page=0&size=1&sortBy=userId&sortDir=asc HTTP/1.1" 200 - 1436
0:0:0:0:0:0:0:1 - - [28/Dec/2025:16:43:32 +0700] "OPTIONS /api/v1/bookings/statistics?startDate=2025-01-01&endDate=2025-12-31 HTTP/1.1" 200 - 1580
0:0:0:0:0:0:0:1 - - [28/Dec/2025:16:43:32 +0700] "OPTIONS /api/v1/cinemas?page=0&size=1 HTTP/1.1" 200 - 3287
0:0:0:0:0:0:0:1 - - [28/Dec/2025:16:43:32 +0700] "OPTIONS /api/v1/movies/coming-soon?page=0&size=5 HTTP/1.1" 200 - 2100
0:0:0:0:0:0:0:1 - - [28/Dec/2025:16:43:32 +0700] "OPTIONS /api/v1/showtime?date=2025-12-28 HTTP/1.1" 200 - 1819
0:0:0:0:0:0:0:1 - - [28/Dec/2025:16:43:32 +0700] "OPTIONS /api/v1/movies?page=0&size=1 HTTP/1.1" 200 - 2012
0:0:0:0:0:0:0:1 - - [28/Dec/2025:16:43:32 +0700] "OPTIONS /api/v1/users?page=0&size=1&sortBy=userId&sortDir=asc HTTP/1.1" 200 - 1944
0:0:0:0:0:0:0:1 - - [28/Dec/2025:16:43:32 +0700] "OPTIONS /api/v1/bookings?page=0&size=5&sortBy=bookingDate&sortDir=desc HTTP/1.1" 200 - 2676
0:0:0:0:0:0:0:1 - - [28/Dec/2025:16:43:32 +0700] "OPTIONS /api/v1/cinemas?page=0&size=1 HTTP/1.1" 200 - 1986
0:0:0:0:0:0:0:1 - - [28/Dec/2025:16:43:32 +0700] "OPTIONS /api/v1/showtime?date=2025-12-28 HTTP/1.1" 200 - 1423
0:0:0:0:0:0:0:1 - - [28/Dec/2025:16:43:32 +0700] "OPTIONS /api/v1/bookings/statistics?startDate=2025-01-01&endDate=2025-12-31 HTTP/1.1" 200 - 4575
0:0:0:0:0:0:0:1 - - [28/Dec/2025:16:43:32 +0700] "OPTIONS /api/v1/movies/coming-soon?page=0&size=5 HTTP/1.1" 200 - 4666
0:0:0:0:0:0:0:1 - - [28/Dec/2025:16:43:32 +0700] "GET /api/v1/bookings/statistics?startDate=2025-01-01&endDate=2025-12-31 HTTP/1.1" 500 286 37805
0:0:0:0:0:0:0:1 - - [28/Dec/2025:16:43:32 +0700] "GET /api/v1/bookings?page=0&size=5&sortBy=bookingDate&sortDir=desc HTTP/1.1" 200 433 46443
0:0:0:0:0:0:0:1 - - [28/Dec/2025:16:43:32 +0700] "GET /api/v1/users?page=0&size=1&sortBy=userId&sortDir=asc HTTP/1.1" 500 173 49599
0:0:0:0:0:0:0:1 - - [28/Dec/2025:16:43:32 +0700] "GET /api/v1/movies?page=0&size=1 HTTP/1.1" 200 704 79319
0:0:0:0:0:0:0:1 - - [28/Dec/2025:16:43:32 +0700] "GET /api/v1/bookings/statistics?startDate=2025-01-01&endDate=2025-12-31 HTTP/1.1" 500 287 39381
0:0:0:0:0:0:0:1 - - [28/Dec/2025:16:43:32 +0700] "GET /api/v1/bookings?page=0&size=5&sortBy=bookingDate&sortDir=desc HTTP/1.1" 200 433 39353
0:0:0:0:0:0:0:1 - - [28/Dec/2025:16:43:32 +0700] "GET /api/v1/cinemas?page=0&size=1 HTTP/1.1" 200 726 94183
0:0:0:0:0:0:0:1 - - [28/Dec/2025:16:43:32 +0700] "GET /api/v1/showtime?date=2025-12-28 HTTP/1.1" 200 792 69708
0:0:0:0:0:0:0:1 - - [28/Dec/2025:16:43:32 +0700] "GET /api/v1/users?page=0&size=1&sortBy=userId&sortDir=asc HTTP/1.1" 500 173 38758
0:0:0:0:0:0:0:1 - - [28/Dec/2025:16:43:32 +0700] "GET /api/v1/movies?page=0&size=1 HTTP/1.1" 200 704 30334
0:0:0:0:0:0:0:1 - - [28/Dec/2025:16:43:32 +0700] "GET /api/v1/cinemas?page=0&size=1 HTTP/1.1" 200 727 25841
0:0:0:0:0:0:0:1 - - [28/Dec/2025:16:43:32 +0700] "GET /api/v1/showtime?date=2025-12-28 HTTP/1.1" 200 791 25627
0:0:0:0:0:0:0:1 - - [28/Dec/2025:16:43:32 +0700] "GET /api/v1/movies/coming-soon?page=0&size=5 HTTP/1.1" 200 3113 173292
0:0:0:0:0:0:0:1 - - [28/Dec/2025:16:43:32 +0700] "GET /api/v1/movies/coming-soon?page=0&size=5 HTTP/1.1" 200 3113 21593
0:0:0:0:0:0:0:1 - - [28/Dec/2025:16:43:35 +0700] "OPTIONS /api/v1/genres HTTP/1.1" 200 - 1083
0:0:0:0:0:0:0:1 - - [28/Dec/2025:16:43:35 +0700] "OPTIONS /api/v1/movies?page=0&size=10&sort=releaseDate,desc HTTP/1.1" 200 - 993
0:0:0:0:0:0:0:1 - - [28/Dec/2025:16:43:35 +0700] "OPTIONS /api/v1/movies?page=0&size=10&sort=releaseDate,desc HTTP/1.1" 200 - 803
0:0:0:0:0:0:0:1 - - [28/Dec/2025:16:43:35 +0700] "OPTIONS /api/v1/genres HTTP/1.1" 200 - 864
0:0:0:0:0:0:0:1 - - [28/Dec/2025:16:43:35 +0700] "GET /api/v1/genres HTTP/1.1" 200 840 22580
0:0:0:0:0:0:0:1 - - [28/Dec/2025:16:43:35 +0700] "GET /api/v1/genres HTTP/1.1" 200 840 21284
0:0:0:0:0:0:0:1 - - [28/Dec/2025:16:43:35 +0700] "GET /api/v1/movies?page=0&size=10&sort=releaseDate,desc HTTP/1.1" 200 5909 106284
0:0:0:0:0:0:0:1 - - [28/Dec/2025:16:43:35 +0700] "GET /api/v1/movies?page=0&size=10&sort=releaseDate,desc HTTP/1.1" 200 5909 23283
0:0:0:0:0:0:0:1 - - [28/Dec/2025:16:43:44 +0700] "OPTIONS /api/v1/cinemas?page=0&size=10 HTTP/1.1" 200 - 832
0:0:0:0:0:0:0:1 - - [28/Dec/2025:16:43:44 +0700] "OPTIONS /api/v1/cinemas?page=0&size=10 HTTP/1.1" 200 - 951
0:0:0:0:0:0:0:1 - - [28/Dec/2025:16:43:44 +0700] "GET /api/v1/cinemas?page=0&size=10 HTTP/1.1" 200 3291 70059
0:0:0:0:0:0:0:1 - - [28/Dec/2025:16:43:44 +0700] "GET /api/v1/cinemas?page=0&size=10 HTTP/1.1" 200 3291 18084
0:0:0:0:0:0:0:1 - - [28/Dec/2025:16:43:46 +0700] "OPTIONS /api/v1/cinemas/1 HTTP/1.1" 200 - 1752
0:0:0:0:0:0:0:1 - - [28/Dec/2025:16:43:46 +0700] "OPTIONS /api/v1/cinemas/1 HTTP/1.1" 200 - 1752
0:0:0:0:0:0:0:1 - - [28/Dec/2025:16:43:46 +0700] "GET /api/v1/cinemas/1 HTTP/1.1" 200 409 18731
0:0:0:0:0:0:0:1 - - [28/Dec/2025:16:43:46 +0700] "OPTIONS /api/v1/rooms/cinema/1 HTTP/1.1" 200 - 1445
0:0:0:0:0:0:0:1 - - [28/Dec/2025:16:43:46 +0700] "GET /api/v1/cinemas/1 HTTP/1.1" 200 409 18969
0:0:0:0:0:0:0:1 - - [28/Dec/2025:16:43:46 +0700] "GET /api/v1/rooms/cinema/1 HTTP/1.1" 200 290 26097
0:0:0:0:0:0:0:1 - - [28/Dec/2025:16:43:46 +0700] "GET /api/v1/rooms/cinema/1 HTTP/1.1" 200 290 28239
0:0:0:0:0:0:0:1 - - [28/Dec/2025:16:43:49 +0700] "GET /api/v1/cinemas/1 HTTP/1.1" 200 409 20935
0:0:0:0:0:0:0:1 - - [28/Dec/2025:16:43:49 +0700] "GET /api/v1/cinemas/1 HTTP/1.1" 200 409 17559
0:0:0:0:0:0:0:1 - - [28/Dec/2025:16:43:49 +0700] "GET /api/v1/rooms/cinema/1 HTTP/1.1" 200 290 20831
0:0:0:0:0:0:0:1 - - [28/Dec/2025:16:43:49 +0700] "GET /api/v1/rooms/cinema/1 HTTP/1.1" 200 290 19466
0:0:0:0:0:0:0:1 - - [28/Dec/2025:16:43:49 +0700] "OPTIONS /api/v1/seats/theater/2 HTTP/1.1" 200 - 1059
0:0:0:0:0:0:0:1 - - [28/Dec/2025:16:43:49 +0700] "OPTIONS /api/v1/seats/theater/2 HTTP/1.1" 200 - 954
0:0:0:0:0:0:0:1 - - [28/Dec/2025:16:43:49 +0700] "GET /api/v1/seats/theater/2 HTTP/1.1" 200 9934 27396
0:0:0:0:0:0:0:1 - - [28/Dec/2025:16:43:50 +0700] "GET /api/v1/seats/theater/2 HTTP/1.1" 200 9933 30660
0:0:0:0:0:0:0:1 - - [28/Dec/2025:16:43:50 +0700] "GET /api/v1/seats/theater/2 HTTP/1.1" 200 9934 25679
0:0:0:0:0:0:0:1 - - [28/Dec/2025:16:44:03 +0700] "OPTIONS /api/v1/cinemas HTTP/1.1" 200 - 711
0:0:0:0:0:0:0:1 - - [28/Dec/2025:16:44:03 +0700] "OPTIONS /api/v1/showtime HTTP/1.1" 200 - 650
0:0:0:0:0:0:0:1 - - [28/Dec/2025:16:44:03 +0700] "OPTIONS /api/v1/showtime HTTP/1.1" 200 - 838
0:0:0:0:0:0:0:1 - - [28/Dec/2025:16:44:03 +0700] "OPTIONS /api/v1/showtime HTTP/1.1" 200 - 1023
0:0:0:0:0:0:0:1 - - [28/Dec/2025:16:44:03 +0700] "OPTIONS /api/v1/movies/now-showing HTTP/1.1" 200 - 1096
0:0:0:0:0:0:0:1 - - [28/Dec/2025:16:44:03 +0700] "OPTIONS /api/v1/movies/now-showing HTTP/1.1" 200 - 564
0:0:0:0:0:0:0:1 - - [28/Dec/2025:16:44:03 +0700] "OPTIONS /api/v1/cinemas HTTP/1.1" 200 - 591
0:0:0:0:0:0:0:1 - - [28/Dec/2025:16:44:03 +0700] "OPTIONS /api/v1/showtime HTTP/1.1" 200 - 699
0:0:0:0:0:0:0:1 - - [28/Dec/2025:16:44:03 +0700] "GET /api/v1/showtime HTTP/1.1" 200 791 17241
0:0:0:0:0:0:0:1 - - [28/Dec/2025:16:44:03 +0700] "GET /api/v1/showtime HTTP/1.1" 200 791 16519
0:0:0:0:0:0:0:1 - - [28/Dec/2025:16:44:03 +0700] "GET /api/v1/showtime HTTP/1.1" 200 791 16997
0:0:0:0:0:0:0:1 - - [28/Dec/2025:16:44:03 +0700] "GET /api/v1/showtime HTTP/1.1" 200 791 14193
0:0:0:0:0:0:0:1 - - [28/Dec/2025:16:44:03 +0700] "GET /api/v1/cinemas HTTP/1.1" 200 6067 70009
0:0:0:0:0:0:0:1 - - [28/Dec/2025:16:44:03 +0700] "GET /api/v1/movies/now-showing HTTP/1.1" 200 6013 80332
0:0:0:0:0:0:0:1 - - [28/Dec/2025:16:44:03 +0700] "GET /api/v1/cinemas HTTP/1.1" 200 6067 17206
0:0:0:0:0:0:0:1 - - [28/Dec/2025:16:44:03 +0700] "GET /api/v1/movies/now-showing HTTP/1.1" 200 6013 18136
0:0:0:0:0:0:0:1 - - [28/Dec/2025:16:44:07 +0700] "OPTIONS /api/v1/cinemas?page=0&size=10 HTTP/1.1" 200 - 720
0:0:0:0:0:0:0:1 - - [28/Dec/2025:16:44:07 +0700] "OPTIONS /api/v1/cinemas?page=0&size=10 HTTP/1.1" 200 - 534
0:0:0:0:0:0:0:1 - - [28/Dec/2025:16:44:07 +0700] "GET /api/v1/cinemas?page=0&size=10 HTTP/1.1" 200 3291 18558
0:0:0:0:0:0:0:1 - - [28/Dec/2025:16:44:07 +0700] "GET /api/v1/cinemas?page=0&size=10 HTTP/1.1" 200 3291 21795
0:0:0:0:0:0:0:1 - - [28/Dec/2025:16:44:11 +0700] "OPTIONS /api/v1/movies/now-showing HTTP/1.1" 200 - 979
0:0:0:0:0:0:0:1 - - [28/Dec/2025:16:44:11 +0700] "OPTIONS /api/v1/showtime HTTP/1.1" 200 - 1155
0:0:0:0:0:0:0:1 - - [28/Dec/2025:16:44:11 +0700] "OPTIONS /api/v1/showtime HTTP/1.1" 200 - 672
0:0:0:0:0:0:0:1 - - [28/Dec/2025:16:44:11 +0700] "OPTIONS /api/v1/movies/now-showing HTTP/1.1" 200 - 725
0:0:0:0:0:0:0:1 - - [28/Dec/2025:16:44:11 +0700] "OPTIONS /api/v1/showtime HTTP/1.1" 200 - 744
0:0:0:0:0:0:0:1 - - [28/Dec/2025:16:44:11 +0700] "OPTIONS /api/v1/cinemas HTTP/1.1" 200 - 1126
0:0:0:0:0:0:0:1 - - [28/Dec/2025:16:44:11 +0700] "OPTIONS /api/v1/showtime HTTP/1.1" 200 - 602
0:0:0:0:0:0:0:1 - - [28/Dec/2025:16:44:11 +0700] "OPTIONS /api/v1/cinemas HTTP/1.1" 200 - 3106
0:0:0:0:0:0:0:1 - - [28/Dec/2025:16:44:11 +0700] "GET /api/v1/showtime HTTP/1.1" 200 790 18334
0:0:0:0:0:0:0:1 - - [28/Dec/2025:16:44:11 +0700] "GET /api/v1/movies/now-showing HTTP/1.1" 200 6012 18334
0:0:0:0:0:0:0:1 - - [28/Dec/2025:16:44:11 +0700] "GET /api/v1/cinemas HTTP/1.1" 200 6067 18120
0:0:0:0:0:0:0:1 - - [28/Dec/2025:16:44:11 +0700] "GET /api/v1/movies/now-showing HTTP/1.1" 200 6013 21486
0:0:0:0:0:0:0:1 - - [28/Dec/2025:16:44:11 +0700] "GET /api/v1/showtime HTTP/1.1" 200 791 25637
0:0:0:0:0:0:0:1 - - [28/Dec/2025:16:44:11 +0700] "GET /api/v1/cinemas HTTP/1.1" 200 6067 26617
0:0:0:0:0:0:0:1 - - [28/Dec/2025:16:44:11 +0700] "GET /api/v1/showtime HTTP/1.1" 200 791 19200
0:0:0:0:0:0:0:1 - - [28/Dec/2025:16:44:11 +0700] "GET /api/v1/showtime HTTP/1.1" 200 791 15808
0:0:0:0:0:0:0:1 - - [28/Dec/2025:16:52:09 +0700] "OPTIONS /api/v1/movies/now-showing HTTP/1.1" 200 - 867
0:0:0:0:0:0:0:1 - - [28/Dec/2025:16:52:09 +0700] "OPTIONS /api/v1/showtime HTTP/1.1" 200 - 802
0:0:0:0:0:0:0:1 - - [28/Dec/2025:16:52:09 +0700] "OPTIONS /api/v1/cinemas HTTP/1.1" 200 - 820
0:0:0:0:0:0:0:1 - - [28/Dec/2025:16:52:09 +0700] "OPTIONS /api/v1/showtime HTTP/1.1" 200 - 1233
0:0:0:0:0:0:0:1 - - [28/Dec/2025:16:52:09 +0700] "GET /api/v1/movies/now-showing HTTP/1.1" 200 6013 25162
0:0:0:0:0:0:0:1 - - [28/Dec/2025:16:52:09 +0700] "GET /api/v1/cinemas HTTP/1.1" 200 6067 25069
0:0:0:0:0:0:0:1 - - [28/Dec/2025:16:52:09 +0700] "GET /api/v1/showtime HTTP/1.1" 200 790 26897
0:0:0:0:0:0:0:1 - - [28/Dec/2025:16:52:09 +0700] "GET /api/v1/showtime HTTP/1.1" 200 791 11186
0:0:0:0:0:0:0:1 - - [28/Dec/2025:16:58:19 +0700] "OPTIONS /api/v1/showtime/1 HTTP/1.1" 200 - 1389
0:0:0:0:0:0:0:1 - - [28/Dec/2025:16:58:19 +0700] "OPTIONS /api/v1/showtime/1 HTTP/1.1" 200 - 2258
0:0:0:0:0:0:0:1 - - [28/Dec/2025:16:58:19 +0700] "GET /api/v1/showtime/1 HTTP/1.1" 200 473 63131
0:0:0:0:0:0:0:1 - - [28/Dec/2025:16:58:19 +0700] "OPTIONS /api/v1/showtime/1/seats HTTP/1.1" 200 - 5442
0:0:0:0:0:0:0:1 - - [28/Dec/2025:16:58:19 +0700] "OPTIONS /api/v1/showtime/1/seats HTTP/1.1" 200 - 4295
0:0:0:0:0:0:0:1 - - [28/Dec/2025:16:58:19 +0700] "GET /api/v1/showtime/1 HTTP/1.1" 200 472 27482
0:0:0:0:0:0:0:1 - - [28/Dec/2025:16:58:19 +0700] "GET /api/v1/showtime/1/seats HTTP/1.1" 200 14264 49689
0:0:0:0:0:0:0:1 - - [28/Dec/2025:16:58:19 +0700] "GET /api/v1/showtime/1/seats HTTP/1.1" 200 14264 58472
0:0:0:0:0:0:0:1 - - [28/Dec/2025:17:01:42 +0700] "OPTIONS /api/v1/showtime/1/seats HTTP/1.1" 200 - 1706
0:0:0:0:0:0:0:1 - - [28/Dec/2025:17:01:42 +0700] "GET /ws-booking/info?t=1766916102961 HTTP/1.1" 200 79 5659
0:0:0:0:0:0:0:1 - - [28/Dec/2025:17:01:42 +0700] "GET /api/v1/showtime/1/seats HTTP/1.1" 200 14264 35558
0:0:0:0:0:0:0:1 - - [28/Dec/2025:17:01:42 +0700] "GET /ws-booking/741/dqfh30d0/websocket HTTP/1.1" 101 - 6748
0:0:0:0:0:0:0:1 - - [28/Dec/2025:17:01:57 +0700] "GET /ws-booking/info?t=1766916117070 HTTP/1.1" 200 77 3480
0:0:0:0:0:0:0:1 - - [28/Dec/2025:17:01:57 +0700] "GET /ws-booking/365/ptfkiwma/websocket HTTP/1.1" 101 - 4291
0:0:0:0:0:0:0:1 - - [28/Dec/2025:17:02:14 +0700] "GET /ws-booking/info?t=1766916134756 HTTP/1.1" 200 79 1858
0:0:0:0:0:0:0:1 - - [28/Dec/2025:17:02:14 +0700] "GET /ws-booking/043/1vptsdqk/websocket HTTP/1.1" 101 - 8432
0:0:0:0:0:0:0:1 - - [28/Dec/2025:17:04:24 +0700] "OPTIONS /api/v1/auth/verify HTTP/1.1" 200 - 1426
0:0:0:0:0:0:0:1 - - [28/Dec/2025:17:04:24 +0700] "OPTIONS /api/v1/auth/verify HTTP/1.1" 200 - 1306
0:0:0:0:0:0:0:1 - - [28/Dec/2025:17:04:24 +0700] "GET /api/v1/auth/verify HTTP/1.1" 200 281 63196
0:0:0:0:0:0:0:1 - - [28/Dec/2025:17:04:24 +0700] "GET /api/v1/auth/verify HTTP/1.1" 200 281 41836
0:0:0:0:0:0:0:1 - - [28/Dec/2025:17:04:24 +0700] "OPTIONS /api/v1/showtime/1 HTTP/1.1" 200 - 1173
0:0:0:0:0:0:0:1 - - [28/Dec/2025:17:04:24 +0700] "OPTIONS /api/v1/showtime/1 HTTP/1.1" 200 - 1316
0:0:0:0:0:0:0:1 - - [28/Dec/2025:17:04:24 +0700] "GET /api/v1/showtime/1 HTTP/1.1" 200 472 26631
0:0:0:0:0:0:0:1 - - [28/Dec/2025:17:04:24 +0700] "GET /api/v1/showtime/1 HTTP/1.1" 200 472 30253
0:0:0:0:0:0:0:1 - - [28/Dec/2025:17:04:24 +0700] "OPTIONS /api/v1/showtime/1/seats HTTP/1.1" 200 - 1041
0:0:0:0:0:0:0:1 - - [28/Dec/2025:17:04:24 +0700] "OPTIONS /api/v1/showtime/1/seats HTTP/1.1" 200 - 1717
0:0:0:0:0:0:0:1 - - [28/Dec/2025:17:04:24 +0700] "GET /ws-booking/info?t=1766916264654 HTTP/1.1" 200 77 3606
0:0:0:0:0:0:0:1 - - [28/Dec/2025:17:04:24 +0700] "GET /ws-booking/305/04rynvwv/websocket HTTP/1.1" 101 - 2910
0:0:0:0:0:0:0:1 - - [28/Dec/2025:17:04:24 +0700] "GET /api/v1/showtime/1/seats HTTP/1.1" 200 14263 43881
0:0:0:0:0:0:0:1 - - [28/Dec/2025:17:04:24 +0700] "GET /api/v1/showtime/1/seats HTTP/1.1" 200 14264 32577
0:0:0:0:0:0:0:1 - - [28/Dec/2025:17:04:33 +0700] "OPTIONS /api/v1/auth/verify HTTP/1.1" 200 - 1522
0:0:0:0:0:0:0:1 - - [28/Dec/2025:17:04:33 +0700] "OPTIONS /api/v1/movies?page=0&size=20 HTTP/1.1" 200 - 2082
0:0:0:0:0:0:0:1 - - [28/Dec/2025:17:04:33 +0700] "OPTIONS /api/v1/movies/coming-soon?page=0&size=12 HTTP/1.1" 200 - 1623
0:0:0:0:0:0:0:1 - - [28/Dec/2025:17:04:33 +0700] "OPTIONS /api/v1/movies/now-showing?page=0&size=12 HTTP/1.1" 200 - 2353
0:0:0:0:0:0:0:1 - - [28/Dec/2025:17:04:33 +0700] "OPTIONS /api/v1/movies/top-rated?page=0&size=10 HTTP/1.1" 200 - 2394
0:0:0:0:0:0:0:1 - - [28/Dec/2025:17:04:33 +0700] "OPTIONS /api/v1/auth/verify HTTP/1.1" 200 - 1271
0:0:0:0:0:0:0:1 - - [28/Dec/2025:17:04:33 +0700] "OPTIONS /api/v1/movies?page=0&size=20 HTTP/1.1" 200 - 2328
0:0:0:0:0:0:0:1 - - [28/Dec/2025:17:04:33 +0700] "OPTIONS /api/v1/movies/coming-soon?page=0&size=12 HTTP/1.1" 200 - 2083
0:0:0:0:0:0:0:1 - - [28/Dec/2025:17:04:33 +0700] "OPTIONS /api/v1/auth/verify HTTP/1.1" 200 - 1167
0:0:0:0:0:0:0:1 - - [28/Dec/2025:17:04:33 +0700] "OPTIONS /api/v1/movies/now-showing?page=0&size=12 HTTP/1.1" 200 - 1500
0:0:0:0:0:0:0:1 - - [28/Dec/2025:17:04:33 +0700] "OPTIONS /api/v1/movies/top-rated?page=0&size=10 HTTP/1.1" 200 - 2039
0:0:0:0:0:0:0:1 - - [28/Dec/2025:17:04:33 +0700] "GET /api/v1/auth/verify HTTP/1.1" 200 281 98934
0:0:0:0:0:0:0:1 - - [28/Dec/2025:17:04:33 +0700] "GET /api/v1/auth/verify HTTP/1.1" 200 281 22707
0:0:0:0:0:0:0:1 - - [28/Dec/2025:17:04:33 +0700] "GET /api/v1/movies/top-rated?page=0&size=10 HTTP/1.1" 404 165 58571
0:0:0:0:0:0:0:1 - - [28/Dec/2025:17:04:33 +0700] "GET /api/v1/auth/verify HTTP/1.1" 200 281 37125
0:0:0:0:0:0:0:1 - - [28/Dec/2025:17:04:33 +0700] "GET /api/v1/movies/top-rated?page=0&size=10 HTTP/1.1" 404 165 43527
0:0:0:0:0:0:0:1 - - [28/Dec/2025:17:04:33 +0700] "GET /api/v1/movies/coming-soon?page=0&size=12 HTTP/1.1" 200 5956 200491
0:0:0:0:0:0:0:1 - - [28/Dec/2025:17:04:33 +0700] "GET /api/v1/movies/now-showing?page=0&size=12 HTTP/1.1" 200 7097 148312
0:0:0:0:0:0:0:1 - - [28/Dec/2025:17:04:33 +0700] "GET /api/v1/movies/coming-soon?page=0&size=12 HTTP/1.1" 200 5956 15460
0:0:0:0:0:0:0:1 - - [28/Dec/2025:17:04:33 +0700] "GET /api/v1/movies/now-showing?page=0&size=12 HTTP/1.1" 200 7097 14270
0:0:0:0:0:0:0:1 - - [28/Dec/2025:17:04:33 +0700] "GET /api/v1/movies?page=0&size=20 HTTP/1.1" 200 11204 248319
0:0:0:0:0:0:0:1 - - [28/Dec/2025:17:04:33 +0700] "GET /api/v1/movies?page=0&size=20 HTTP/1.1" 200 11204 20832
0:0:0:0:0:0:0:1 - - [28/Dec/2025:17:04:37 +0700] "OPTIONS /api/v1/regions HTTP/1.1" 200 - 2216
0:0:0:0:0:0:0:1 - - [28/Dec/2025:17:04:37 +0700] "OPTIONS /api/v1/movies/96 HTTP/1.1" 200 - 1652
0:0:0:0:0:0:0:1 - - [28/Dec/2025:17:04:37 +0700] "OPTIONS /api/v1/regions HTTP/1.1" 200 - 4553
0:0:0:0:0:0:0:1 - - [28/Dec/2025:17:04:37 +0700] "OPTIONS /api/v1/movies/search?page=0&size=7&status=NOW_SHOWING&sort=createdAt,desc HTTP/1.1" 200 - 3823
0:0:0:0:0:0:0:1 - - [28/Dec/2025:17:04:37 +0700] "OPTIONS /api/v1/movies/search?page=0&size=7&status=NOW_SHOWING&sort=createdAt,desc HTTP/1.1" 200 - 4989
0:0:0:0:0:0:0:1 - - [28/Dec/2025:17:04:37 +0700] "OPTIONS /api/v1/movies/96 HTTP/1.1" 200 - 4849
0:0:0:0:0:0:0:1 - - [28/Dec/2025:17:04:37 +0700] "GET /api/v1/regions HTTP/1.1" 200 3720 33795
0:0:0:0:0:0:0:1 - - [28/Dec/2025:17:04:37 +0700] "GET /api/v1/movies/96 HTTP/1.1" 200 1259 49655
0:0:0:0:0:0:0:1 - - [28/Dec/2025:17:04:37 +0700] "GET /api/v1/regions HTTP/1.1" 200 3720 20326
0:0:0:0:0:0:0:1 - - [28/Dec/2025:17:04:37 +0700] "GET /api/v1/movies/96 HTTP/1.1" 200 1258 23511
0:0:0:0:0:0:0:1 - - [28/Dec/2025:17:04:37 +0700] "GET /api/v1/movies/search?page=0&size=7&status=NOW_SHOWING&sort=createdAt,desc HTTP/1.1" 200 4695 95465
0:0:0:0:0:0:0:1 - - [28/Dec/2025:17:04:37 +0700] "OPTIONS /api/v1/showtime/movie/96/date/2025-12-27?page=0&size=5&cityId=1 HTTP/1.1" 200 - 1340
0:0:0:0:0:0:0:1 - - [28/Dec/2025:17:04:37 +0700] "OPTIONS /api/v1/comments/movie/96?page=0&size=10&sort=createdAt,desc HTTP/1.1" 200 - 2227
0:0:0:0:0:0:0:1 - - [28/Dec/2025:17:04:37 +0700] "OPTIONS /api/v1/comments/average-rating/96 HTTP/1.1" 200 - 2081
0:0:0:0:0:0:0:1 - - [28/Dec/2025:17:04:37 +0700] "OPTIONS /api/v1/comments/average-rating/96 HTTP/1.1" 200 - 918
0:0:0:0:0:0:0:1 - - [28/Dec/2025:17:04:37 +0700] "OPTIONS /api/v1/comments/movie/96?page=0&size=10&sort=createdAt,desc HTTP/1.1" 200 - 1187
0:0:0:0:0:0:0:1 - - [28/Dec/2025:17:04:37 +0700] "GET /api/v1/comments/average-rating/96 HTTP/1.1" 500 177 15906
0:0:0:0:0:0:0:1 - - [28/Dec/2025:17:04:37 +0700] "GET /api/v1/comments/movie/96?page=0&size=10&sort=createdAt,desc HTTP/1.1" 500 168 15837
0:0:0:0:0:0:0:1 - - [28/Dec/2025:17:04:37 +0700] "GET /api/v1/showtime/movie/96/date/2025-12-27?page=0&size=5&cityId=1 HTTP/1.1" 200 441 24363
0:0:0:0:0:0:0:1 - - [28/Dec/2025:17:04:37 +0700] "GET /api/v1/comments/average-rating/96 HTTP/1.1" 500 177 15011
0:0:0:0:0:0:0:1 - - [28/Dec/2025:17:04:37 +0700] "GET /api/v1/comments/movie/96?page=0&size=10&sort=createdAt,desc HTTP/1.1" 500 168 15195
0:0:0:0:0:0:0:1 - - [28/Dec/2025:17:04:37 +0700] "GET /api/v1/movies/search?page=0&size=7&status=NOW_SHOWING&sort=createdAt,desc HTTP/1.1" 200 4695 85717
0:0:0:0:0:0:0:1 - - [28/Dec/2025:17:04:37 +0700] "GET /api/v1/movies/search?page=0&size=7&status=NOW_SHOWING&sort=createdAt,desc HTTP/1.1" 200 4695 89774
0:0:0:0:0:0:0:1 - - [28/Dec/2025:17:04:37 +0700] "GET /api/v1/showtime/movie/96/date/2025-12-27?page=0&size=5&cityId=1 HTTP/1.1" 200 441 35293
0:0:0:0:0:0:0:1 - - [28/Dec/2025:17:04:38 +0700] "OPTIONS /api/v1/showtime/movie/96/date/2025-12-31?page=0&size=5&cityId=1 HTTP/1.1" 200 - 1095
0:0:0:0:0:0:0:1 - - [28/Dec/2025:17:04:38 +0700] "GET /api/v1/showtime/movie/96/date/2025-12-31?page=0&size=5&cityId=1 HTTP/1.1" 200 831 57142
0:0:0:0:0:0:0:1 - - [28/Dec/2025:17:04:42 +0700] "OPTIONS /api/v1/showtime/1/seats HTTP/1.1" 200 - 839
0:0:0:0:0:0:0:1 - - [28/Dec/2025:17:04:42 +0700] "OPTIONS /api/v1/showtime/1 HTTP/1.1" 200 - 1209
0:0:0:0:0:0:0:1 - - [28/Dec/2025:17:04:42 +0700] "OPTIONS /api/v1/showtime/1 HTTP/1.1" 200 - 1057
0:0:0:0:0:0:0:1 - - [28/Dec/2025:17:04:42 +0700] "OPTIONS /api/v1/showtime/1/seats HTTP/1.1" 200 - 1347
0:0:0:0:0:0:0:1 - - [28/Dec/2025:17:04:42 +0700] "GET /ws-booking/info?t=1766916282205 HTTP/1.1" 200 78 6550
0:0:0:0:0:0:0:1 - - [28/Dec/2025:17:04:42 +0700] "GET /ws-booking/921/ia3r0t3s/websocket HTTP/1.1" 101 - 7086
0:0:0:0:0:0:0:1 - - [28/Dec/2025:17:04:42 +0700] "GET /api/v1/showtime/1 HTTP/1.1" 200 472 35290
0:0:0:0:0:0:0:1 - - [28/Dec/2025:17:04:42 +0700] "GET /api/v1/showtime/1 HTTP/1.1" 200 472 24900
0:0:0:0:0:0:0:1 - - [28/Dec/2025:17:04:42 +0700] "GET /api/v1/showtime/1/seats HTTP/1.1" 200 14264 60980
0:0:0:0:0:0:0:1 - - [28/Dec/2025:17:04:42 +0700] "GET /api/v1/showtime/1/seats HTTP/1.1" 200 14264 35837
0:0:0:0:0:0:0:1 - - [28/Dec/2025:17:04:45 +0700] "OPTIONS /api/v1/showtime/1/lock-seat/121?userId=1 HTTP/1.1" 200 - 1118
0:0:0:0:0:0:0:1 - - [28/Dec/2025:17:04:45 +0700] "POST /api/v1/showtime/1/lock-seat/121?userId=1 HTTP/1.1" 200 104 21017
0:0:0:0:0:0:0:1 - - [28/Dec/2025:17:04:46 +0700] "OPTIONS /api/v1/showtime/1/lock-seat/122?userId=1 HTTP/1.1" 200 - 1344
0:0:0:0:0:0:0:1 - - [28/Dec/2025:17:04:46 +0700] "POST /api/v1/showtime/1/lock-seat/122?userId=1 HTTP/1.1" 200 104 19011
0:0:0:0:0:0:0:1 - - [28/Dec/2025:17:04:47 +0700] "OPTIONS /api/v1/showtime/1/lock-seat/123?userId=1 HTTP/1.1" 200 - 1256
0:0:0:0:0:0:0:1 - - [28/Dec/2025:17:04:47 +0700] "POST /api/v1/showtime/1/lock-seat/123?userId=1 HTTP/1.1" 200 104 20493
0:0:0:0:0:0:0:1 - - [28/Dec/2025:17:04:48 +0700] "OPTIONS /api/v1/showtime/1/lock-seat/124?userId=1 HTTP/1.1" 200 - 1797
0:0:0:0:0:0:0:1 - - [28/Dec/2025:17:04:48 +0700] "POST /api/v1/showtime/1/lock-seat/124?userId=1 HTTP/1.1" 200 104 21739
0:0:0:0:0:0:0:1 - - [28/Dec/2025:17:04:48 +0700] "OPTIONS /api/v1/showtime/1/lock-seat/125?userId=1 HTTP/1.1" 200 - 1230
0:0:0:0:0:0:0:1 - - [28/Dec/2025:17:04:48 +0700] "POST /api/v1/showtime/1/lock-seat/125?userId=1 HTTP/1.1" 200 104 19286
0:0:0:0:0:0:0:1 - - [28/Dec/2025:17:04:49 +0700] "OPTIONS /api/v1/showtime/1/lock-seat/126?userId=1 HTTP/1.1" 200 - 1198
0:0:0:0:0:0:0:1 - - [28/Dec/2025:17:04:49 +0700] "POST /api/v1/showtime/1/lock-seat/126?userId=1 HTTP/1.1" 200 104 26146
0:0:0:0:0:0:0:1 - - [28/Dec/2025:17:04:49 +0700] "OPTIONS /api/v1/showtime/1/lock-seat/127?userId=1 HTTP/1.1" 200 - 1048
0:0:0:0:0:0:0:1 - - [28/Dec/2025:17:04:49 +0700] "POST /api/v1/showtime/1/lock-seat/127?userId=1 HTTP/1.1" 200 104 22174
0:0:0:0:0:0:0:1 - - [28/Dec/2025:17:04:50 +0700] "OPTIONS /api/v1/showtime/1/lock-seat/128?userId=1 HTTP/1.1" 200 - 1538
0:0:0:0:0:0:0:1 - - [28/Dec/2025:17:04:50 +0700] "POST /api/v1/showtime/1/lock-seat/128?userId=1 HTTP/1.1" 200 104 20697
0:0:0:0:0:0:0:1 - - [28/Dec/2025:17:05:08 +0700] "OPTIONS /api/v1/showtime/1/unlock-seat/128 HTTP/1.1" 200 - 1215
0:0:0:0:0:0:0:1 - - [28/Dec/2025:17:05:08 +0700] "POST /api/v1/showtime/1/unlock-seat/128 HTTP/1.1" 200 106 26449
0:0:0:0:0:0:0:1 - - [28/Dec/2025:17:05:09 +0700] "OPTIONS /api/v1/showtime/1/lock-seat/128?userId=1 HTTP/1.1" 200 - 1199
0:0:0:0:0:0:0:1 - - [28/Dec/2025:17:05:09 +0700] "POST /api/v1/showtime/1/lock-seat/128?userId=1 HTTP/1.1" 200 104 19117
0:0:0:0:0:0:0:1 - - [28/Dec/2025:17:05:14 +0700] "OPTIONS /api/v1/showtime/1/lock-seat/216?userId=1 HTTP/1.1" 200 - 1820
0:0:0:0:0:0:0:1 - - [28/Dec/2025:17:05:14 +0700] "POST /api/v1/showtime/1/lock-seat/216?userId=1 HTTP/1.1" 200 104 23417
0:0:0:0:0:0:0:1 - - [28/Dec/2025:17:05:16 +0700] "OPTIONS /api/v1/showtime/1/unlock-seat/216 HTTP/1.1" 200 - 1654
0:0:0:0:0:0:0:1 - - [28/Dec/2025:17:05:16 +0700] "POST /api/v1/showtime/1/unlock-seat/216 HTTP/1.1" 200 106 21293
0:0:0:0:0:0:0:1 - - [28/Dec/2025:17:05:17 +0700] "POST /api/v1/showtime/1/lock-seat/216?userId=1 HTTP/1.1" 200 104 28457
0:0:0:0:0:0:0:1 - - [28/Dec/2025:17:05:17 +0700] "POST /api/v1/showtime/1/unlock-seat/216 HTTP/1.1" 200 106 24612
0:0:0:0:0:0:0:1 - - [28/Dec/2025:17:05:18 +0700] "POST /api/v1/showtime/1/lock-seat/216?userId=1 HTTP/1.1" 200 104 21329
0:0:0:0:0:0:0:1 - - [28/Dec/2025:17:05:19 +0700] "POST /api/v1/showtime/1/unlock-seat/216 HTTP/1.1" 200 105 24845
0:0:0:0:0:0:0:1 - - [28/Dec/2025:17:05:20 +0700] "OPTIONS /api/v1/showtime/1/lock-seat/216?userId=1 HTTP/1.1" 200 - 1380
0:0:0:0:0:0:0:1 - - [28/Dec/2025:17:05:20 +0700] "POST /api/v1/showtime/1/lock-seat/216?userId=1 HTTP/1.1" 200 103 24854
0:0:0:0:0:0:0:1 - - [28/Dec/2025:17:05:20 +0700] "POST /api/v1/showtime/1/unlock-seat/216 HTTP/1.1" 200 106 24757
0:0:0:0:0:0:0:1 - - [28/Dec/2025:17:05:21 +0700] "OPTIONS /api/v1/movies?page=0&size=20 HTTP/1.1" 200 - 1860
0:0:0:0:0:0:0:1 - - [28/Dec/2025:17:05:21 +0700] "OPTIONS /api/v1/movies/coming-soon?page=0&size=12 HTTP/1.1" 200 - 1080
0:0:0:0:0:0:0:1 - - [28/Dec/2025:17:05:21 +0700] "OPTIONS /api/v1/movies/now-showing?page=0&size=12 HTTP/1.1" 200 - 948
0:0:0:0:0:0:0:1 - - [28/Dec/2025:17:05:21 +0700] "OPTIONS /api/v1/movies/top-rated?page=0&size=10 HTTP/1.1" 200 - 1308
0:0:0:0:0:0:0:1 - - [28/Dec/2025:17:05:21 +0700] "OPTIONS /api/v1/movies?page=0&size=20 HTTP/1.1" 200 - 1112
0:0:0:0:0:0:0:1 - - [28/Dec/2025:17:05:21 +0700] "OPTIONS /api/v1/movies/coming-soon?page=0&size=12 HTTP/1.1" 200 - 1396
0:0:0:0:0:0:0:1 - - [28/Dec/2025:17:05:21 +0700] "OPTIONS /api/v1/movies/now-showing?page=0&size=12 HTTP/1.1" 200 - 915
0:0:0:0:0:0:0:1 - - [28/Dec/2025:17:05:21 +0700] "OPTIONS /api/v1/movies/top-rated?page=0&size=10 HTTP/1.1" 200 - 785
0:0:0:0:0:0:0:1 - - [28/Dec/2025:17:05:21 +0700] "GET /api/v1/movies/now-showing?page=0&size=12 HTTP/1.1" 200 7097 23272
0:0:0:0:0:0:0:1 - - [28/Dec/2025:17:05:21 +0700] "GET /api/v1/movies?page=0&size=20 HTTP/1.1" 200 11204 23929
0:0:0:0:0:0:0:1 - - [28/Dec/2025:17:05:21 +0700] "GET /api/v1/movies/coming-soon?page=0&size=12 HTTP/1.1" 200 5956 23273
0:0:0:0:0:0:0:1 - - [28/Dec/2025:17:05:21 +0700] "GET /api/v1/movies/top-rated?page=0&size=10 HTTP/1.1" 404 165 38451
0:0:0:0:0:0:0:1 - - [28/Dec/2025:17:05:21 +0700] "GET /api/v1/movies?page=0&size=20 HTTP/1.1" 200 11204 23607
0:0:0:0:0:0:0:1 - - [28/Dec/2025:17:05:21 +0700] "GET /api/v1/movies/now-showing?page=0&size=12 HTTP/1.1" 200 7097 24911
0:0:0:0:0:0:0:1 - - [28/Dec/2025:17:05:21 +0700] "GET /api/v1/movies/coming-soon?page=0&size=12 HTTP/1.1" 200 5956 25027
0:0:0:0:0:0:0:1 - - [28/Dec/2025:17:05:21 +0700] "GET /api/v1/movies/top-rated?page=0&size=10 HTTP/1.1" 404 165 25525
0:0:0:0:0:0:0:1 - - [28/Dec/2025:17:05:26 +0700] "OPTIONS /api/v1/regions HTTP/1.1" 200 - 781
0:0:0:0:0:0:0:1 - - [28/Dec/2025:17:05:26 +0700] "OPTIONS /api/v1/regions HTTP/1.1" 200 - 473
0:0:0:0:0:0:0:1 - - [28/Dec/2025:17:05:26 +0700] "OPTIONS /api/v1/movies/96 HTTP/1.1" 200 - 864
0:0:0:0:0:0:0:1 - - [28/Dec/2025:17:05:26 +0700] "OPTIONS /api/v1/movies/search?page=0&size=7&status=NOW_SHOWING&sort=createdAt,desc HTTP/1.1" 200 - 803
0:0:0:0:0:0:0:1 - - [28/Dec/2025:17:05:26 +0700] "OPTIONS /api/v1/movies/search?page=0&size=7&status=NOW_SHOWING&sort=createdAt,desc HTTP/1.1" 200 - 560
0:0:0:0:0:0:0:1 - - [28/Dec/2025:17:05:26 +0700] "OPTIONS /api/v1/movies/96 HTTP/1.1" 200 - 1454
0:0:0:0:0:0:0:1 - - [28/Dec/2025:17:05:26 +0700] "GET /api/v1/movies/96 HTTP/1.1" 200 1259 15726
0:0:0:0:0:0:0:1 - - [28/Dec/2025:17:05:26 +0700] "GET /api/v1/regions HTTP/1.1" 200 3719 21419
0:0:0:0:0:0:0:1 - - [28/Dec/2025:17:05:26 +0700] "GET /api/v1/movies/96 HTTP/1.1" 200 1259 16784
0:0:0:0:0:0:0:1 - - [28/Dec/2025:17:05:26 +0700] "GET /api/v1/regions HTTP/1.1" 200 3719 15871
0:0:0:0:0:0:0:1 - - [28/Dec/2025:17:05:26 +0700] "GET /api/v1/movies/search?page=0&size=7&status=NOW_SHOWING&sort=createdAt,desc HTTP/1.1" 200 4695 72699
0:0:0:0:0:0:0:1 - - [28/Dec/2025:17:05:26 +0700] "OPTIONS /api/v1/comments/movie/96?page=0&size=10&sort=createdAt,desc HTTP/1.1" 200 - 2760
0:0:0:0:0:0:0:1 - - [28/Dec/2025:17:05:26 +0700] "OPTIONS /api/v1/comments/average-rating/96 HTTP/1.1" 200 - 1556
0:0:0:0:0:0:0:1 - - [28/Dec/2025:17:05:26 +0700] "OPTIONS /api/v1/showtime/movie/96/date/2025-12-27?page=0&size=5 HTTP/1.1" 200 - 1003
0:0:0:0:0:0:0:1 - - [28/Dec/2025:17:05:26 +0700] "OPTIONS /api/v1/comments/movie/96?page=0&size=10&sort=createdAt,desc HTTP/1.1" 200 - 1068
0:0:0:0:0:0:0:1 - - [28/Dec/2025:17:05:26 +0700] "OPTIONS /api/v1/comments/average-rating/96 HTTP/1.1" 200 - 1081
0:0:0:0:0:0:0:1 - - [28/Dec/2025:17:05:26 +0700] "GET /api/v1/comments/average-rating/96 HTTP/1.1" 500 177 16151
0:0:0:0:0:0:0:1 - - [28/Dec/2025:17:05:26 +0700] "GET /api/v1/comments/movie/96?page=0&size=10&sort=createdAt,desc HTTP/1.1" 500 168 16469
0:0:0:0:0:0:0:1 - - [28/Dec/2025:17:05:26 +0700] "GET /api/v1/showtime/movie/96/date/2025-12-27?page=0&size=5 HTTP/1.1" 200 443 29720
0:0:0:0:0:0:0:1 - - [28/Dec/2025:17:05:26 +0700] "GET /api/v1/movies/search?page=0&size=7&status=NOW_SHOWING&sort=createdAt,desc HTTP/1.1" 200 4695 77275
0:0:0:0:0:0:0:1 - - [28/Dec/2025:17:05:26 +0700] "GET /api/v1/comments/movie/96?page=0&size=10&sort=createdAt,desc HTTP/1.1" 500 168 15230
0:0:0:0:0:0:0:1 - - [28/Dec/2025:17:05:26 +0700] "GET /api/v1/comments/average-rating/96 HTTP/1.1" 500 177 15472
0:0:0:0:0:0:0:1 - - [28/Dec/2025:17:05:26 +0700] "GET /api/v1/movies/search?page=0&size=7&status=NOW_SHOWING&sort=createdAt,desc HTTP/1.1" 200 4695 71262
0:0:0:0:0:0:0:1 - - [28/Dec/2025:17:05:26 +0700] "OPTIONS /api/v1/showtime/movie/96/date/2025-12-27?page=0&size=5&cityId=1 HTTP/1.1" 200 - 1038
0:0:0:0:0:0:0:1 - - [28/Dec/2025:17:05:26 +0700] "GET /api/v1/showtime/movie/96/date/2025-12-27?page=0&size=5&cityId=1 HTTP/1.1" 200 441 34667
0:0:0:0:0:0:0:1 - - [28/Dec/2025:17:05:26 +0700] "GET /api/v1/showtime/movie/96/date/2025-12-27?page=0&size=5 HTTP/1.1" 200 443 46894
0:0:0:0:0:0:0:1 - - [28/Dec/2025:17:05:28 +0700] "OPTIONS /api/v1/showtime/movie/96/date/2025-12-31?page=0&size=5&cityId=1 HTTP/1.1" 200 - 851
0:0:0:0:0:0:0:1 - - [28/Dec/2025:17:05:28 +0700] "GET /api/v1/showtime/movie/96/date/2025-12-31?page=0&size=5&cityId=1 HTTP/1.1" 200 831 28249
0:0:0:0:0:0:0:1 - - [28/Dec/2025:17:05:31 +0700] "OPTIONS /api/v1/showtime/1 HTTP/1.1" 200 - 1230
0:0:0:0:0:0:0:1 - - [28/Dec/2025:17:05:31 +0700] "OPTIONS /api/v1/showtime/1 HTTP/1.1" 200 - 814
0:0:0:0:0:0:0:1 - - [28/Dec/2025:17:05:31 +0700] "OPTIONS /api/v1/showtime/1/seats HTTP/1.1" 200 - 799
0:0:0:0:0:0:0:1 - - [28/Dec/2025:17:05:31 +0700] "OPTIONS /api/v1/showtime/1/seats HTTP/1.1" 200 - 1046
0:0:0:0:0:0:0:1 - - [28/Dec/2025:17:05:31 +0700] "GET /ws-booking/info?t=1766916331463 HTTP/1.1" 200 78 2204
0:0:0:0:0:0:0:1 - - [28/Dec/2025:17:05:31 +0700] "GET /api/v1/showtime/1 HTTP/1.1" 200 470 20960
0:0:0:0:0:0:0:1 - - [28/Dec/2025:17:05:31 +0700] "GET /ws-booking/323/x1jchice/websocket HTTP/1.1" 101 - 6290
0:0:0:0:0:0:0:1 - - [28/Dec/2025:17:05:31 +0700] "GET /api/v1/showtime/1/seats HTTP/1.1" 200 14222 37725
0:0:0:0:0:0:0:1 - - [28/Dec/2025:17:05:31 +0700] "GET /api/v1/showtime/1 HTTP/1.1" 200 472 19543
0:0:0:0:0:0:0:1 - - [28/Dec/2025:17:05:31 +0700] "GET /api/v1/showtime/1/seats HTTP/1.1" 200 14224 30335
0:0:0:0:0:0:0:1 - - [28/Dec/2025:17:05:32 +0700] "OPTIONS /api/v1/showtime/1/unlock-seat/128 HTTP/1.1" 200 - 1053
0:0:0:0:0:0:0:1 - - [28/Dec/2025:17:05:32 +0700] "POST /api/v1/showtime/1/unlock-seat/128 HTTP/1.1" 200 106 20076
0:0:0:0:0:0:0:1 - - [28/Dec/2025:17:05:32 +0700] "OPTIONS /api/v1/showtime/1/unlock-seat/127 HTTP/1.1" 200 - 1061
0:0:0:0:0:0:0:1 - - [28/Dec/2025:17:05:32 +0700] "POST /api/v1/showtime/1/unlock-seat/127 HTTP/1.1" 200 106 22823
0:0:0:0:0:0:0:1 - - [28/Dec/2025:17:05:33 +0700] "OPTIONS /api/v1/showtime/1/unlock-seat/126 HTTP/1.1" 200 - 1544
0:0:0:0:0:0:0:1 - - [28/Dec/2025:17:05:33 +0700] "POST /api/v1/showtime/1/unlock-seat/126 HTTP/1.1" 200 106 18497
0:0:0:0:0:0:0:1 - - [28/Dec/2025:17:05:33 +0700] "OPTIONS /api/v1/showtime/1/unlock-seat/125 HTTP/1.1" 200 - 1322
0:0:0:0:0:0:0:1 - - [28/Dec/2025:17:05:33 +0700] "POST /api/v1/showtime/1/unlock-seat/125 HTTP/1.1" 200 106 18823
0:0:0:0:0:0:0:1 - - [28/Dec/2025:17:05:33 +0700] "OPTIONS /api/v1/showtime/1/unlock-seat/124 HTTP/1.1" 200 - 1153
0:0:0:0:0:0:0:1 - - [28/Dec/2025:17:05:33 +0700] "POST /api/v1/showtime/1/unlock-seat/124 HTTP/1.1" 200 106 18832
0:0:0:0:0:0:0:1 - - [28/Dec/2025:17:05:34 +0700] "OPTIONS /api/v1/showtime/1/unlock-seat/123 HTTP/1.1" 200 - 1516
0:0:0:0:0:0:0:1 - - [28/Dec/2025:17:05:34 +0700] "POST /api/v1/showtime/1/unlock-seat/123 HTTP/1.1" 200 106 21923
0:0:0:0:0:0:0:1 - - [28/Dec/2025:17:05:34 +0700] "OPTIONS /api/v1/showtime/1/unlock-seat/122 HTTP/1.1" 200 - 1273
0:0:0:0:0:0:0:1 - - [28/Dec/2025:17:05:34 +0700] "POST /api/v1/showtime/1/unlock-seat/122 HTTP/1.1" 200 106 15014
0:0:0:0:0:0:0:1 - - [28/Dec/2025:17:05:34 +0700] "OPTIONS /api/v1/showtime/1/unlock-seat/121 HTTP/1.1" 200 - 979
0:0:0:0:0:0:0:1 - - [28/Dec/2025:17:05:34 +0700] "POST /api/v1/showtime/1/unlock-seat/121 HTTP/1.1" 200 106 23089
0:0:0:0:0:0:0:1 - - [28/Dec/2025:17:05:50 +0700] "OPTIONS /api/v1/showtime HTTP/1.1" 200 - 880
0:0:0:0:0:0:0:1 - - [28/Dec/2025:17:05:50 +0700] "OPTIONS /api/v1/movies/now-showing HTTP/1.1" 200 - 422
0:0:0:0:0:0:0:1 - - [28/Dec/2025:17:05:50 +0700] "OPTIONS /api/v1/cinemas HTTP/1.1" 200 - 812
0:0:0:0:0:0:0:1 - - [28/Dec/2025:17:05:50 +0700] "OPTIONS /api/v1/showtime HTTP/1.1" 200 - 866
0:0:0:0:0:0:0:1 - - [28/Dec/2025:17:05:50 +0700] "OPTIONS /api/v1/showtime HTTP/1.1" 200 - 591
0:0:0:0:0:0:0:1 - - [28/Dec/2025:17:05:50 +0700] "OPTIONS /api/v1/movies/now-showing HTTP/1.1" 200 - 550
0:0:0:0:0:0:0:1 - - [28/Dec/2025:17:05:50 +0700] "OPTIONS /api/v1/cinemas HTTP/1.1" 200 - 752
0:0:0:0:0:0:0:1 - - [28/Dec/2025:17:05:50 +0700] "OPTIONS /api/v1/showtime HTTP/1.1" 200 - 563
0:0:0:0:0:0:0:1 - - [28/Dec/2025:17:05:50 +0700] "GET /api/v1/showtime HTTP/1.1" 200 792 35076
0:0:0:0:0:0:0:1 - - [28/Dec/2025:17:05:50 +0700] "GET /api/v1/showtime HTTP/1.1" 200 791 18679
0:0:0:0:0:0:0:1 - - [28/Dec/2025:17:05:50 +0700] "GET /api/v1/showtime HTTP/1.1" 200 791 13862
0:0:0:0:0:0:0:1 - - [28/Dec/2025:17:05:50 +0700] "GET /api/v1/showtime HTTP/1.1" 200 791 13730
0:0:0:0:0:0:0:1 - - [28/Dec/2025:17:05:50 +0700] "GET /api/v1/movies/now-showing HTTP/1.1" 200 6013 93579
0:0:0:0:0:0:0:1 - - [28/Dec/2025:17:05:50 +0700] "GET /api/v1/movies/now-showing HTTP/1.1" 200 6013 15991
0:0:0:0:0:0:0:1 - - [28/Dec/2025:17:05:50 +0700] "GET /api/v1/cinemas HTTP/1.1" 200 6067 163576
0:0:0:0:0:0:0:1 - - [28/Dec/2025:17:05:50 +0700] "GET /api/v1/cinemas HTTP/1.1" 200 6067 19499
0:0:0:0:0:0:0:1 - - [28/Dec/2025:17:05:57 +0700] "OPTIONS /api/v1/rooms/cinema/1 HTTP/1.1" 200 - 915
0:0:0:0:0:0:0:1 - - [28/Dec/2025:17:05:57 +0700] "GET /api/v1/rooms/cinema/1 HTTP/1.1" 200 290 24431
0:0:0:0:0:0:0:1 - - [28/Dec/2025:17:06:02 +0700] "OPTIONS /api/v1/showtime HTTP/1.1" 200 - 1310
0:0:0:0:0:0:0:1 - - [28/Dec/2025:17:06:02 +0700] "GET /api/v1/showtime HTTP/1.1" 200 791 15411
0:0:0:0:0:0:0:1 - - [28/Dec/2025:17:06:04 +0700] "GET /api/v1/showtime HTTP/1.1" 200 791 16349
0:0:0:0:0:0:0:1 - - [28/Dec/2025:17:06:06 +0700] "GET /api/v1/showtime HTTP/1.1" 200 791 22112
0:0:0:0:0:0:0:1 - - [28/Dec/2025:17:06:07 +0700] "GET /api/v1/showtime HTTP/1.1" 200 791 12905
0:0:0:0:0:0:0:1 - - [28/Dec/2025:17:06:09 +0700] "OPTIONS /api/v1/showtime HTTP/1.1" 200 - 665
0:0:0:0:0:0:0:1 - - [28/Dec/2025:17:06:09 +0700] "GET /api/v1/showtime HTTP/1.1" 200 790 14540
0:0:0:0:0:0:0:1 - - [28/Dec/2025:17:06:11 +0700] "GET /api/v1/showtime HTTP/1.1" 200 791 19515
0:0:0:0:0:0:0:1 - - [28/Dec/2025:17:06:15 +0700] "OPTIONS /api/v1/showtime HTTP/1.1" 200 - 1049
0:0:0:0:0:0:0:1 - - [28/Dec/2025:17:06:15 +0700] "GET /api/v1/showtime HTTP/1.1" 200 789 14841
0:0:0:0:0:0:0:1 - - [28/Dec/2025:17:06:18 +0700] "GET /api/v1/showtime HTTP/1.1" 200 791 13387
0:0:0:0:0:0:0:1 - - [28/Dec/2025:17:06:22 +0700] "OPTIONS /api/v1/showtime HTTP/1.1" 200 - 1276
0:0:0:0:0:0:0:1 - - [28/Dec/2025:17:06:22 +0700] "GET /api/v1/showtime HTTP/1.1" 200 791 19026
0:0:0:0:0:0:0:1 - - [28/Dec/2025:17:06:25 +0700] "GET /api/v1/showtime HTTP/1.1" 200 791 18667
0:0:0:0:0:0:0:1 - - [28/Dec/2025:17:06:26 +0700] "GET /api/v1/showtime HTTP/1.1" 200 791 16596
0:0:0:0:0:0:0:1 - - [28/Dec/2025:17:06:29 +0700] "OPTIONS /api/v1/showtime HTTP/1.1" 200 - 609
0:0:0:0:0:0:0:1 - - [28/Dec/2025:17:06:29 +0700] "GET /api/v1/showtime HTTP/1.1" 200 791 17206
0:0:0:0:0:0:0:1 - - [28/Dec/2025:17:06:30 +0700] "GET /api/v1/showtime HTTP/1.1" 200 789 34379
0:0:0:0:0:0:0:1 - - [28/Dec/2025:17:07:49 +0700] "OPTIONS /api/v1/auth/verify HTTP/1.1" 200 - 959
0:0:0:0:0:0:0:1 - - [28/Dec/2025:17:07:49 +0700] "OPTIONS /api/v1/auth/verify HTTP/1.1" 200 - 901
0:0:0:0:0:0:0:1 - - [28/Dec/2025:17:07:49 +0700] "OPTIONS /api/v1/auth/verify HTTP/1.1" 200 - 873
0:0:0:0:0:0:0:1 - - [28/Dec/2025:17:07:49 +0700] "GET /api/v1/auth/verify HTTP/1.1" 200 281 25500
0:0:0:0:0:0:0:1 - - [28/Dec/2025:17:07:49 +0700] "GET /api/v1/auth/verify HTTP/1.1" 200 281 23807
0:0:0:0:0:0:0:1 - - [28/Dec/2025:17:07:49 +0700] "GET /api/v1/auth/verify HTTP/1.1" 200 281 16539
0:0:0:0:0:0:0:1 - - [28/Dec/2025:17:07:49 +0700] "OPTIONS /api/v1/showtime/1 HTTP/1.1" 200 - 1938
0:0:0:0:0:0:0:1 - - [28/Dec/2025:17:07:49 +0700] "OPTIONS /api/v1/showtime/1/seats HTTP/1.1" 200 - 1443
0:0:0:0:0:0:0:1 - - [28/Dec/2025:17:07:49 +0700] "OPTIONS /api/v1/showtime/1 HTTP/1.1" 200 - 1819
0:0:0:0:0:0:0:1 - - [28/Dec/2025:17:07:49 +0700] "OPTIONS /api/v1/showtime/1/seats HTTP/1.1" 200 - 994
0:0:0:0:0:0:0:1 - - [28/Dec/2025:17:07:49 +0700] "GET /ws-booking/info?t=1766916469421 HTTP/1.1" 200 78 2330
0:0:0:0:0:0:0:1 - - [28/Dec/2025:17:07:49 +0700] "GET /ws-booking/431/ss132mdj/websocket HTTP/1.1" 101 - 4757
0:0:0:0:0:0:0:1 - - [28/Dec/2025:17:07:49 +0700] "GET /api/v1/showtime/1 HTTP/1.1" 200 472 21095
0:0:0:0:0:0:0:1 - - [28/Dec/2025:17:07:49 +0700] "GET /api/v1/showtime/1 HTTP/1.1" 200 472 24837
0:0:0:0:0:0:0:1 - - [28/Dec/2025:17:07:49 +0700] "GET /api/v1/showtime/1/seats HTTP/1.1" 200 14264 51063
0:0:0:0:0:0:0:1 - - [28/Dec/2025:17:07:49 +0700] "GET /api/v1/showtime/1/seats HTTP/1.1" 200 14264 45837
0:0:0:0:0:0:0:1 - - [28/Dec/2025:17:08:49 +0700] "OPTIONS /api/v1/showtime HTTP/1.1" 200 - 1459
0:0:0:0:0:0:0:1 - - [28/Dec/2025:17:08:49 +0700] "OPTIONS /api/v1/movies/now-showing HTTP/1.1" 200 - 1812
0:0:0:0:0:0:0:1 - - [28/Dec/2025:17:08:49 +0700] "OPTIONS /api/v1/cinemas HTTP/1.1" 200 - 942
0:0:0:0:0:0:0:1 - - [28/Dec/2025:17:08:49 +0700] "OPTIONS /api/v1/showtime HTTP/1.1" 200 - 1009
0:0:0:0:0:0:0:1 - - [28/Dec/2025:17:08:49 +0700] "OPTIONS /api/v1/showtime HTTP/1.1" 200 - 1482
0:0:0:0:0:0:0:1 - - [28/Dec/2025:17:08:49 +0700] "OPTIONS /api/v1/movies/now-showing HTTP/1.1" 200 - 817
0:0:0:0:0:0:0:1 - - [28/Dec/2025:17:08:49 +0700] "OPTIONS /api/v1/cinemas HTTP/1.1" 200 - 1207
0:0:0:0:0:0:0:1 - - [28/Dec/2025:17:08:49 +0700] "OPTIONS /api/v1/showtime HTTP/1.1" 200 - 1280
0:0:0:0:0:0:0:1 - - [28/Dec/2025:17:08:49 +0700] "GET /api/v1/showtime HTTP/1.1" 200 791 27748
0:0:0:0:0:0:0:1 - - [28/Dec/2025:17:08:49 +0700] "GET /api/v1/movies/now-showing HTTP/1.1" 200 6013 27524
0:0:0:0:0:0:0:1 - - [28/Dec/2025:17:08:49 +0700] "GET /api/v1/cinemas HTTP/1.1" 200 6067 27476
0:0:0:0:0:0:0:1 - - [28/Dec/2025:17:08:49 +0700] "GET /api/v1/showtime HTTP/1.1" 200 791 21795
0:0:0:0:0:0:0:1 - - [28/Dec/2025:17:08:49 +0700] "GET /api/v1/movies/now-showing HTTP/1.1" 200 6013 21836
0:0:0:0:0:0:0:1 - - [28/Dec/2025:17:08:49 +0700] "GET /api/v1/cinemas HTTP/1.1" 200 6067 22378
0:0:0:0:0:0:0:1 - - [28/Dec/2025:17:08:49 +0700] "GET /api/v1/showtime HTTP/1.1" 200 791 20867
0:0:0:0:0:0:0:1 - - [28/Dec/2025:17:08:49 +0700] "GET /api/v1/showtime HTTP/1.1" 200 791 18851
0:0:0:0:0:0:0:1 - - [28/Dec/2025:17:10:09 +0700] "OPTIONS /api/v1/auth/verify HTTP/1.1" 200 - 1195
0:0:0:0:0:0:0:1 - - [28/Dec/2025:17:10:09 +0700] "OPTIONS /api/v1/auth/verify HTTP/1.1" 200 - 881
0:0:0:0:0:0:0:1 - - [28/Dec/2025:17:10:09 +0700] "GET /api/v1/auth/verify HTTP/1.1" 200 280 16378
0:0:0:0:0:0:0:1 - - [28/Dec/2025:17:10:09 +0700] "GET /api/v1/auth/verify HTTP/1.1" 200 281 17619
0:0:0:0:0:0:0:1 - - [28/Dec/2025:17:11:06 +0700] "OPTIONS /api/v1/auth/verify HTTP/1.1" 200 - 2091
0:0:0:0:0:0:0:1 - - [28/Dec/2025:17:11:06 +0700] "OPTIONS /api/v1/auth/verify HTTP/1.1" 200 - 3987
0:0:0:0:0:0:0:1 - - [28/Dec/2025:17:11:06 +0700] "GET /api/v1/auth/verify HTTP/1.1" 200 281 23788
0:0:0:0:0:0:0:1 - - [28/Dec/2025:17:11:06 +0700] "GET /api/v1/auth/verify HTTP/1.1" 200 280 19864
0:0:0:0:0:0:0:1 - - [28/Dec/2025:17:18:39 +0700] "OPTIONS /api/v1/users?page=0&size=10&sortBy=userId&sortDir=desc HTTP/1.1" 200 - 1296
0:0:0:0:0:0:0:1 - - [28/Dec/2025:17:18:39 +0700] "GET /api/v1/users?page=0&size=10&sortBy=userId&sortDir=desc HTTP/1.1" 500 173 86885
0:0:0:0:0:0:0:1 - - [28/Dec/2025:17:19:11 +0700] "OPTIONS /api/v1/auth/verify HTTP/1.1" 200 - 1409
0:0:0:0:0:0:0:1 - - [28/Dec/2025:17:19:11 +0700] "OPTIONS /api/v1/auth/verify HTTP/1.1" 200 - 1203
0:0:0:0:0:0:0:1 - - [28/Dec/2025:17:19:11 +0700] "GET /api/v1/auth/verify HTTP/1.1" 200 281 25100
0:0:0:0:0:0:0:1 - - [28/Dec/2025:17:19:11 +0700] "GET /api/v1/auth/verify HTTP/1.1" 200 281 25452
0:0:0:0:0:0:0:1 - - [28/Dec/2025:17:19:11 +0700] "OPTIONS /api/v1/users?page=0&size=10&sortBy=userId&sortDir=desc HTTP/1.1" 200 - 859
0:0:0:0:0:0:0:1 - - [28/Dec/2025:17:19:11 +0700] "OPTIONS /api/v1/users?page=0&size=10&sortBy=userId&sortDir=desc HTTP/1.1" 200 - 1301
0:0:0:0:0:0:0:1 - - [28/Dec/2025:17:19:11 +0700] "GET /api/v1/users?page=0&size=10&sortBy=userId&sortDir=desc HTTP/1.1" 500 173 30780
0:0:0:0:0:0:0:1 - - [28/Dec/2025:17:19:11 +0700] "GET /api/v1/users?page=0&size=10&sortBy=userId&sortDir=desc HTTP/1.1" 500 173 29292
0:0:0:0:0:0:0:1 - - [28/Dec/2025:17:24:43 +0700] "OPTIONS /api/v1/auth/verify HTTP/1.1" 200 - 1182
0:0:0:0:0:0:0:1 - - [28/Dec/2025:17:24:43 +0700] "OPTIONS /api/v1/auth/verify HTTP/1.1" 200 - 1196
0:0:0:0:0:0:0:1 - - [28/Dec/2025:17:24:43 +0700] "GET /api/v1/auth/verify HTTP/1.1" 200 281 21482
0:0:0:0:0:0:0:1 - - [28/Dec/2025:17:24:43 +0700] "GET /api/v1/auth/verify HTTP/1.1" 200 281 32065
0:0:0:0:0:0:0:1 - - [28/Dec/2025:17:24:44 +0700] "OPTIONS /api/v1/users?page=0&size=10&sortBy=userId&sortDir=desc HTTP/1.1" 200 - 909
0:0:0:0:0:0:0:1 - - [28/Dec/2025:17:24:44 +0700] "OPTIONS /api/v1/users?page=0&size=10&sortBy=userId&sortDir=desc HTTP/1.1" 200 - 3476
0:0:0:0:0:0:0:1 - - [28/Dec/2025:17:24:44 +0700] "GET /api/v1/users?page=0&size=10&sortBy=userId&sortDir=desc HTTP/1.1" 500 173 32364
0:0:0:0:0:0:0:1 - - [28/Dec/2025:17:24:44 +0700] "GET /api/v1/users?page=0&size=10&sortBy=userId&sortDir=desc HTTP/1.1" 500 173 30335
0:0:0:0:0:0:0:1 - - [28/Dec/2025:17:24:56 +0700] "OPTIONS /api/v1/auth/verify HTTP/1.1" 200 - 1859
0:0:0:0:0:0:0:1 - - [28/Dec/2025:17:24:56 +0700] "OPTIONS /api/v1/auth/verify HTTP/1.1" 200 - 1667
0:0:0:0:0:0:0:1 - - [28/Dec/2025:17:24:56 +0700] "GET /api/v1/auth/verify HTTP/1.1" 200 281 25058
0:0:0:0:0:0:0:1 - - [28/Dec/2025:17:24:56 +0700] "GET /api/v1/auth/verify HTTP/1.1" 200 281 17215
0:0:0:0:0:0:0:1 - - [28/Dec/2025:17:24:56 +0700] "OPTIONS /api/v1/users?page=0&size=10&sortBy=userId&sortDir=desc HTTP/1.1" 200 - 1709
0:0:0:0:0:0:0:1 - - [28/Dec/2025:17:24:56 +0700] "OPTIONS /api/v1/users?page=0&size=10&sortBy=userId&sortDir=desc HTTP/1.1" 200 - 1889
0:0:0:0:0:0:0:1 - - [28/Dec/2025:17:24:56 +0700] "GET /api/v1/users?page=0&size=10&sortBy=userId&sortDir=desc HTTP/1.1" 500 173 17648
0:0:0:0:0:0:0:1 - - [28/Dec/2025:17:24:56 +0700] "GET /api/v1/users?page=0&size=10&sortBy=userId&sortDir=desc HTTP/1.1" 500 173 20917
0:0:0:0:0:0:0:1 - - [28/Dec/2025:17:25:09 +0700] "OPTIONS /api/v1/auth/verify HTTP/1.1" 200 - 1071
0:0:0:0:0:0:0:1 - - [28/Dec/2025:17:25:09 +0700] "OPTIONS /api/v1/auth/verify HTTP/1.1" 200 - 1706
0:0:0:0:0:0:0:1 - - [28/Dec/2025:17:25:09 +0700] "GET /api/v1/auth/verify HTTP/1.1" 200 281 19792
0:0:0:0:0:0:0:1 - - [28/Dec/2025:17:25:09 +0700] "GET /api/v1/auth/verify HTTP/1.1" 200 281 24833
0:0:0:0:0:0:0:1 - - [28/Dec/2025:17:25:10 +0700] "OPTIONS /api/v1/users?page=0&size=10&sortBy=id&sortDir=desc HTTP/1.1" 200 - 899
0:0:0:0:0:0:0:1 - - [28/Dec/2025:17:25:10 +0700] "OPTIONS /api/v1/users?page=0&size=10&sortBy=id&sortDir=desc HTTP/1.1" 200 - 714
0:0:0:0:0:0:0:1 - - [28/Dec/2025:17:25:10 +0700] "GET /api/v1/users?page=0&size=10&sortBy=id&sortDir=desc HTTP/1.1" 200 1172 124276
0:0:0:0:0:0:0:1 - - [28/Dec/2025:17:25:10 +0700] "GET /api/v1/users?page=0&size=10&sortBy=id&sortDir=desc HTTP/1.1" 200 1171 26790
0:0:0:0:0:0:0:1 - - [28/Dec/2025:17:35:21 +0700] "OPTIONS /api/v1/users?page=0&size=10&sortBy=id&sortDir=desc HTTP/1.1" 200 - 6172
0:0:0:0:0:0:0:1 - - [28/Dec/2025:17:35:21 +0700] "GET /api/v1/users?page=0&size=10&sortBy=id&sortDir=desc HTTP/1.1" 200 1172 54254
0:0:0:0:0:0:0:1 - - [28/Dec/2025:17:35:24 +0700] "GET /api/v1/users?page=0&size=10&sortBy=id&sortDir=desc HTTP/1.1" 200 1172 26949
0:0:0:0:0:0:0:1 - - [28/Dec/2025:17:35:27 +0700] "OPTIONS /api/v1/users?page=0&size=10&sortBy=id&sortDir=desc HTTP/1.1" 200 - 3331
0:0:0:0:0:0:0:1 - - [28/Dec/2025:17:35:27 +0700] "GET /api/v1/users?page=0&size=10&sortBy=id&sortDir=desc HTTP/1.1" 200 1172 24538
0:0:0:0:0:0:0:1 - - [28/Dec/2025:17:35:30 +0700] "GET /api/v1/users?page=0&size=10&sortBy=id&sortDir=desc HTTP/1.1" 200 1172 28965
0:0:0:0:0:0:0:1 - - [28/Dec/2025:17:35:33 +0700] "OPTIONS /api/v1/users?page=0&size=10&sortBy=id&sortDir=desc HTTP/1.1" 200 - 1674
0:0:0:0:0:0:0:1 - - [28/Dec/2025:17:35:33 +0700] "GET /api/v1/users?page=0&size=10&sortBy=id&sortDir=desc HTTP/1.1" 200 1171 38912
0:0:0:0:0:0:0:1 - - [28/Dec/2025:17:35:35 +0700] "GET /api/v1/users?page=0&size=10&sortBy=id&sortDir=desc HTTP/1.1" 200 1172 28668
0:0:0:0:0:0:0:1 - - [28/Dec/2025:17:35:37 +0700] "GET /api/v1/users?page=0&size=10&sortBy=id&sortDir=desc HTTP/1.1" 200 1172 27717
0:0:0:0:0:0:0:1 - - [28/Dec/2025:17:35:40 +0700] "OPTIONS /api/v1/users/search?keyword=d&page=0&size=10 HTTP/1.1" 200 - 3933
0:0:0:0:0:0:0:1 - - [28/Dec/2025:17:35:40 +0700] "GET /api/v1/users/search?keyword=d&page=0&size=10 HTTP/1.1" 200 109 82315
0:0:0:0:0:0:0:1 - - [28/Dec/2025:17:35:40 +0700] "OPTIONS /api/v1/users/search?keyword=du&page=0&size=10 HTTP/1.1" 200 - 1639
0:0:0:0:0:0:0:1 - - [28/Dec/2025:17:35:40 +0700] "GET /api/v1/users/search?keyword=du&page=0&size=10 HTTP/1.1" 200 109 12442
0:0:0:0:0:0:0:1 - - [28/Dec/2025:17:35:41 +0700] "OPTIONS /api/v1/users/search?keyword=duo&page=0&size=10 HTTP/1.1" 200 - 658
0:0:0:0:0:0:0:1 - - [28/Dec/2025:17:35:41 +0700] "GET /api/v1/users/search?keyword=duo&page=0&size=10 HTTP/1.1" 200 109 15069
0:0:0:0:0:0:0:1 - - [28/Dec/2025:17:35:41 +0700] "OPTIONS /api/v1/users/search?keyword=duon&page=0&size=10 HTTP/1.1" 200 - 949
0:0:0:0:0:0:0:1 - - [28/Dec/2025:17:35:41 +0700] "GET /api/v1/users/search?keyword=duon&page=0&size=10 HTTP/1.1" 200 109 15154
0:0:0:0:0:0:0:1 - - [28/Dec/2025:17:35:41 +0700] "OPTIONS /api/v1/users/search?keyword=duong&page=0&size=10 HTTP/1.1" 200 - 814
0:0:0:0:0:0:0:1 - - [28/Dec/2025:17:35:41 +0700] "GET /api/v1/users/search?keyword=duong&page=0&size=10 HTTP/1.1" 200 109 16355
0:0:0:0:0:0:0:1 - - [28/Dec/2025:17:35:43 +0700] "OPTIONS /api/v1/users/search?keyword=duong%C2%B7&page=0&size=10 HTTP/1.1" 200 - 922
0:0:0:0:0:0:0:1 - - [28/Dec/2025:17:35:43 +0700] "GET /api/v1/users/search?keyword=duong%C2%B7&page=0&size=10 HTTP/1.1" 200 109 19912
0:0:0:0:0:0:0:1 - - [28/Dec/2025:17:35:43 +0700] "GET /api/v1/users/search?keyword=duong&page=0&size=10 HTTP/1.1" 200 109 11527
0:0:0:0:0:0:0:1 - - [28/Dec/2025:17:35:43 +0700] "GET /api/v1/users/search?keyword=duon&page=0&size=10 HTTP/1.1" 200 109 14630
0:0:0:0:0:0:0:1 - - [28/Dec/2025:17:35:43 +0700] "GET /api/v1/users/search?keyword=duo&page=0&size=10 HTTP/1.1" 200 109 15358
0:0:0:0:0:0:0:1 - - [28/Dec/2025:17:35:43 +0700] "GET /api/v1/users/search?keyword=du&page=0&size=10 HTTP/1.1" 200 109 10259
0:0:0:0:0:0:0:1 - - [28/Dec/2025:17:35:43 +0700] "GET /api/v1/users/search?keyword=d&page=0&size=10 HTTP/1.1" 200 109 15575
0:0:0:0:0:0:0:1 - - [28/Dec/2025:17:35:43 +0700] "OPTIONS /api/v1/users/search?keyword=d%C6%B0&page=0&size=10 HTTP/1.1" 200 - 918
0:0:0:0:0:0:0:1 - - [28/Dec/2025:17:35:43 +0700] "GET /api/v1/users/search?keyword=d%C6%B0&page=0&size=10 HTTP/1.1" 200 109 13700
0:0:0:0:0:0:0:1 - - [28/Dec/2025:17:35:43 +0700] "OPTIONS /api/v1/users/search?keyword=d%C6%B0%C6%A1&page=0&size=10 HTTP/1.1" 200 - 1488
0:0:0:0:0:0:0:1 - - [28/Dec/2025:17:35:43 +0700] "GET /api/v1/users/search?keyword=d%C6%B0%C6%A1&page=0&size=10 HTTP/1.1" 200 107 14002
0:0:0:0:0:0:0:1 - - [28/Dec/2025:17:35:43 +0700] "OPTIONS /api/v1/users/search?keyword=d%C6%B0%C6%A1n&page=0&size=10 HTTP/1.1" 200 - 1091
0:0:0:0:0:0:0:1 - - [28/Dec/2025:17:35:43 +0700] "OPTIONS /api/v1/users/search?keyword=d%C6%B0%C6%A1ng&page=0&size=10 HTTP/1.1" 200 - 1002
0:0:0:0:0:0:0:1 - - [28/Dec/2025:17:35:43 +0700] "GET /api/v1/users/search?keyword=d%C6%B0%C6%A1n&page=0&size=10 HTTP/1.1" 200 109 45819
0:0:0:0:0:0:0:1 - - [28/Dec/2025:17:35:43 +0700] "GET /api/v1/users/search?keyword=d%C6%B0%C6%A1ng&page=0&size=10 HTTP/1.1" 200 109 38578
0:0:0:0:0:0:0:1 - - [28/Dec/2025:17:35:43 +0700] "GET /api/v1/users/search?keyword=d%C6%B0%C6%A1n&page=0&size=10 HTTP/1.1" 200 108 16441
0:0:0:0:0:0:0:1 - - [28/Dec/2025:17:35:44 +0700] "GET /api/v1/users/search?keyword=d%C6%B0%C6%A1&page=0&size=10 HTTP/1.1" 200 109 16892
0:0:0:0:0:0:0:1 - - [28/Dec/2025:17:35:44 +0700] "GET /api/v1/users/search?keyword=d%C6%B0&page=0&size=10 HTTP/1.1" 200 109 29589
0:0:0:0:0:0:0:1 - - [28/Dec/2025:17:35:44 +0700] "GET /api/v1/users/search?keyword=d&page=0&size=10 HTTP/1.1" 200 109 30705
0:0:0:0:0:0:0:1 - - [28/Dec/2025:17:35:44 +0700] "OPTIONS /api/v1/users?page=0&size=10&sortBy=id&sortDir=desc HTTP/1.1" 200 - 1485
0:0:0:0:0:0:0:1 - - [28/Dec/2025:17:35:44 +0700] "GET /api/v1/users?page=0&size=10&sortBy=id&sortDir=desc HTTP/1.1" 200 1172 49390
0:0:0:0:0:0:0:1 - - [28/Dec/2025:17:35:45 +0700] "OPTIONS /api/v1/users/search?keyword=D&page=0&size=10 HTTP/1.1" 200 - 1551
0:0:0:0:0:0:0:1 - - [28/Dec/2025:17:35:45 +0700] "GET /api/v1/users/search?keyword=D&page=0&size=10 HTTP/1.1" 200 109 13070
0:0:0:0:0:0:0:1 - - [28/Dec/2025:17:35:45 +0700] "OPTIONS /api/v1/users/search?keyword=Du&page=0&size=10 HTTP/1.1" 200 - 1020
0:0:0:0:0:0:0:1 - - [28/Dec/2025:17:35:45 +0700] "GET /api/v1/users/search?keyword=Du&page=0&size=10 HTTP/1.1" 200 108 17179
0:0:0:0:0:0:0:1 - - [28/Dec/2025:17:35:45 +0700] "OPTIONS /api/v1/users/search?keyword=Duo&page=0&size=10 HTTP/1.1" 200 - 1727
0:0:0:0:0:0:0:1 - - [28/Dec/2025:17:35:45 +0700] "GET /api/v1/users/search?keyword=Duo&page=0&size=10 HTTP/1.1" 200 109 14214
0:0:0:0:0:0:0:1 - - [28/Dec/2025:17:35:45 +0700] "OPTIONS /api/v1/users/search?keyword=Duo%C2%B7&page=0&size=10 HTTP/1.1" 200 - 902
0:0:0:0:0:0:0:1 - - [28/Dec/2025:17:35:45 +0700] "GET /api/v1/users/search?keyword=Duo%C2%B7&page=0&size=10 HTTP/1.1" 200 109 14405
0:0:0:0:0:0:0:1 - - [28/Dec/2025:17:35:45 +0700] "GET /api/v1/users/search?keyword=Duo&page=0&size=10 HTTP/1.1" 200 109 14050
0:0:0:0:0:0:0:1 - - [28/Dec/2025:17:35:46 +0700] "GET /api/v1/users/search?keyword=Du&page=0&size=10 HTTP/1.1" 200 109 13933
0:0:0:0:0:0:0:1 - - [28/Dec/2025:17:35:46 +0700] "GET /api/v1/users/search?keyword=D&page=0&size=10 HTTP/1.1" 200 109 13268
0:0:0:0:0:0:0:1 - - [28/Dec/2025:17:35:46 +0700] "OPTIONS /api/v1/users/search?keyword=D%C6%B0&page=0&size=10 HTTP/1.1" 200 - 1050
0:0:0:0:0:0:0:1 - - [28/Dec/2025:17:35:46 +0700] "OPTIONS /api/v1/users/search?keyword=D%C6%B0%C6%A1&page=0&size=10 HTTP/1.1" 200 - 1672
0:0:0:0:0:0:0:1 - - [28/Dec/2025:17:35:46 +0700] "GET /api/v1/users/search?keyword=D%C6%B0&page=0&size=10 HTTP/1.1" 200 109 13290
0:0:0:0:0:0:0:1 - - [28/Dec/2025:17:35:46 +0700] "GET /api/v1/users/search?keyword=D%C6%B0%C6%A1&page=0&size=10 HTTP/1.1" 200 109 10612
0:0:0:0:0:0:0:1 - - [28/Dec/2025:17:35:46 +0700] "OPTIONS /api/v1/users/search?keyword=D%C6%B0%C6%A1n&page=0&size=10 HTTP/1.1" 200 - 785
0:0:0:0:0:0:0:1 - - [28/Dec/2025:17:35:46 +0700] "GET /api/v1/users/search?keyword=D%C6%B0%C6%A1n&page=0&size=10 HTTP/1.1" 200 109 15075
0:0:0:0:0:0:0:1 - - [28/Dec/2025:17:35:46 +0700] "OPTIONS /api/v1/users/search?keyword=D%C6%B0%C6%A1ng&page=0&size=10 HTTP/1.1" 200 - 845
0:0:0:0:0:0:0:1 - - [28/Dec/2025:17:35:46 +0700] "GET /api/v1/users/search?keyword=D%C6%B0%C6%A1ng&page=0&size=10 HTTP/1.1" 200 108 14436
0:0:0:0:0:0:0:1 - - [28/Dec/2025:17:35:51 +0700] "OPTIONS /api/v1/users?page=0&size=10&sortBy=id&sortDir=desc HTTP/1.1" 200 - 1047
0:0:0:0:0:0:0:1 - - [28/Dec/2025:17:35:51 +0700] "GET /api/v1/users?page=0&size=10&sortBy=id&sortDir=desc HTTP/1.1" 200 1172 18229
0:0:0:0:0:0:0:1 - - [28/Dec/2025:17:59:48 +0700] "OPTIONS /api/v1/users/4 HTTP/1.1" 200 - 34878
0:0:0:0:0:0:0:1 - - [28/Dec/2025:17:59:49 +0700] "PUT /api/v1/users/4 HTTP/1.1" 400 155 582750
0:0:0:0:0:0:0:1 - - [28/Dec/2025:18:02:53 +0700] "OPTIONS /api/v1/auth/verify HTTP/1.1" 200 - 2360
0:0:0:0:0:0:0:1 - - [28/Dec/2025:18:02:53 +0700] "GET /api/v1/auth/verify HTTP/1.1" 200 281 34900
0:0:0:0:0:0:0:1 - - [28/Dec/2025:18:02:54 +0700] "OPTIONS /api/v1/users?page=0&size=10&sortBy=id&sortDir=desc HTTP/1.1" 200 - 2153
0:0:0:0:0:0:0:1 - - [28/Dec/2025:18:02:54 +0700] "OPTIONS /api/v1/users?page=0&size=10&sortBy=id&sortDir=desc HTTP/1.1" 200 - 1153
0:0:0:0:0:0:0:1 - - [28/Dec/2025:18:02:54 +0700] "GET /api/v1/users?page=0&size=10&sortBy=id&sortDir=desc HTTP/1.1" 200 1171 49722
0:0:0:0:0:0:0:1 - - [28/Dec/2025:18:02:54 +0700] "GET /api/v1/auth/verify HTTP/1.1" 200 281 22203
0:0:0:0:0:0:0:1 - - [28/Dec/2025:18:02:54 +0700] "GET /api/v1/auth/verify HTTP/1.1" 200 281 14744
0:0:0:0:0:0:0:1 - - [28/Dec/2025:18:02:54 +0700] "GET /api/v1/auth/verify HTTP/1.1" 200 281 14362
0:0:0:0:0:0:0:1 - - [28/Dec/2025:18:02:54 +0700] "OPTIONS /api/v1/showtime/1 HTTP/1.1" 200 - 2310
0:0:0:0:0:0:0:1 - - [28/Dec/2025:18:02:54 +0700] "OPTIONS /api/v1/showtime/1/seats HTTP/1.1" 200 - 2420
0:0:0:0:0:0:0:1 - - [28/Dec/2025:18:02:54 +0700] "OPTIONS /api/v1/showtime/1/seats HTTP/1.1" 200 - 1884
0:0:0:0:0:0:0:1 - - [28/Dec/2025:18:02:54 +0700] "OPTIONS /api/v1/showtime/1 HTTP/1.1" 200 - 2320
0:0:0:0:0:0:0:1 - - [28/Dec/2025:18:02:54 +0700] "GET /ws-booking/info?t=1766919774925 HTTP/1.1" 200 78 7845
0:0:0:0:0:0:0:1 - - [28/Dec/2025:18:02:54 +0700] "GET /ws-booking/120/xszs0efk/websocket HTTP/1.1" 101 - 9465
0:0:0:0:0:0:0:1 - - [28/Dec/2025:18:02:54 +0700] "GET /api/v1/showtime/1/seats HTTP/1.1" 200 14263 64806
0:0:0:0:0:0:0:1 - - [28/Dec/2025:18:02:55 +0700] "GET /api/v1/showtime/1 HTTP/1.1" 200 472 104023
0:0:0:0:0:0:0:1 - - [28/Dec/2025:18:02:55 +0700] "GET /api/v1/showtime/1/seats HTTP/1.1" 200 14264 38825
0:0:0:0:0:0:0:1 - - [28/Dec/2025:18:02:55 +0700] "GET /api/v1/showtime/1 HTTP/1.1" 200 472 25245
0:0:0:0:0:0:0:1 - - [28/Dec/2025:18:02:55 +0700] "GET /api/v1/auth/verify HTTP/1.1" 200 281 19365
0:0:0:0:0:0:0:1 - - [28/Dec/2025:18:02:55 +0700] "GET /api/v1/auth/verify HTTP/1.1" 200 281 14232
0:0:0:0:0:0:0:1 - - [28/Dec/2025:18:02:56 +0700] "GET /api/v1/users?page=0&size=10&sortBy=id&sortDir=desc HTTP/1.1" 200 1172 35856
0:0:0:0:0:0:0:1 - - [28/Dec/2025:18:02:56 +0700] "GET /api/v1/users?page=0&size=10&sortBy=id&sortDir=desc HTTP/1.1" 200 1172 48703
0:0:0:0:0:0:0:1 - - [28/Dec/2025:18:03:55 +0700] "OPTIONS /api/v1/auth/verify HTTP/1.1" 200 - 1486
0:0:0:0:0:0:0:1 - - [28/Dec/2025:18:03:55 +0700] "GET /api/v1/auth/verify HTTP/1.1" 200 281 24299
0:0:0:0:0:0:0:1 - - [28/Dec/2025:18:03:56 +0700] "GET /api/v1/auth/verify HTTP/1.1" 200 281 16571
0:0:0:0:0:0:0:1 - - [28/Dec/2025:18:03:56 +0700] "GET /api/v1/auth/verify HTTP/1.1" 200 281 16259
0:0:0:0:0:0:0:1 - - [28/Dec/2025:18:03:56 +0700] "GET /api/v1/auth/verify HTTP/1.1" 200 279 14573
0:0:0:0:0:0:0:1 - - [28/Dec/2025:18:03:56 +0700] "OPTIONS /api/v1/showtime/1 HTTP/1.1" 200 - 1487
0:0:0:0:0:0:0:1 - - [28/Dec/2025:18:03:56 +0700] "OPTIONS /api/v1/showtime/1/seats HTTP/1.1" 200 - 1612
0:0:0:0:0:0:0:1 - - [28/Dec/2025:18:03:56 +0700] "OPTIONS /api/v1/showtime/1 HTTP/1.1" 200 - 1675
0:0:0:0:0:0:0:1 - - [28/Dec/2025:18:03:56 +0700] "OPTIONS /api/v1/showtime/1/seats HTTP/1.1" 200 - 1650
0:0:0:0:0:0:0:1 - - [28/Dec/2025:18:03:56 +0700] "GET /ws-booking/info?t=1766919836714 HTTP/1.1" 200 78 4680
0:0:0:0:0:0:0:1 - - [28/Dec/2025:18:03:56 +0700] "GET /ws-booking/907/2q22prgf/websocket HTTP/1.1" 101 - 2440
0:0:0:0:0:0:0:1 - - [28/Dec/2025:18:03:56 +0700] "GET /api/v1/showtime/1 HTTP/1.1" 200 472 17546
0:0:0:0:0:0:0:1 - - [28/Dec/2025:18:03:56 +0700] "GET /api/v1/showtime/1 HTTP/1.1" 200 472 12655
0:0:0:0:0:0:0:1 - - [28/Dec/2025:18:03:56 +0700] "GET /api/v1/showtime/1/seats HTTP/1.1" 200 14263 32772
0:0:0:0:0:0:0:1 - - [28/Dec/2025:18:03:56 +0700] "GET /api/v1/showtime/1/seats HTTP/1.1" 200 14264 26974
0:0:0:0:0:0:0:1 - - [28/Dec/2025:18:03:56 +0700] "GET /api/v1/auth/verify HTTP/1.1" 200 281 17898
0:0:0:0:0:0:0:1 - - [28/Dec/2025:18:03:56 +0700] "GET /api/v1/auth/verify HTTP/1.1" 200 281 19676
0:0:0:0:0:0:0:1 - - [28/Dec/2025:18:03:57 +0700] "OPTIONS /api/v1/users?page=0&size=10&sortBy=id&sortDir=desc HTTP/1.1" 200 - 903
0:0:0:0:0:0:0:1 - - [28/Dec/2025:18:03:57 +0700] "OPTIONS /api/v1/users?page=0&size=10&sortBy=id&sortDir=desc HTTP/1.1" 200 - 3262
0:0:0:0:0:0:0:1 - - [28/Dec/2025:18:03:57 +0700] "GET /api/v1/users?page=0&size=10&sortBy=id&sortDir=desc HTTP/1.1" 200 1172 24046
0:0:0:0:0:0:0:1 - - [28/Dec/2025:18:03:57 +0700] "GET /api/v1/users?page=0&size=10&sortBy=id&sortDir=desc HTTP/1.1" 200 1172 23958
0:0:0:0:0:0:0:1 - - [28/Dec/2025:18:08:44 +0700] "OPTIONS /api/v1/showtime/1 HTTP/1.1" 200 - 1377
0:0:0:0:0:0:0:1 - - [28/Dec/2025:18:08:44 +0700] "OPTIONS /api/v1/auth/verify HTTP/1.1" 200 - 1481
0:0:0:0:0:0:0:1 - - [28/Dec/2025:18:08:44 +0700] "OPTIONS /api/v1/showtime/1 HTTP/1.1" 200 - 970
0:0:0:0:0:0:0:1 - - [28/Dec/2025:18:08:44 +0700] "OPTIONS /api/v1/showtime/1/seats HTTP/1.1" 200 - 1778
0:0:0:0:0:0:0:1 - - [28/Dec/2025:18:08:44 +0700] "OPTIONS /api/v1/showtime/1/seats HTTP/1.1" 200 - 1532
0:0:0:0:0:0:0:1 - - [28/Dec/2025:18:08:44 +0700] "GET /api/v1/showtime/1 HTTP/1.1" 200 472 22334
0:0:0:0:0:0:0:1 - - [28/Dec/2025:18:08:44 +0700] "GET /api/v1/auth/verify HTTP/1.1" 200 281 28791
0:0:0:0:0:0:0:1 - - [28/Dec/2025:18:08:44 +0700] "GET /api/v1/showtime/1/seats HTTP/1.1" 200 14426 102064
0:0:0:0:0:0:0:1 - - [28/Dec/2025:18:08:44 +0700] "OPTIONS /api/v1/users?page=0&size=10&sortBy=id&sortDir=desc HTTP/1.1" 200 - 774
0:0:0:0:0:0:0:1 - - [28/Dec/2025:18:08:44 +0700] "OPTIONS /api/v1/users?page=0&size=10&sortBy=id&sortDir=desc HTTP/1.1" 200 - 756
0:0:0:0:0:0:0:1 - - [28/Dec/2025:18:08:44 +0700] "GET /api/v1/users?page=0&size=10&sortBy=id&sortDir=desc HTTP/1.1" 200 1172 29555
0:0:0:0:0:0:0:1 - - [28/Dec/2025:18:08:44 +0700] "GET /api/v1/users?page=0&size=10&sortBy=id&sortDir=desc HTTP/1.1" 200 1172 27881
0:0:0:0:0:0:0:1 - - [28/Dec/2025:18:08:45 +0700] "GET /api/v1/auth/verify HTTP/1.1" 200 281 19468
0:0:0:0:0:0:0:1 - - [28/Dec/2025:18:08:45 +0700] "GET /api/v1/auth/verify HTTP/1.1" 200 281 18284
0:0:0:0:0:0:0:1 - - [28/Dec/2025:18:08:45 +0700] "GET /api/v1/auth/verify HTTP/1.1" 200 281 21609
0:0:0:0:0:0:0:1 - - [28/Dec/2025:18:08:45 +0700] "GET /ws-booking/info?t=1766920125697 HTTP/1.1" 200 78 1572
0:0:0:0:0:0:0:1 - - [28/Dec/2025:18:08:45 +0700] "GET /ws-booking/503/o0gyaoql/websocket HTTP/1.1" 101 - 6430
0:0:0:0:0:0:0:1 - - [28/Dec/2025:18:08:45 +0700] "GET /api/v1/showtime/1 HTTP/1.1" 200 472 16134
0:0:0:0:0:0:0:1 - - [28/Dec/2025:18:08:45 +0700] "GET /api/v1/showtime/1 HTTP/1.1" 200 472 13472
0:0:0:0:0:0:0:1 - - [28/Dec/2025:18:08:45 +0700] "GET /api/v1/showtime/1/seats HTTP/1.1" 200 14263 32353
0:0:0:0:0:0:0:1 - - [28/Dec/2025:18:08:45 +0700] "GET /api/v1/showtime/1/seats HTTP/1.1" 200 14264 26987
0:0:0:0:0:0:0:1 - - [28/Dec/2025:18:08:46 +0700] "GET /api/v1/auth/verify HTTP/1.1" 200 279 17344
0:0:0:0:0:0:0:1 - - [28/Dec/2025:18:08:46 +0700] "GET /api/v1/auth/verify HTTP/1.1" 200 281 10012
0:0:0:0:0:0:0:1 - - [28/Dec/2025:18:08:46 +0700] "GET /api/v1/users?page=0&size=10&sortBy=id&sortDir=desc HTTP/1.1" 200 1171 23508
0:0:0:0:0:0:0:1 - - [28/Dec/2025:18:08:46 +0700] "GET /api/v1/users?page=0&size=10&sortBy=id&sortDir=desc HTTP/1.1" 200 1172 19521
0:0:0:0:0:0:0:1 - - [28/Dec/2025:18:09:23 +0700] "OPTIONS /api/v1/auth/verify HTTP/1.1" 200 - 897
0:0:0:0:0:0:0:1 - - [28/Dec/2025:18:09:23 +0700] "OPTIONS /api/v1/showtime/1 HTTP/1.1" 200 - 1412
0:0:0:0:0:0:0:1 - - [28/Dec/2025:18:09:23 +0700] "OPTIONS /api/v1/showtime/1/seats HTTP/1.1" 200 - 1043
0:0:0:0:0:0:0:1 - - [28/Dec/2025:18:09:23 +0700] "OPTIONS /api/v1/showtime/1 HTTP/1.1" 200 - 1391
0:0:0:0:0:0:0:1 - - [28/Dec/2025:18:09:23 +0700] "OPTIONS /api/v1/showtime/1/seats HTTP/1.1" 200 - 1698
0:0:0:0:0:0:0:1 - - [28/Dec/2025:18:09:23 +0700] "GET /ws-booking/info?t=1766920163413 HTTP/1.1" 200 77 2091
0:0:0:0:0:0:0:1 - - [28/Dec/2025:18:09:23 +0700] "GET /api/v1/auth/verify HTTP/1.1" 200 281 16440
0:0:0:0:0:0:0:1 - - [28/Dec/2025:18:09:23 +0700] "GET /api/v1/showtime/1 HTTP/1.1" 200 472 20960
0:0:0:0:0:0:0:1 - - [28/Dec/2025:18:09:23 +0700] "GET /api/v1/showtime/1/seats HTTP/1.1" 200 14426 46527
0:0:0:0:0:0:0:1 - - [28/Dec/2025:18:09:23 +0700] "OPTIONS /api/v1/users?page=0&size=10&sortBy=id&sortDir=desc HTTP/1.1" 200 - 953
0:0:0:0:0:0:0:1 - - [28/Dec/2025:18:09:23 +0700] "OPTIONS /api/v1/users?page=0&size=10&sortBy=id&sortDir=desc HTTP/1.1" 200 - 3165
0:0:0:0:0:0:0:1 - - [28/Dec/2025:18:09:23 +0700] "GET /api/v1/users?page=0&size=10&sortBy=id&sortDir=desc HTTP/1.1" 200 1172 23891
0:0:0:0:0:0:0:1 - - [28/Dec/2025:18:09:24 +0700] "GET /api/v1/auth/verify HTTP/1.1" 200 281 16852
0:0:0:0:0:0:0:1 - - [28/Dec/2025:18:09:24 +0700] "GET /api/v1/auth/verify HTTP/1.1" 200 280 13502
0:0:0:0:0:0:0:1 - - [28/Dec/2025:18:09:24 +0700] "GET /api/v1/auth/verify HTTP/1.1" 200 281 13471
0:0:0:0:0:0:0:1 - - [28/Dec/2025:18:09:24 +0700] "GET /ws-booking/info?t=1766920164442 HTTP/1.1" 200 78 2177
0:0:0:0:0:0:0:1 - - [28/Dec/2025:18:09:24 +0700] "GET /ws-booking/593/vzaiz5hl/websocket HTTP/1.1" 101 - 3182
0:0:0:0:0:0:0:1 - - [28/Dec/2025:18:09:24 +0700] "GET /api/v1/showtime/1 HTTP/1.1" 200 472 17099
0:0:0:0:0:0:0:1 - - [28/Dec/2025:18:09:24 +0700] "GET /api/v1/showtime/1 HTTP/1.1" 200 472 17556
0:0:0:0:0:0:0:1 - - [28/Dec/2025:18:09:24 +0700] "GET /api/v1/showtime/1/seats HTTP/1.1" 200 14264 36146
0:0:0:0:0:0:0:1 - - [28/Dec/2025:18:09:24 +0700] "GET /api/v1/showtime/1/seats HTTP/1.1" 200 14264 96909
0:0:0:0:0:0:0:1 - - [28/Dec/2025:18:09:25 +0700] "GET /api/v1/auth/verify HTTP/1.1" 200 281 17345
0:0:0:0:0:0:0:1 - - [28/Dec/2025:18:09:25 +0700] "GET /api/v1/auth/verify HTTP/1.1" 200 281 16642
0:0:0:0:0:0:0:1 - - [28/Dec/2025:18:09:26 +0700] "GET /api/v1/users?page=0&size=10&sortBy=id&sortDir=desc HTTP/1.1" 200 1172 17242
0:0:0:0:0:0:0:1 - - [28/Dec/2025:18:09:26 +0700] "GET /api/v1/users?page=0&size=10&sortBy=id&sortDir=desc HTTP/1.1" 200 1172 18249
0:0:0:0:0:0:0:1 - - [28/Dec/2025:18:10:56 +0700] "OPTIONS /api/v1/users?page=0&size=10&sortBy=id&sortDir=desc HTTP/1.1" 200 - 961
0:0:0:0:0:0:0:1 - - [28/Dec/2025:18:10:56 +0700] "OPTIONS /api/v1/users?page=0&size=10&sortBy=id&sortDir=desc HTTP/1.1" 200 - 812
0:0:0:0:0:0:0:1 - - [28/Dec/2025:18:10:56 +0700] "OPTIONS /api/v1/users?page=0&size=10&sortBy=id&sortDir=desc HTTP/1.1" 200 - 1185
0:0:0:0:0:0:0:1 - - [28/Dec/2025:18:10:56 +0700] "GET /api/v1/users?page=0&size=10&sortBy=id&sortDir=desc HTTP/1.1" 200 1172 28320
0:0:0:0:0:0:0:1 - - [28/Dec/2025:18:10:56 +0700] "GET /api/v1/users?page=0&size=10&sortBy=id&sortDir=desc HTTP/1.1" 200 1172 20777
0:0:0:0:0:0:0:1 - - [28/Dec/2025:18:10:56 +0700] "GET /api/v1/users?page=0&size=10&sortBy=id&sortDir=desc HTTP/1.1" 200 1172 25121
0:0:0:0:0:0:0:1 - - [28/Dec/2025:18:11:08 +0700] "OPTIONS /api/v1/users?page=0&size=10&sortBy=id&sortDir=desc HTTP/1.1" 200 - 656
0:0:0:0:0:0:0:1 - - [28/Dec/2025:18:11:08 +0700] "OPTIONS /api/v1/roles/all HTTP/1.1" 200 - 3052
0:0:0:0:0:0:0:1 - - [28/Dec/2025:18:11:08 +0700] "OPTIONS /api/v1/roles/all HTTP/1.1" 200 - 1075
0:0:0:0:0:0:0:1 - - [28/Dec/2025:18:11:08 +0700] "OPTIONS /api/v1/roles/all HTTP/1.1" 200 - 698
0:0:0:0:0:0:0:1 - - [28/Dec/2025:18:11:08 +0700] "GET /api/v1/users?page=0&size=10&sortBy=id&sortDir=desc HTTP/1.1" 200 1172 18584
0:0:0:0:0:0:0:1 - - [28/Dec/2025:18:11:08 +0700] "GET /api/v1/users?page=0&size=10&sortBy=id&sortDir=desc HTTP/1.1" 200 1172 17210
0:0:0:0:0:0:0:1 - - [28/Dec/2025:18:11:08 +0700] "GET /api/v1/users?page=0&size=10&sortBy=id&sortDir=desc HTTP/1.1" 200 1172 25869
0:0:0:0:0:0:0:1 - - [28/Dec/2025:18:11:08 +0700] "GET /api/v1/roles/all HTTP/1.1" 200 353 163968
0:0:0:0:0:0:0:1 - - [28/Dec/2025:18:11:08 +0700] "GET /api/v1/roles/all HTTP/1.1" 200 353 35483
0:0:0:0:0:0:0:1 - - [28/Dec/2025:18:11:08 +0700] "GET /api/v1/roles/all HTTP/1.1" 200 353 25410
0:0:0:0:0:0:0:1 - - [28/Dec/2025:19:40:07 +0700] "GET /ws-booking/info?t=1766925605919 HTTP/1.1" 200 78 159759
0:0:0:0:0:0:0:1 - - [28/Dec/2025:19:40:07 +0700] "GET /ws-booking/718/zlhrecli/websocket HTTP/1.1" 101 - 40974
0:0:0:0:0:0:0:1 - - [28/Dec/2025:19:41:05 +0700] "OPTIONS /api/v1/auth/verify HTTP/1.1" 200 - 5552
0:0:0:0:0:0:0:1 - - [28/Dec/2025:19:41:05 +0700] "OPTIONS /api/v1/auth/verify HTTP/1.1" 200 - 5920
0:0:0:0:0:0:0:1 - - [28/Dec/2025:19:41:05 +0700] "GET /api/v1/auth/verify HTTP/1.1" 200 281 84069
0:0:0:0:0:0:0:1 - - [28/Dec/2025:19:41:05 +0700] "GET /api/v1/auth/verify HTTP/1.1" 200 281 25375
0:0:0:0:0:0:0:1 - - [28/Dec/2025:19:41:05 +0700] "OPTIONS /api/v1/users?page=0&size=10&sortBy=id&sortDir=desc HTTP/1.1" 200 - 2561
0:0:0:0:0:0:0:1 - - [28/Dec/2025:19:41:05 +0700] "OPTIONS /api/v1/roles/all HTTP/1.1" 200 - 3079
0:0:0:0:0:0:0:1 - - [28/Dec/2025:19:41:05 +0700] "OPTIONS /api/v1/roles/all HTTP/1.1" 200 - 855
0:0:0:0:0:0:0:1 - - [28/Dec/2025:19:41:05 +0700] "OPTIONS /api/v1/users?page=0&size=10&sortBy=id&sortDir=desc HTTP/1.1" 200 - 1108
0:0:0:0:0:0:0:1 - - [28/Dec/2025:19:41:05 +0700] "GET /api/v1/users?page=0&size=10&sortBy=id&sortDir=desc HTTP/1.1" 200 1172 46595
0:0:0:0:0:0:0:1 - - [28/Dec/2025:19:41:05 +0700] "GET /api/v1/roles/all HTTP/1.1" 200 353 49295
0:0:0:0:0:0:0:1 - - [28/Dec/2025:19:41:05 +0700] "GET /api/v1/users?page=0&size=10&sortBy=id&sortDir=desc HTTP/1.1" 200 1172 32210
0:0:0:0:0:0:0:1 - - [28/Dec/2025:19:41:05 +0700] "GET /api/v1/roles/all HTTP/1.1" 200 353 34032
0:0:0:0:0:0:0:1 - - [28/Dec/2025:19:43:48 +0700] "OPTIONS /api/v1/auth/verify HTTP/1.1" 200 - 740
0:0:0:0:0:0:0:1 - - [28/Dec/2025:19:43:48 +0700] "OPTIONS /api/v1/auth/verify HTTP/1.1" 200 - 530
0:0:0:0:0:0:0:1 - - [28/Dec/2025:19:43:48 +0700] "OPTIONS /api/v1/auth/verify HTTP/1.1" 200 - 1910
0:0:0:0:0:0:0:1 - - [28/Dec/2025:19:43:48 +0700] "GET /api/v1/auth/verify HTTP/1.1" 200 281 26133
0:0:0:0:0:0:0:1 - - [28/Dec/2025:19:43:48 +0700] "GET /api/v1/auth/verify HTTP/1.1" 200 281 30119
0:0:0:0:0:0:0:1 - - [28/Dec/2025:19:43:48 +0700] "GET /api/v1/auth/verify HTTP/1.1" 200 281 24574
0:0:0:0:0:0:0:1 - - [28/Dec/2025:19:43:48 +0700] "OPTIONS /api/v1/showtime/1 HTTP/1.1" 200 - 5011
0:0:0:0:0:0:0:1 - - [28/Dec/2025:19:43:48 +0700] "OPTIONS /api/v1/showtime/1/seats HTTP/1.1" 200 - 3296
0:0:0:0:0:0:0:1 - - [28/Dec/2025:19:43:48 +0700] "OPTIONS /api/v1/showtime/1 HTTP/1.1" 200 - 1792
0:0:0:0:0:0:0:1 - - [28/Dec/2025:19:43:48 +0700] "OPTIONS /api/v1/showtime/1/seats HTTP/1.1" 200 - 3435
0:0:0:0:0:0:0:1 - - [28/Dec/2025:19:43:48 +0700] "GET /ws-booking/info?t=1766925828643 HTTP/1.1" 200 78 7823
0:0:0:0:0:0:0:1 - - [28/Dec/2025:19:43:48 +0700] "GET /api/v1/showtime/1/seats HTTP/1.1" 200 14264 95046
0:0:0:0:0:0:0:1 - - [28/Dec/2025:19:43:48 +0700] "GET /ws-booking/982/agmk03xa/websocket HTTP/1.1" 101 - 3451
0:0:0:0:0:0:0:1 - - [28/Dec/2025:19:43:48 +0700] "GET /api/v1/showtime/1 HTTP/1.1" 200 473 108870
0:0:0:0:0:0:0:1 - - [28/Dec/2025:19:43:48 +0700] "GET /api/v1/showtime/1/seats HTTP/1.1" 200 14264 29437
0:0:0:0:0:0:0:1 - - [28/Dec/2025:19:43:48 +0700] "GET /api/v1/showtime/1 HTTP/1.1" 200 472 15265
0:0:0:0:0:0:0:1 - - [28/Dec/2025:20:26:36 +0700] "OPTIONS /api/v1/users?page=0&size=1&sortBy=id&sortDir=asc HTTP/1.1" 200 - 17877
0:0:0:0:0:0:0:1 - - [28/Dec/2025:20:26:36 +0700] "OPTIONS /api/v1/movies/coming-soon?page=0&size=5 HTTP/1.1" 200 - 17041
0:0:0:0:0:0:0:1 - - [28/Dec/2025:20:26:36 +0700] "OPTIONS /api/v1/movies?page=0&size=1 HTTP/1.1" 200 - 18280
0:0:0:0:0:0:0:1 - - [28/Dec/2025:20:26:36 +0700] "OPTIONS /api/v1/movies?page=0&size=1 HTTP/1.1" 200 - 1071
0:0:0:0:0:0:0:1 - - [28/Dec/2025:20:26:36 +0700] "OPTIONS /api/v1/cinemas?page=0&size=1 HTTP/1.1" 200 - 876
0:0:0:0:0:0:0:1 - - [28/Dec/2025:20:26:36 +0700] "OPTIONS /api/v1/cinemas?page=0&size=1 HTTP/1.1" 200 - 20628
0:0:0:0:0:0:0:1 - - [28/Dec/2025:20:26:36 +0700] "OPTIONS /api/v1/showtime?date=2025-12-28 HTTP/1.1" 200 - 1425
0:0:0:0:0:0:0:1 - - [28/Dec/2025:20:26:36 +0700] "OPTIONS /api/v1/bookings?page=0&size=5&sortBy=bookingDate&sortDir=desc HTTP/1.1" 200 - 19303
0:0:0:0:0:0:0:1 - - [28/Dec/2025:20:26:36 +0700] "OPTIONS /api/v1/bookings/statistics?startDate=2025-01-01&endDate=2025-12-31 HTTP/1.1" 200 - 20461
0:0:0:0:0:0:0:1 - - [28/Dec/2025:20:26:36 +0700] "OPTIONS /api/v1/users?page=0&size=1&sortBy=id&sortDir=asc HTTP/1.1" 200 - 2350
0:0:0:0:0:0:0:1 - - [28/Dec/2025:20:26:36 +0700] "OPTIONS /api/v1/bookings?page=0&size=5&sortBy=bookingDate&sortDir=desc HTTP/1.1" 200 - 915
0:0:0:0:0:0:0:1 - - [28/Dec/2025:20:26:36 +0700] "OPTIONS /api/v1/bookings/statistics?startDate=2025-01-01&endDate=2025-12-31 HTTP/1.1" 200 - 849
0:0:0:0:0:0:0:1 - - [28/Dec/2025:20:26:36 +0700] "OPTIONS /api/v1/movies/coming-soon?page=0&size=5 HTTP/1.1" 200 - 416
0:0:0:0:0:0:0:1 - - [28/Dec/2025:20:26:36 +0700] "OPTIONS /api/v1/showtime?date=2025-12-28 HTTP/1.1" 200 - 473
0:0:0:0:0:0:0:1 - - [28/Dec/2025:20:26:36 +0700] "GET /api/v1/users?page=0&size=1&sortBy=id&sortDir=asc HTTP/1.1" 200 847 71507
0:0:0:0:0:0:0:1 - - [28/Dec/2025:20:26:36 +0700] "GET /api/v1/bookings?page=0&size=5&sortBy=bookingDate&sortDir=desc HTTP/1.1" 200 433 89157
0:0:0:0:0:0:0:1 - - [28/Dec/2025:20:26:36 +0700] "GET /api/v1/showtime?date=2025-12-28 HTTP/1.1" 200 792 91564
0:0:0:0:0:0:0:1 - - [28/Dec/2025:20:26:36 +0700] "GET /api/v1/cinemas?page=0&size=1 HTTP/1.1" 200 727 98860
0:0:0:0:0:0:0:1 - - [28/Dec/2025:20:26:36 +0700] "GET /api/v1/movies?page=0&size=1 HTTP/1.1" 200 704 102385
0:0:0:0:0:0:0:1 - - [28/Dec/2025:20:26:36 +0700] "GET /api/v1/bookings?page=0&size=5&sortBy=bookingDate&sortDir=desc HTTP/1.1" 200 433 18968
0:0:0:0:0:0:0:1 - - [28/Dec/2025:20:26:36 +0700] "GET /api/v1/users?page=0&size=1&sortBy=id&sortDir=asc HTTP/1.1" 200 846 21172
0:0:0:0:0:0:0:1 - - [28/Dec/2025:20:26:36 +0700] "GET /api/v1/showtime?date=2025-12-28 HTTP/1.1" 200 791 16160
0:0:0:0:0:0:0:1 - - [28/Dec/2025:20:26:36 +0700] "GET /api/v1/cinemas?page=0&size=1 HTTP/1.1" 200 727 13264
0:0:0:0:0:0:0:1 - - [28/Dec/2025:20:26:36 +0700] "GET /api/v1/movies?page=0&size=1 HTTP/1.1" 200 704 13813
0:0:0:0:0:0:0:1 - - [28/Dec/2025:20:26:36 +0700] "GET /api/v1/movies/coming-soon?page=0&size=5 HTTP/1.1" 200 3113 131967
0:0:0:0:0:0:0:1 - - [28/Dec/2025:20:26:36 +0700] "GET /api/v1/movies/coming-soon?page=0&size=5 HTTP/1.1" 200 3113 15154
0:0:0:0:0:0:0:1 - - [28/Dec/2025:20:26:36 +0700] "GET /api/v1/bookings/statistics?startDate=2025-01-01&endDate=2025-12-31 HTTP/1.1" 500 287 77311
0:0:0:0:0:0:0:1 - - [28/Dec/2025:20:26:36 +0700] "GET /api/v1/bookings/statistics?startDate=2025-01-01&endDate=2025-12-31 HTTP/1.1" 500 286 17281
0:0:0:0:0:0:0:1 - - [28/Dec/2025:20:26:40 +0700] "OPTIONS /api/v1/showtime HTTP/1.1" 200 - 938
0:0:0:0:0:0:0:1 - - [28/Dec/2025:20:26:40 +0700] "OPTIONS /api/v1/movies/now-showing HTTP/1.1" 200 - 483
0:0:0:0:0:0:0:1 - - [28/Dec/2025:20:26:40 +0700] "OPTIONS /api/v1/cinemas HTTP/1.1" 200 - 547
0:0:0:0:0:0:0:1 - - [28/Dec/2025:20:26:40 +0700] "OPTIONS /api/v1/showtime HTTP/1.1" 200 - 371
0:0:0:0:0:0:0:1 - - [28/Dec/2025:20:26:40 +0700] "OPTIONS /api/v1/movies/now-showing HTTP/1.1" 200 - 371
0:0:0:0:0:0:0:1 - - [28/Dec/2025:20:26:40 +0700] "OPTIONS /api/v1/showtime HTTP/1.1" 200 - 865
0:0:0:0:0:0:0:1 - - [28/Dec/2025:20:26:40 +0700] "OPTIONS /api/v1/cinemas HTTP/1.1" 200 - 464
0:0:0:0:0:0:0:1 - - [28/Dec/2025:20:26:40 +0700] "OPTIONS /api/v1/showtime HTTP/1.1" 200 - 488
0:0:0:0:0:0:0:1 - - [28/Dec/2025:20:26:40 +0700] "GET /api/v1/showtime HTTP/1.1" 200 791 17682
0:0:0:0:0:0:0:1 - - [28/Dec/2025:20:26:40 +0700] "GET /api/v1/showtime HTTP/1.1" 200 791 16257
0:0:0:0:0:0:0:1 - - [28/Dec/2025:20:26:40 +0700] "GET /api/v1/showtime HTTP/1.1" 200 791 11971
0:0:0:0:0:0:0:1 - - [28/Dec/2025:20:26:40 +0700] "GET /api/v1/showtime HTTP/1.1" 200 791 12319
0:0:0:0:0:0:0:1 - - [28/Dec/2025:20:26:40 +0700] "GET /api/v1/movies/now-showing HTTP/1.1" 200 6013 82702
0:0:0:0:0:0:0:1 - - [28/Dec/2025:20:26:40 +0700] "GET /api/v1/movies/now-showing HTTP/1.1" 200 6013 13904
0:0:0:0:0:0:0:1 - - [28/Dec/2025:20:26:40 +0700] "GET /api/v1/cinemas HTTP/1.1" 200 6067 121337
0:0:0:0:0:0:0:1 - - [28/Dec/2025:20:26:40 +0700] "GET /api/v1/cinemas HTTP/1.1" 200 6066 13311
0:0:0:0:0:0:0:1 - - [28/Dec/2025:20:26:41 +0700] "OPTIONS /api/v1/roles/all HTTP/1.1" 200 - 2077
0:0:0:0:0:0:0:1 - - [28/Dec/2025:20:26:41 +0700] "OPTIONS /api/v1/users?page=0&size=10&sortBy=id&sortDir=desc HTTP/1.1" 200 - 1521
0:0:0:0:0:0:0:1 - - [28/Dec/2025:20:26:41 +0700] "OPTIONS /api/v1/users?page=0&size=10&sortBy=id&sortDir=desc HTTP/1.1" 200 - 816
0:0:0:0:0:0:0:1 - - [28/Dec/2025:20:26:41 +0700] "OPTIONS /api/v1/roles/all HTTP/1.1" 200 - 1371
0:0:0:0:0:0:0:1 - - [28/Dec/2025:20:26:41 +0700] "GET /api/v1/users?page=0&size=10&sortBy=id&sortDir=desc HTTP/1.1" 200 1172 20476
0:0:0:0:0:0:0:1 - - [28/Dec/2025:20:26:41 +0700] "GET /api/v1/roles/all HTTP/1.1" 200 353 23792
0:0:0:0:0:0:0:1 - - [28/Dec/2025:20:26:41 +0700] "GET /api/v1/users?page=0&size=10&sortBy=id&sortDir=desc HTTP/1.1" 200 1172 22804
0:0:0:0:0:0:0:1 - - [28/Dec/2025:20:26:41 +0700] "GET /api/v1/roles/all HTTP/1.1" 200 353 24287
0:0:0:0:0:0:0:1 - - [28/Dec/2025:20:27:33 +0700] "OPTIONS /api/v1/users?page=0&size=10&sortBy=id&sortDir=desc HTTP/1.1" 200 - 631
0:0:0:0:0:0:0:1 - - [28/Dec/2025:20:27:33 +0700] "OPTIONS /api/v1/users?page=0&size=10&sortBy=id&sortDir=desc HTTP/1.1" 200 - 581
0:0:0:0:0:0:0:1 - - [28/Dec/2025:20:27:33 +0700] "OPTIONS /api/v1/roles/all HTTP/1.1" 200 - 3103
0:0:0:0:0:0:0:1 - - [28/Dec/2025:20:27:33 +0700] "OPTIONS /api/v1/roles/all HTTP/1.1" 200 - 2919
0:0:0:0:0:0:0:1 - - [28/Dec/2025:20:27:33 +0700] "GET /api/v1/users?page=0&size=10&sortBy=id&sortDir=desc HTTP/1.1" 200 1172 21638
0:0:0:0:0:0:0:1 - - [28/Dec/2025:20:27:33 +0700] "GET /api/v1/roles/all HTTP/1.1" 200 353 21691
0:0:0:0:0:0:0:1 - - [28/Dec/2025:20:27:33 +0700] "GET /api/v1/users?page=0&size=10&sortBy=id&sortDir=desc HTTP/1.1" 200 1172 19452
0:0:0:0:0:0:0:1 - - [28/Dec/2025:20:27:33 +0700] "GET /api/v1/roles/all HTTP/1.1" 200 353 23512
0:0:0:0:0:0:0:1 - - [28/Dec/2025:20:44:26 +0700] "OPTIONS /api/v1/users?page=0&size=10&sortBy=id&sortDir=desc HTTP/1.1" 200 - 5001
0:0:0:0:0:0:0:1 - - [28/Dec/2025:20:44:26 +0700] "OPTIONS /api/v1/users?page=0&size=10&sortBy=id&sortDir=desc HTTP/1.1" 200 - 6422
0:0:0:0:0:0:0:1 - - [28/Dec/2025:20:44:26 +0700] "OPTIONS /api/v1/roles/all HTTP/1.1" 200 - 5539
0:0:0:0:0:0:0:1 - - [28/Dec/2025:20:44:26 +0700] "OPTIONS /api/v1/roles/all HTTP/1.1" 200 - 6388
0:0:0:0:0:0:0:1 - - [28/Dec/2025:20:44:26 +0700] "GET /api/v1/roles/all HTTP/1.1" 200 353 46184
0:0:0:0:0:0:0:1 - - [28/Dec/2025:20:44:26 +0700] "GET /api/v1/users?page=0&size=10&sortBy=id&sortDir=desc HTTP/1.1" 200 1172 46239
0:0:0:0:0:0:0:1 - - [28/Dec/2025:20:44:26 +0700] "GET /api/v1/users?page=0&size=10&sortBy=id&sortDir=desc HTTP/1.1" 200 1172 21381
0:0:0:0:0:0:0:1 - - [28/Dec/2025:20:44:26 +0700] "GET /api/v1/roles/all HTTP/1.1" 200 353 21619
0:0:0:0:0:0:0:1 - - [28/Dec/2025:20:44:30 +0700] "OPTIONS /api/v1/auth/verify HTTP/1.1" 200 - 1593
0:0:0:0:0:0:0:1 - - [28/Dec/2025:20:44:30 +0700] "OPTIONS /api/v1/auth/verify HTTP/1.1" 200 - 1974
0:0:0:0:0:0:0:1 - - [28/Dec/2025:20:44:30 +0700] "GET /api/v1/auth/verify HTTP/1.1" 200 281 37737
0:0:0:0:0:0:0:1 - - [28/Dec/2025:20:44:30 +0700] "GET /api/v1/auth/verify HTTP/1.1" 200 281 19229
0:0:0:0:0:0:0:1 - - [28/Dec/2025:20:44:30 +0700] "GET /api/v1/users?page=0&size=10&sortBy=id&sortDir=desc HTTP/1.1" 200 1172 29204
0:0:0:0:0:0:0:1 - - [28/Dec/2025:20:44:30 +0700] "GET /api/v1/roles/all HTTP/1.1" 200 353 32398
0:0:0:0:0:0:0:1 - - [28/Dec/2025:20:44:30 +0700] "GET /api/v1/users?page=0&size=10&sortBy=id&sortDir=desc HTTP/1.1" 200 1172 30614
0:0:0:0:0:0:0:1 - - [28/Dec/2025:20:44:30 +0700] "GET /api/v1/roles/all HTTP/1.1" 200 353 31007
0:0:0:0:0:0:0:1 - - [28/Dec/2025:20:47:18 +0700] "OPTIONS /api/v1/auth/verify HTTP/1.1" 200 - 871
0:0:0:0:0:0:0:1 - - [28/Dec/2025:20:47:18 +0700] "OPTIONS /api/v1/auth/verify HTTP/1.1" 200 - 996
0:0:0:0:0:0:0:1 - - [28/Dec/2025:20:47:18 +0700] "GET /api/v1/auth/verify HTTP/1.1" 200 281 30252
0:0:0:0:0:0:0:1 - - [28/Dec/2025:20:47:18 +0700] "GET /api/v1/auth/verify HTTP/1.1" 200 281 19526
0:0:0:0:0:0:0:1 - - [28/Dec/2025:20:47:19 +0700] "OPTIONS /api/v1/roles/all HTTP/1.1" 200 - 942
0:0:0:0:0:0:0:1 - - [28/Dec/2025:20:47:19 +0700] "OPTIONS /api/v1/users?page=0&size=10&sortBy=id&sortDir=desc HTTP/1.1" 200 - 680
0:0:0:0:0:0:0:1 - - [28/Dec/2025:20:47:19 +0700] "OPTIONS /api/v1/users?page=0&size=10&sortBy=id&sortDir=desc HTTP/1.1" 200 - 592
0:0:0:0:0:0:0:1 - - [28/Dec/2025:20:47:19 +0700] "OPTIONS /api/v1/roles/all HTTP/1.1" 200 - 665
0:0:0:0:0:0:0:1 - - [28/Dec/2025:20:47:19 +0700] "GET /api/v1/users?page=0&size=10&sortBy=id&sortDir=desc HTTP/1.1" 200 1172 35265
0:0:0:0:0:0:0:1 - - [28/Dec/2025:20:47:19 +0700] "GET /api/v1/roles/all HTTP/1.1" 200 353 38595
0:0:0:0:0:0:0:1 - - [28/Dec/2025:20:47:19 +0700] "GET /api/v1/users?page=0&size=10&sortBy=id&sortDir=desc HTTP/1.1" 200 1172 29411
0:0:0:0:0:0:0:1 - - [28/Dec/2025:20:47:19 +0700] "GET /api/v1/roles/all HTTP/1.1" 200 353 26099
0:0:0:0:0:0:0:1 - - [28/Dec/2025:20:47:23 +0700] "OPTIONS /api/v1/permissions/all HTTP/1.1" 200 - 915
0:0:0:0:0:0:0:1 - - [28/Dec/2025:20:47:23 +0700] "OPTIONS /api/v1/roles?page=0&size=10&sort=id,desc HTTP/1.1" 200 - 2704
0:0:0:0:0:0:0:1 - - [28/Dec/2025:20:47:23 +0700] "OPTIONS /api/v1/permissions/all HTTP/1.1" 200 - 3302
0:0:0:0:0:0:0:1 - - [28/Dec/2025:20:47:23 +0700] "OPTIONS /api/v1/roles?page=0&size=10&sort=id,desc HTTP/1.1" 200 - 3495
0:0:0:0:0:0:0:1 - - [28/Dec/2025:20:47:23 +0700] "GET /api/v1/permissions/all HTTP/1.1" 200 124 88445
0:0:0:0:0:0:0:1 - - [28/Dec/2025:20:47:23 +0700] "GET /api/v1/roles?page=0&size=10&sort=id,desc HTTP/1.1" 200 669 86772
0:0:0:0:0:0:0:1 - - [28/Dec/2025:20:47:23 +0700] "GET /api/v1/permissions/all HTTP/1.1" 200 124 27427
0:0:0:0:0:0:0:1 - - [28/Dec/2025:20:47:23 +0700] "GET /api/v1/roles?page=0&size=10&sort=id,desc HTTP/1.1" 200 669 32715
0:0:0:0:0:0:0:1 - - [28/Dec/2025:20:47:27 +0700] "OPTIONS /api/v1/auth/verify HTTP/1.1" 200 - 747
0:0:0:0:0:0:0:1 - - [28/Dec/2025:20:47:27 +0700] "OPTIONS /api/v1/auth/verify HTTP/1.1" 200 - 853
0:0:0:0:0:0:0:1 - - [28/Dec/2025:20:47:27 +0700] "GET /api/v1/auth/verify HTTP/1.1" 200 281 18394
0:0:0:0:0:0:0:1 - - [28/Dec/2025:20:47:27 +0700] "GET /api/v1/auth/verify HTTP/1.1" 200 281 27810
0:0:0:0:0:0:0:1 - - [28/Dec/2025:20:47:28 +0700] "OPTIONS /api/v1/movies?page=0&size=1 HTTP/1.1" 200 - 799
0:0:0:0:0:0:0:1 - - [28/Dec/2025:20:47:28 +0700] "OPTIONS /api/v1/users?page=0&size=1&sortBy=id&sortDir=asc HTTP/1.1" 200 - 760
0:0:0:0:0:0:0:1 - - [28/Dec/2025:20:47:28 +0700] "OPTIONS /api/v1/cinemas?page=0&size=1 HTTP/1.1" 200 - 933
0:0:0:0:0:0:0:1 - - [28/Dec/2025:20:47:28 +0700] "OPTIONS /api/v1/bookings?page=0&size=5&sortBy=bookingDate&sortDir=desc HTTP/1.1" 200 - 866
0:0:0:0:0:0:0:1 - - [28/Dec/2025:20:47:28 +0700] "OPTIONS /api/v1/movies/coming-soon?page=0&size=5 HTTP/1.1" 200 - 812
0:0:0:0:0:0:0:1 - - [28/Dec/2025:20:47:28 +0700] "OPTIONS /api/v1/bookings/statistics?startDate=2025-01-01&endDate=2025-12-31 HTTP/1.1" 200 - 2965
0:0:0:0:0:0:0:1 - - [28/Dec/2025:20:47:28 +0700] "OPTIONS /api/v1/showtime?date=2025-12-28 HTTP/1.1" 200 - 2856
0:0:0:0:0:0:0:1 - - [28/Dec/2025:20:47:28 +0700] "OPTIONS /api/v1/users?page=0&size=1&sortBy=id&sortDir=asc HTTP/1.1" 200 - 723
0:0:0:0:0:0:0:1 - - [28/Dec/2025:20:47:28 +0700] "OPTIONS /api/v1/movies?page=0&size=1 HTTP/1.1" 200 - 972
0:0:0:0:0:0:0:1 - - [28/Dec/2025:20:47:28 +0700] "OPTIONS /api/v1/cinemas?page=0&size=1 HTTP/1.1" 200 - 928
0:0:0:0:0:0:0:1 - - [28/Dec/2025:20:47:28 +0700] "OPTIONS /api/v1/bookings?page=0&size=5&sortBy=bookingDate&sortDir=desc HTTP/1.1" 200 - 1278
0:0:0:0:0:0:0:1 - - [28/Dec/2025:20:47:28 +0700] "OPTIONS /api/v1/bookings/statistics?startDate=2025-01-01&endDate=2025-12-31 HTTP/1.1" 200 - 1368
0:0:0:0:0:0:0:1 - - [28/Dec/2025:20:47:28 +0700] "OPTIONS /api/v1/movies/coming-soon?page=0&size=5 HTTP/1.1" 200 - 901
0:0:0:0:0:0:0:1 - - [28/Dec/2025:20:47:28 +0700] "OPTIONS /api/v1/showtime?date=2025-12-28 HTTP/1.1" 200 - 932
0:0:0:0:0:0:0:1 - - [28/Dec/2025:20:47:28 +0700] "GET /api/v1/bookings?page=0&size=5&sortBy=bookingDate&sortDir=desc HTTP/1.1" 200 432 35046
0:0:0:0:0:0:0:1 - - [28/Dec/2025:20:47:28 +0700] "GET /api/v1/bookings/statistics?startDate=2025-01-01&endDate=2025-12-31 HTTP/1.1" 500 287 34047
0:0:0:0:0:0:0:1 - - [28/Dec/2025:20:47:28 +0700] "GET /api/v1/users?page=0&size=1&sortBy=id&sortDir=asc HTTP/1.1" 200 847 43694
0:0:0:0:0:0:0:1 - - [28/Dec/2025:20:47:28 +0700] "GET /api/v1/cinemas?page=0&size=1 HTTP/1.1" 200 727 60261
0:0:0:0:0:0:0:1 - - [28/Dec/2025:20:47:28 +0700] "GET /api/v1/movies?page=0&size=1 HTTP/1.1" 200 704 61406
0:0:0:0:0:0:0:1 - - [28/Dec/2025:20:47:28 +0700] "GET /api/v1/bookings?page=0&size=5&sortBy=bookingDate&sortDir=desc HTTP/1.1" 200 432 22814
0:0:0:0:0:0:0:1 - - [28/Dec/2025:20:47:28 +0700] "GET /api/v1/bookings/statistics?startDate=2025-01-01&endDate=2025-12-31 HTTP/1.1" 500 287 19507
0:0:0:0:0:0:0:1 - - [28/Dec/2025:20:47:28 +0700] "GET /api/v1/cinemas?page=0&size=1 HTTP/1.1" 200 727 18729
0:0:0:0:0:0:0:1 - - [28/Dec/2025:20:47:28 +0700] "GET /api/v1/movies?page=0&size=1 HTTP/1.1" 200 704 18501
0:0:0:0:0:0:0:1 - - [28/Dec/2025:20:47:28 +0700] "GET /api/v1/users?page=0&size=1&sortBy=id&sortDir=asc HTTP/1.1" 200 847 31444
0:0:0:0:0:0:0:1 - - [28/Dec/2025:20:47:28 +0700] "GET /api/v1/movies/coming-soon?page=0&size=5 HTTP/1.1" 200 3113 94286
0:0:0:0:0:0:0:1 - - [28/Dec/2025:20:47:28 +0700] "GET /api/v1/showtime?date=2025-12-28 HTTP/1.1" 200 792 59478
0:0:0:0:0:0:0:1 - - [28/Dec/2025:20:47:28 +0700] "GET /api/v1/movies/coming-soon?page=0&size=5 HTTP/1.1" 200 3113 12171
0:0:0:0:0:0:0:1 - - [28/Dec/2025:20:47:28 +0700] "GET /api/v1/showtime?date=2025-12-28 HTTP/1.1" 200 791 12146
0:0:0:0:0:0:0:1 - - [28/Dec/2025:20:47:32 +0700] "GET /api/v1/cinemas?page=0&size=1 HTTP/1.1" 200 727 17573
0:0:0:0:0:0:0:1 - - [28/Dec/2025:20:47:32 +0700] "GET /api/v1/movies?page=0&size=1 HTTP/1.1" 200 704 21950
0:0:0:0:0:0:0:1 - - [28/Dec/2025:20:47:32 +0700] "GET /api/v1/movies/coming-soon?page=0&size=5 HTTP/1.1" 200 3113 19999
0:0:0:0:0:0:0:1 - - [28/Dec/2025:20:47:32 +0700] "GET /api/v1/bookings?page=0&size=5&sortBy=bookingDate&sortDir=desc HTTP/1.1" 200 433 20850
0:0:0:0:0:0:0:1 - - [28/Dec/2025:20:47:32 +0700] "GET /api/v1/bookings/statistics?startDate=2025-01-01&endDate=2025-12-31 HTTP/1.1" 500 287 22057
0:0:0:0:0:0:0:1 - - [28/Dec/2025:20:47:32 +0700] "GET /api/v1/users?page=0&size=1&sortBy=id&sortDir=asc HTTP/1.1" 200 847 26698
0:0:0:0:0:0:0:1 - - [28/Dec/2025:20:47:32 +0700] "GET /api/v1/movies/coming-soon?page=0&size=5 HTTP/1.1" 200 3113 13706
0:0:0:0:0:0:0:1 - - [28/Dec/2025:20:47:32 +0700] "GET /api/v1/showtime?date=2025-12-28 HTTP/1.1" 200 791 16024
0:0:0:0:0:0:0:1 - - [28/Dec/2025:20:47:32 +0700] "GET /api/v1/movies?page=0&size=1 HTTP/1.1" 200 704 14129
0:0:0:0:0:0:0:1 - - [28/Dec/2025:20:47:32 +0700] "GET /api/v1/cinemas?page=0&size=1 HTTP/1.1" 200 727 14879
0:0:0:0:0:0:0:1 - - [28/Dec/2025:20:47:32 +0700] "GET /api/v1/bookings?page=0&size=5&sortBy=bookingDate&sortDir=desc HTTP/1.1" 200 433 18293
0:0:0:0:0:0:0:1 - - [28/Dec/2025:20:47:32 +0700] "GET /api/v1/bookings/statistics?startDate=2025-01-01&endDate=2025-12-31 HTTP/1.1" 500 287 19884
0:0:0:0:0:0:0:1 - - [28/Dec/2025:20:47:32 +0700] "GET /api/v1/showtime?date=2025-12-28 HTTP/1.1" 200 791 15593
0:0:0:0:0:0:0:1 - - [28/Dec/2025:20:47:32 +0700] "GET /api/v1/users?page=0&size=1&sortBy=id&sortDir=asc HTTP/1.1" 200 847 24912
0:0:0:0:0:0:0:1 - - [28/Dec/2025:20:47:36 +0700] "OPTIONS /api/v1/users?page=0&size=10&sortBy=id&sortDir=desc HTTP/1.1" 200 - 898
0:0:0:0:0:0:0:1 - - [28/Dec/2025:20:47:36 +0700] "OPTIONS /api/v1/roles/all HTTP/1.1" 200 - 1049
0:0:0:0:0:0:0:1 - - [28/Dec/2025:20:47:36 +0700] "OPTIONS /api/v1/users?page=0&size=10&sortBy=id&sortDir=desc HTTP/1.1" 200 - 859
0:0:0:0:0:0:0:1 - - [28/Dec/2025:20:47:36 +0700] "OPTIONS /api/v1/roles/all HTTP/1.1" 200 - 2896
0:0:0:0:0:0:0:1 - - [28/Dec/2025:20:47:36 +0700] "GET /api/v1/users?page=0&size=10&sortBy=id&sortDir=desc HTTP/1.1" 200 1172 32438
0:0:0:0:0:0:0:1 - - [28/Dec/2025:20:47:36 +0700] "GET /api/v1/roles/all HTTP/1.1" 200 353 34100
0:0:0:0:0:0:0:1 - - [28/Dec/2025:20:47:36 +0700] "GET /api/v1/users?page=0&size=10&sortBy=id&sortDir=desc HTTP/1.1" 200 1171 30456
0:0:0:0:0:0:0:1 - - [28/Dec/2025:20:47:36 +0700] "GET /api/v1/roles/all HTTP/1.1" 200 353 31911
0:0:0:0:0:0:0:1 - - [28/Dec/2025:20:47:38 +0700] "OPTIONS /api/v1/permissions/all HTTP/1.1" 200 - 650
0:0:0:0:0:0:0:1 - - [28/Dec/2025:20:47:38 +0700] "OPTIONS /api/v1/permissions/all HTTP/1.1" 200 - 3008
0:0:0:0:0:0:0:1 - - [28/Dec/2025:20:47:38 +0700] "OPTIONS /api/v1/roles?page=0&size=10&sort=id,desc HTTP/1.1" 200 - 2943
0:0:0:0:0:0:0:1 - - [28/Dec/2025:20:47:38 +0700] "OPTIONS /api/v1/roles?page=0&size=10&sort=id,desc HTTP/1.1" 200 - 3778
0:0:0:0:0:0:0:1 - - [28/Dec/2025:20:47:38 +0700] "GET /api/v1/permissions/all HTTP/1.1" 200 124 26395
0:0:0:0:0:0:0:1 - - [28/Dec/2025:20:47:38 +0700] "GET /api/v1/roles?page=0&size=10&sort=id,desc HTTP/1.1" 200 669 34011
0:0:0:0:0:0:0:1 - - [28/Dec/2025:20:47:38 +0700] "GET /api/v1/permissions/all HTTP/1.1" 200 124 21335
0:0:0:0:0:0:0:1 - - [28/Dec/2025:20:47:38 +0700] "GET /api/v1/roles?page=0&size=10&sort=id,desc HTTP/1.1" 200 669 26927
0:0:0:0:0:0:0:1 - - [28/Dec/2025:20:48:01 +0700] "OPTIONS /api/v1/roles/3 HTTP/1.1" 200 - 3547
0:0:0:0:0:0:0:1 - - [28/Dec/2025:20:48:01 +0700] "GET /api/v1/roles/3 HTTP/1.1" 200 193 34728
0:0:0:0:0:0:0:1 - - [28/Dec/2025:20:48:09 +0700] "OPTIONS /api/v1/roles?page=0&size=10&sort=id,desc HTTP/1.1" 200 - 1073
0:0:0:0:0:0:0:1 - - [28/Dec/2025:20:48:09 +0700] "GET /api/v1/roles?page=0&size=10&sort=id,desc HTTP/1.1" 200 669 37331
0:0:0:0:0:0:0:1 - - [28/Dec/2025:20:58:05 +0700] "OPTIONS /api/v1/permissions/all HTTP/1.1" 200 - 1128
0:0:0:0:0:0:0:1 - - [28/Dec/2025:20:58:05 +0700] "OPTIONS /api/v1/roles?page=0&size=10&sort=id,desc HTTP/1.1" 200 - 1112
0:0:0:0:0:0:0:1 - - [28/Dec/2025:20:58:05 +0700] "GET /api/v1/permissions/all HTTP/1.1" 200 124 16972
0:0:0:0:0:0:0:1 - - [28/Dec/2025:20:58:05 +0700] "GET /api/v1/roles?page=0&size=10&sort=id,desc HTTP/1.1" 200 669 21195
0:0:0:0:0:0:0:1 - - [28/Dec/2025:21:00:29 +0700] "OPTIONS /api/v1/roles/3 HTTP/1.1" 200 - 1647
0:0:0:0:0:0:0:1 - - [28/Dec/2025:21:00:29 +0700] "GET /api/v1/roles/3 HTTP/1.1" 200 193 29059
0:0:0:0:0:0:0:1 - - [28/Dec/2025:21:08:43 +0700] "OPTIONS /api/v1/auth/verify HTTP/1.1" 200 - 739
0:0:0:0:0:0:0:1 - - [28/Dec/2025:21:08:43 +0700] "OPTIONS /api/v1/auth/verify HTTP/1.1" 200 - 850
0:0:0:0:0:0:0:1 - - [28/Dec/2025:21:08:43 +0700] "GET /api/v1/auth/verify HTTP/1.1" 200 281 29623
0:0:0:0:0:0:0:1 - - [28/Dec/2025:21:08:43 +0700] "GET /api/v1/auth/verify HTTP/1.1" 200 281 26417
0:0:0:0:0:0:0:1 - - [28/Dec/2025:21:23:57 +0700] "OPTIONS /api/v1/roles/all HTTP/1.1" 200 - 1611
0:0:0:0:0:0:0:1 - - [28/Dec/2025:21:23:57 +0700] "OPTIONS /api/v1/users?page=0&size=10&sortBy=id&sortDir=desc HTTP/1.1" 200 - 2318
0:0:0:0:0:0:0:1 - - [28/Dec/2025:21:23:57 +0700] "OPTIONS /api/v1/roles/all HTTP/1.1" 200 - 4051
0:0:0:0:0:0:0:1 - - [28/Dec/2025:21:23:57 +0700] "OPTIONS /api/v1/users?page=0&size=10&sortBy=id&sortDir=desc HTTP/1.1" 200 - 1898
0:0:0:0:0:0:0:1 - - [28/Dec/2025:21:23:57 +0700] "GET /api/v1/roles/all HTTP/1.1" 200 353 104244
0:0:0:0:0:0:0:1 - - [28/Dec/2025:21:23:57 +0700] "GET /api/v1/users?page=0&size=10&sortBy=id&sortDir=desc HTTP/1.1" 200 1172 101652
0:0:0:0:0:0:0:1 - - [28/Dec/2025:21:23:57 +0700] "GET /api/v1/users?page=0&size=10&sortBy=id&sortDir=desc HTTP/1.1" 200 1172 33523
0:0:0:0:0:0:0:1 - - [28/Dec/2025:21:23:57 +0700] "GET /api/v1/roles/all HTTP/1.1" 200 353 36111
0:0:0:0:0:0:0:1 - - [28/Dec/2025:21:28:47 +0700] "OPTIONS /api/v1/auth/verify HTTP/1.1" 200 - 1578
0:0:0:0:0:0:0:1 - - [28/Dec/2025:21:28:47 +0700] "OPTIONS /api/v1/movies?page=0&size=20 HTTP/1.1" 200 - 1226
0:0:0:0:0:0:0:1 - - [28/Dec/2025:21:28:47 +0700] "OPTIONS /api/v1/movies/coming-soon?page=0&size=12 HTTP/1.1" 200 - 1312
0:0:0:0:0:0:0:1 - - [28/Dec/2025:21:28:47 +0700] "OPTIONS /api/v1/movies/now-showing?page=0&size=12 HTTP/1.1" 200 - 1246
0:0:0:0:0:0:0:1 - - [28/Dec/2025:21:28:47 +0700] "OPTIONS /api/v1/auth/verify HTTP/1.1" 200 - 1171
0:0:0:0:0:0:0:1 - - [28/Dec/2025:21:28:47 +0700] "OPTIONS /api/v1/movies/top-rated?page=0&size=10 HTTP/1.1" 200 - 1782
0:0:0:0:0:0:0:1 - - [28/Dec/2025:21:28:47 +0700] "OPTIONS /api/v1/movies?page=0&size=20 HTTP/1.1" 200 - 868
0:0:0:0:0:0:0:1 - - [28/Dec/2025:21:28:47 +0700] "OPTIONS /api/v1/movies/coming-soon?page=0&size=12 HTTP/1.1" 200 - 1045
0:0:0:0:0:0:0:1 - - [28/Dec/2025:21:28:47 +0700] "OPTIONS /api/v1/movies/now-showing?page=0&size=12 HTTP/1.1" 200 - 1046
0:0:0:0:0:0:0:1 - - [28/Dec/2025:21:28:47 +0700] "OPTIONS /api/v1/movies/top-rated?page=0&size=10 HTTP/1.1" 200 - 670
0:0:0:0:0:0:0:1 - - [28/Dec/2025:21:28:47 +0700] "OPTIONS /api/v1/auth/verify HTTP/1.1" 200 - 695
0:0:0:0:0:0:0:1 - - [28/Dec/2025:21:28:47 +0700] "GET /api/v1/auth/verify HTTP/1.1" 200 281 30179
0:0:0:0:0:0:0:1 - - [28/Dec/2025:21:28:47 +0700] "GET /api/v1/auth/verify HTTP/1.1" 200 281 17482
0:0:0:0:0:0:0:1 - - [28/Dec/2025:21:28:47 +0700] "GET /api/v1/auth/verify HTTP/1.1" 200 281 18105
0:0:0:0:0:0:0:1 - - [28/Dec/2025:21:28:47 +0700] "GET /api/v1/movies/top-rated?page=0&size=10 HTTP/1.1" 404 165 89827
0:0:0:0:0:0:0:1 - - [28/Dec/2025:21:28:47 +0700] "GET /api/v1/movies/top-rated?page=0&size=10 HTTP/1.1" 404 165 25929
0:0:0:0:0:0:0:1 - - [28/Dec/2025:21:28:47 +0700] "GET /api/v1/movies/coming-soon?page=0&size=12 HTTP/1.1" 200 5956 139169
0:0:0:0:0:0:0:1 - - [28/Dec/2025:21:28:47 +0700] "GET /api/v1/movies/now-showing?page=0&size=12 HTTP/1.1" 200 7097 148190
0:0:0:0:0:0:0:1 - - [28/Dec/2025:21:28:47 +0700] "GET /api/v1/movies/coming-soon?page=0&size=12 HTTP/1.1" 200 5956 17189
0:0:0:0:0:0:0:1 - - [28/Dec/2025:21:28:47 +0700] "GET /api/v1/movies/now-showing?page=0&size=12 HTTP/1.1" 200 7096 21769
0:0:0:0:0:0:0:1 - - [28/Dec/2025:21:28:47 +0700] "GET /api/v1/movies?page=0&size=20 HTTP/1.1" 200 11204 194819
0:0:0:0:0:0:0:1 - - [28/Dec/2025:21:28:47 +0700] "GET /api/v1/movies?page=0&size=20 HTTP/1.1" 200 11204 20590
0:0:0:0:0:0:0:1 - - [28/Dec/2025:21:28:49 +0700] "OPTIONS /api/v1/movies?page=0&size=1 HTTP/1.1" 200 - 1167
0:0:0:0:0:0:0:1 - - [28/Dec/2025:21:28:49 +0700] "OPTIONS /api/v1/cinemas?page=0&size=1 HTTP/1.1" 200 - 1099
0:0:0:0:0:0:0:1 - - [28/Dec/2025:21:28:49 +0700] "OPTIONS /api/v1/bookings?page=0&size=5&sortBy=bookingDate&sortDir=desc HTTP/1.1" 200 - 867
0:0:0:0:0:0:0:1 - - [28/Dec/2025:21:28:49 +0700] "OPTIONS /api/v1/movies/coming-soon?page=0&size=5 HTTP/1.1" 200 - 779
0:0:0:0:0:0:0:1 - - [28/Dec/2025:21:28:49 +0700] "OPTIONS /api/v1/users?page=0&size=1&sortBy=id&sortDir=asc HTTP/1.1" 200 - 1251
0:0:0:0:0:0:0:1 - - [28/Dec/2025:21:28:49 +0700] "OPTIONS /api/v1/bookings/statistics?startDate=2025-01-01&endDate=2025-12-31 HTTP/1.1" 200 - 6070
0:0:0:0:0:0:0:1 - - [28/Dec/2025:21:28:49 +0700] "OPTIONS /api/v1/showtime?date=2025-12-28 HTTP/1.1" 200 - 1431
0:0:0:0:0:0:0:1 - - [28/Dec/2025:21:28:49 +0700] "OPTIONS /api/v1/bookings?page=0&size=5&sortBy=bookingDate&sortDir=desc HTTP/1.1" 200 - 533
0:0:0:0:0:0:0:1 - - [28/Dec/2025:21:28:49 +0700] "OPTIONS /api/v1/movies?page=0&size=1 HTTP/1.1" 200 - 929
0:0:0:0:0:0:0:1 - - [28/Dec/2025:21:28:49 +0700] "OPTIONS /api/v1/cinemas?page=0&size=1 HTTP/1.1" 200 - 1002
0:0:0:0:0:0:0:1 - - [28/Dec/2025:21:28:49 +0700] "OPTIONS /api/v1/users?page=0&size=1&sortBy=id&sortDir=asc HTTP/1.1" 200 - 1390
0:0:0:0:0:0:0:1 - - [28/Dec/2025:21:28:49 +0700] "OPTIONS /api/v1/movies/coming-soon?page=0&size=5 HTTP/1.1" 200 - 681
0:0:0:0:0:0:0:1 - - [28/Dec/2025:21:28:49 +0700] "OPTIONS /api/v1/bookings/statistics?startDate=2025-01-01&endDate=2025-12-31 HTTP/1.1" 200 - 1397
0:0:0:0:0:0:0:1 - - [28/Dec/2025:21:28:49 +0700] "OPTIONS /api/v1/showtime?date=2025-12-28 HTTP/1.1" 200 - 890
0:0:0:0:0:0:0:1 - - [28/Dec/2025:21:28:49 +0700] "GET /api/v1/bookings?page=0&size=5&sortBy=bookingDate&sortDir=desc HTTP/1.1" 200 433 33037
0:0:0:0:0:0:0:1 - - [28/Dec/2025:21:28:49 +0700] "GET /api/v1/users?page=0&size=1&sortBy=id&sortDir=asc HTTP/1.1" 200 847 34214
0:0:0:0:0:0:0:1 - - [28/Dec/2025:21:28:49 +0700] "GET /api/v1/bookings/statistics?startDate=2025-01-01&endDate=2025-12-31 HTTP/1.1" 500 287 46436
0:0:0:0:0:0:0:1 - - [28/Dec/2025:21:28:49 +0700] "GET /api/v1/movies?page=0&size=1 HTTP/1.1" 200 704 51257
0:0:0:0:0:0:0:1 - - [28/Dec/2025:21:28:49 +0700] "GET /api/v1/cinemas?page=0&size=1 HTTP/1.1" 200 727 60792
0:0:0:0:0:0:0:1 - - [28/Dec/2025:21:28:49 +0700] "GET /api/v1/bookings?page=0&size=5&sortBy=bookingDate&sortDir=desc HTTP/1.1" 200 433 23997
0:0:0:0:0:0:0:1 - - [28/Dec/2025:21:28:50 +0700] "GET /api/v1/bookings/statistics?startDate=2025-01-01&endDate=2025-12-31 HTTP/1.1" 500 287 26490
0:0:0:0:0:0:0:1 - - [28/Dec/2025:21:28:50 +0700] "GET /api/v1/movies?page=0&size=1 HTTP/1.1" 200 704 19739
0:0:0:0:0:0:0:1 - - [28/Dec/2025:21:28:50 +0700] "GET /api/v1/cinemas?page=0&size=1 HTTP/1.1" 200 727 18122
0:0:0:0:0:0:0:1 - - [28/Dec/2025:21:28:50 +0700] "GET /api/v1/users?page=0&size=1&sortBy=id&sortDir=asc HTTP/1.1" 200 847 32521
0:0:0:0:0:0:0:1 - - [28/Dec/2025:21:28:50 +0700] "GET /api/v1/showtime?date=2025-12-28 HTTP/1.1" 200 792 53382
0:0:0:0:0:0:0:1 - - [28/Dec/2025:21:28:50 +0700] "GET /api/v1/movies/coming-soon?page=0&size=5 HTTP/1.1" 200 3113 88101
0:0:0:0:0:0:0:1 - - [28/Dec/2025:21:28:50 +0700] "GET /api/v1/movies/coming-soon?page=0&size=5 HTTP/1.1" 200 3113 14543
0:0:0:0:0:0:0:1 - - [28/Dec/2025:21:28:50 +0700] "GET /api/v1/showtime?date=2025-12-28 HTTP/1.1" 200 791 14582
0:0:0:0:0:0:0:1 - - [28/Dec/2025:21:28:51 +0700] "OPTIONS /api/v1/roles/all HTTP/1.1" 200 - 1290
0:0:0:0:0:0:0:1 - - [28/Dec/2025:21:28:51 +0700] "OPTIONS /api/v1/users?page=0&size=10&sortBy=id&sortDir=desc HTTP/1.1" 200 - 3207
0:0:0:0:0:0:0:1 - - [28/Dec/2025:21:28:51 +0700] "OPTIONS /api/v1/users?page=0&size=10&sortBy=id&sortDir=desc HTTP/1.1" 200 - 1515
0:0:0:0:0:0:0:1 - - [28/Dec/2025:21:28:51 +0700] "OPTIONS /api/v1/roles/all HTTP/1.1" 200 - 4076
0:0:0:0:0:0:0:1 - - [28/Dec/2025:21:28:51 +0700] "GET /api/v1/users?page=0&size=10&sortBy=id&sortDir=desc HTTP/1.1" 200 1172 35567
0:0:0:0:0:0:0:1 - - [28/Dec/2025:21:28:51 +0700] "GET /api/v1/roles/all HTTP/1.1" 200 353 40266
0:0:0:0:0:0:0:1 - - [28/Dec/2025:21:28:51 +0700] "GET /api/v1/users?page=0&size=10&sortBy=id&sortDir=desc HTTP/1.1" 200 1172 31796
0:0:0:0:0:0:0:1 - - [28/Dec/2025:21:28:51 +0700] "GET /api/v1/roles/all HTTP/1.1" 200 353 29179
0:0:0:0:0:0:0:1 - - [28/Dec/2025:21:29:27 +0700] "OPTIONS /api/v1/users?page=0&size=10&sortBy=id&sortDir=desc HTTP/1.1" 200 - 1115
0:0:0:0:0:0:0:1 - - [28/Dec/2025:21:29:27 +0700] "OPTIONS /api/v1/users?page=0&size=10&sortBy=id&sortDir=desc HTTP/1.1" 200 - 836
0:0:0:0:0:0:0:1 - - [28/Dec/2025:21:29:27 +0700] "OPTIONS /api/v1/roles/all HTTP/1.1" 200 - 1453
0:0:0:0:0:0:0:1 - - [28/Dec/2025:21:29:27 +0700] "OPTIONS /api/v1/roles/all HTTP/1.1" 200 - 4278
0:0:0:0:0:0:0:1 - - [28/Dec/2025:21:29:28 +0700] "GET /api/v1/users?page=0&size=10&sortBy=id&sortDir=desc HTTP/1.1" 200 1172 49314
0:0:0:0:0:0:0:1 - - [28/Dec/2025:21:29:28 +0700] "GET /api/v1/roles/all HTTP/1.1" 200 353 57399
0:0:0:0:0:0:0:1 - - [28/Dec/2025:21:29:28 +0700] "GET /api/v1/users?page=0&size=10&sortBy=id&sortDir=desc HTTP/1.1" 200 1172 31732
0:0:0:0:0:0:0:1 - - [28/Dec/2025:21:29:28 +0700] "GET /api/v1/roles/all HTTP/1.1" 200 353 33054
0:0:0:0:0:0:0:1 - - [28/Dec/2025:21:41:21 +0700] "OPTIONS /api/v1/auth/verify HTTP/1.1" 200 - 5199
0:0:0:0:0:0:0:1 - - [28/Dec/2025:21:41:21 +0700] "OPTIONS /api/v1/auth/verify HTTP/1.1" 200 - 8455
0:0:0:0:0:0:0:1 - - [28/Dec/2025:21:41:21 +0700] "GET /api/v1/auth/verify HTTP/1.1" 200 281 38442
0:0:0:0:0:0:0:1 - - [28/Dec/2025:21:41:21 +0700] "GET /api/v1/auth/verify HTTP/1.1" 200 281 30890
